Initial Bounding Box: [-30 -30 -30] to [30 30 30]

New position of object Informational Sign:1: (19.313894766234135, -2.063772486215667, 0.913133543583652)
New position of object Pedestrian:2: (-0.9511252894312321, 0.018495469354174787, -0.02992110019559925)
New position of object Pedestrian:1: (-1.4944016952917032, 1.464684585950958, 0.07645476448514649)
New position of object Railing:2: (15.546896826590952, -10.907316906278835, 0.02201739639195515)
New position of object Bollard:4: (14.290648543084025, 11.453447866115802, -0.8059830938111084)
New position of object Railing:1: (19.03826018162291, -2.654384820237251, -0.156754582429708)
New position of object Bollard:1: (9.57452785809916, 6.635315479967467, -0.7099278868242827)
New position of object Fence:1: (5.144014717251348, 7.727355037403855, 0.33530618643372695)
New position of object Fence:2: (8.376499665436377, 9.22054935625025, 0.3091224441131742)
New position of object Bollard:3: (11.742514035689766, 8.956528849352239, -0.7451989198902605)
New position of object Bollard:2: (7.32970010888215, 4.322314613046663, -0.5938982779998352)
New position of object Fence:5: (-2.3478112917017953, -8.62971731878927, 1.7498164687109465)
New position of object Fence:8: (1.4313049148357813, -6.490599549310776, 0.7067746242249914)
New position of object Fence:9: (5.552104013824508, -10.088397684133044, 1.3273922869186676)
New position of object Fence:6: (-7.326226331033709, -5.1255054443044195, 1.0364060832524538)
New position of object Fence:7: (-5.752881425824299, -3.7690396794525114, 0.927513084656638)
New position of object Fence:4: (-0.5112776873430782, -7.530251805934046, 1.4122467543843036)

After Updating position of all the atoms:
Atom 0: [(14, 25.019053939966636), (13, 26.721112339803536), (1, 20.359117835115395), (9, 13.548338152563911), (4, 1.244274097417538), (12, 15.85575078942905), (2, 21.1188715339483), (7, 15.644494959070029), (15, 20.479907970172476), (6, 17.164127008002247), (10, 22.5972841294377), (5, 13.080110631660299), (8, 13.377069636791274), (11, 18.327868960539657), (3, 14.51104628749981), (16, 9.653633480441037)]
Atom 1: [(9, 9.484016803028524), (15, 7.713382787886809), (2, 1.546839111092197), (7, 13.17185954061592), (8, 15.63841824302797), (4, 20.271852142831836), (6, 9.880568782261966), (13, 8.186493669562728), (0, 20.39353401832223), (14, 6.088032003546921), (3, 19.12197817006174), (10, 8.926764816292271), (5, 12.535214897612843), (12, 12.14448672082443), (11, 7.009124370621139), (16, 19.78789547717797)]
Atom 2: [(6, 9.185082550280175), (7, 12.628821578414067), (3, 18.75459851654246), (5, 12.333140195527928), (10, 10.259117955360479), (1, 1.548524471461214), (12, 13.638023099093838), (15, 9.166540198912486), (8, 15.338471344863496), (4, 21.04815055038771), (13, 8.790618910914912), (11, 8.538237249511301), (9, 9.439972029689207), (0, 21.12191379397864), (14, 6.710422114121374), (16, 21.05885181254432)]
Atom 3: [(13, 27.23059275287988), (8, 3.489981201457493), (10, 26.16734531401704), (2, 18.70085290752723), (12, 23.309560359019212), (6, 9.875426185693751), (15, 24.12206928375112), (1, 19.07018820294351), (11, 22.073613880241293), (5, 6.676160919276134), (0, 14.52252081027407), (4, 14.962582806666026), (7, 6.3348102164804), (14, 25.12653345627648), (9, 9.855368954069442), (16, 22.41132628310863)]
Atom 4: [(10, 22.233627411917343), (8, 13.632919130539321), (11, 17.944816228261633), (7, 15.888108971760092), (14, 24.73375802472794), (9, 13.525222028650136), (1, 20.16769464478011), (15, 20.118176384794676), (13, 26.410401311489885), (3, 14.899404586644124), (2, 20.943049518257528), (0, 1.2527800906450441), (5, 13.195358830237751), (12, 15.389900854842812), (6, 17.28595707025337), (16, 8.962838027884166)]
Atom 5: [(2, 12.242345485010954), (0, 13.159168956341608), (10, 19.48826336118166), (16, 18.545858999582734), (1, 12.451268628731372), (12, 17.299210859938558), (11, 15.463325210678791), (3, 6.7428050994065405), (8, 3.253330687634581), (9, 3.114202940104715), (15, 17.470079639244304), (4, 13.27278274754871), (6, 4.613030892768245), (7, 2.985622632004705), (13, 20.586506263841542), (14, 18.493193873927257)]
Atom 6: [(7, 3.648749139680963), (2, 9.129984540428696), (13, 17.85902229631755), (16, 21.34406485408669), (14, 15.757741580518868), (12, 17.849899960549372), (15, 16.282150315513356), (8, 6.926089853721739), (5, 4.681293769261926), (1, 9.834156726017348), (3, 9.942193889340867), (11, 14.67830614324173), (0, 17.233269081663266), (10, 18.020344635260475), (9, 4.213185965150867), (4, 17.351446720553252)]
Atom 7: [(10, 20.84240142436441), (1, 13.10714818566364), (15, 18.956985369008038), (13, 21.21469636210371), (2, 12.555567142010617), (16, 21.36885642797427), (8, 3.6685303951224326), (6, 3.5607967931966895), (11, 17.145929599790573), (14, 19.105944182648564), (9, 5.044552836442165), (5, 3.026081512860931), (3, 6.41922526969183), (12, 19.527322929965106), (0, 15.726644920121766), (4, 15.965720791880505)]
Atom 8: [(12, 20.10401973835163), (1, 15.541188576732637), (13, 23.69624119472635), (4, 13.72543240873845), (3, 3.5680931545922596), (10, 22.635417528978753), (0, 13.473043986159544), (5, 3.1763878255351745), (7, 3.5371391133809063), (11, 18.577810895594165), (15, 20.604701891825886), (9, 6.290034901420763), (2, 15.232162791711852), (14, 21.59573772873608), (6, 6.798422817110171), (16, 20.23942483123415)]
Atom 9: [(2, 9.299472846551687), (13, 17.433407216858615), (16, 17.315985395868132), (7, 5.089591273932942), (6, 4.151498748574804), (0, 13.662875793036173), (4, 13.636561464311297), (3, 9.967589705929095), (12, 14.635143693373557), (8, 6.40091870162721), (5, 3.22531975223466), (11, 12.342425313873607), (10, 16.30166549375033), (14, 15.351972421068199), (1, 9.349491898282492), (15, 14.30731449411507)]
Atom 10: [(13, 6.052503100622117), (11, 4.5472023642353685), (0, 22.650412340662093), (15, 2.24460487370607), (2, 10.2676870397786), (4, 22.28684959126014), (3, 26.20503731960235), (5, 19.524695630011315), (14, 5.960397015271057), (16, 18.121625979865367), (8, 22.672415484627145), (7, 20.87387039214175), (12, 8.135379826710965), (9, 16.337146534376174), (6, 18.046664854006462), (1, 8.939227149598768)]
Atom 11: [(7, 17.18237635814177), (9, 12.385553219224457), (6, 14.699402556128168), (15, 2.2391218688900474), (12, 5.574900646578931), (8, 18.62909113380399), (0, 18.42352847973171), (13, 8.77214868015501), (16, 14.806289869228566), (14, 7.598358863675162), (3, 22.12781037766556), (5, 15.5115689491533), (2, 8.499623989734673), (10, 4.4660363213438234), (1, 6.970438453253297), (4, 18.040706746271038)]
Atom 12: [(16, 10.112888591660905), (3, 23.34447602144309), (1, 12.094774913886184), (15, 6.489229713796801), (14, 12.882095240644883), (5, 17.320887652439698), (9, 14.646495629470397), (4, 15.470735191729306), (13, 13.713329185581827), (8, 20.132710627613044), (6, 17.84801996692357), (2, 13.590136030701414), (7, 19.54097029520126), (10, 8.044554209655812), (11, 5.50547935391681), (0, 15.935906142626065)]
Atom 13: [(15, 7.331033961980493), (3, 27.3046767069694), (1, 8.260733160714107), (10, 6.12968771987667), (7, 21.281772331093453), (4, 26.506908884079145), (6, 17.921899325403853), (8, 23.771719866439085), (11, 8.869413302845015), (0, 26.81576881058566), (16, 23.614361968380912), (5, 20.66402872891266), (14, 2.179734196473409), (9, 17.51329140848825), (12, 13.80457767648729), (2, 8.852247723111224)]
Atom 14: [(3, 25.228401251174652), (5, 18.597346439084706), (13, 2.0802094238578164), (1, 6.190231394314613), (16, 22.482337018436382), (15, 6.553669096528222), (6, 15.851187528038482), (11, 7.685580457614346), (10, 5.991399885441513), (8, 21.698546545476912), (0, 25.124717145358648), (4, 24.839863003437866), (12, 12.957503029457225), (2, 6.800795509788776), (7, 19.202896664900216), (9, 15.457640390221503)]
Atom 15: [(6, 16.307565721291226), (11, 2.313481123204027), (8, 20.654876417070046), (1, 7.697850314212251), (4, 20.209410554176667), (16, 16.468220155188323), (10, 2.166941025022922), (14, 6.46962851655485), (12, 6.581482224305504), (9, 14.352312754681936), (2, 9.146570600467749), (0, 20.57107126437953), (7, 18.99470476452649), (5, 17.518287451679328), (13, 7.23654519021256), (3, 24.174333848712696)]
Atom 16: [(13, 23.517965360135836), (8, 20.190310414548158), (10, 18.06855702987236), (12, 10.021529241310986), (5, 18.50696198844923), (11, 14.71078547989442), (1, 19.78789547717797), (15, 16.37275931090372), (9, 17.26628339085591), (2, 21.05885181254432), (0, 9.653633480441037), (6, 21.301490904274246), (3, 22.417436927504205), (4, 8.972924735368697), (7, 21.322283679643544), (14, 22.392233012938753)]
New position of object Informational Sign:1: (19.22275175712054, -2.0700728119172958, 0.9003870652199484)
New position of object Pedestrian:2: (-0.9781073103374993, 0.019099145628738157, -0.025339964763426065)
New position of object Pedestrian:1: (-1.4988376624081852, 1.465320090565326, 0.07747086999826598)
New position of object Railing:2: (15.45697472533304, -10.88450570983611, -0.005403002361732953)
New position of object Bollard:4: (14.168516848780428, 11.459041922079631, -0.7915091258816405)
New position of object Railing:1: (18.94942934336421, -2.683563270385955, -0.14144649920604402)
New position of object Bollard:1: (9.474410536177004, 6.649698780888496, -0.7051759970710454)
New position of object Fence:1: (5.061712099765426, 7.733533047460106, 0.306023374423539)
New position of object Fence:2: (8.271822337793864, 9.23309407655586, 0.28388756846114505)
New position of object Bollard:3: (11.632057741130922, 8.97181597453851, -0.7312293161704664)
New position of object Bollard:2: (7.2787240815979715, 4.3482817508269225, -0.5790508439649087)
New position of object Fence:5: (-2.410626859283166, -8.63151911665271, 1.7537723264834744)
New position of object Fence:8: (1.3317163478851413, -6.486640263413912, 0.702710952746624)
New position of object Fence:9: (5.459551623430844, -10.087818254629122, 1.3311623465403277)
New position of object Fence:6: (-7.421601765685963, -5.119965529881366, 1.0691567945653064)
New position of object Fence:7: (-5.82549387436115, -3.7898212402394673, 0.9309879653071762)
New position of object Fence:4: (-0.6087060829019464, -7.522293527421899, 1.4053355810860328)

After Updating position of all the atoms:
Atom 0: [(6, 17.16157759356663), (3, 14.49561839876898), (11, 18.333415479805257), (5, 13.09446921272141), (2, 21.032684599660005), (14, 25.033367275037694), (4, 1.221886299003278), (10, 22.5619072024346), (1, 20.30302701169362), (7, 15.667448012770047), (12, 15.854415061333441), (8, 13.42564165318809), (13, 26.724565614236223), (9, 13.584556790174082), (16, 9.611468458500168), (15, 20.57348788598672)]
Atom 1: [(12, 12.109295464501603), (7, 13.125822745744188), (11, 6.9797876859630446), (8, 15.563099114677641), (9, 9.37339778465718), (16, 19.810718618579727), (14, 6.168986346702335), (3, 19.0915855723936), (4, 20.194547627780334), (2, 1.5383885478349142), (0, 20.32969053049112), (13, 8.23971335412608), (5, 12.474016522513043), (10, 8.934724147675666), (6, 9.850261552880092), (15, 7.684783226185654)]
Atom 2: [(7, 12.558643666966828), (14, 6.798380859421016), (1, 1.5405470420877558), (5, 12.246153399310577), (9, 9.303560254734323), (10, 10.267778548500079), (13, 8.849689071912927), (11, 8.501671368279771), (16, 21.062817608593267), (12, 13.592883302945422), (8, 15.235760205636032), (6, 9.13274594324055), (0, 21.037121050913964), (4, 20.9475348900524), (3, 18.704305974836974), (15, 9.128677750146288)]
Atom 3: [(2, 18.60364479499077), (10, 26.130550680370515), (16, 22.39446823027449), (11, 22.060622180652878), (6, 9.830403779871022), (0, 14.541139869893303), (12, 23.30288537762959), (8, 3.4857145556505724), (9, 9.886422059198688), (14, 25.133873872498643), (7, 6.306322373007537), (13, 27.210521305660173), (4, 14.943430926963929), (5, 6.661811100098749), (1, 18.996829454661494), (15, 24.15540394374879)]
Atom 4: [(8, 13.70386404608078), (6, 17.297513871468023), (2, 20.86606770564779), (5, 13.230776625364127), (9, 13.575903101170875), (7, 15.927892257757472), (11, 17.947080202547955), (0, 1.2395534923746703), (12, 15.377821239049554), (14, 24.74924425036325), (1, 20.11031033939814), (16, 8.914662303599364), (10, 22.192478055617492), (13, 26.415156622785435), (3, 14.942991244373472), (15, 20.207090504484682)]
Atom 5: [(3, 6.721002078029419), (16, 18.539932136985925), (11, 15.471024297042094), (1, 12.396860807705908), (4, 13.31178248248799), (7, 2.973799302023767), (8, 3.235330011547735), (9, 3.166841109438519), (13, 20.590044726308506), (0, 13.177344419026278), (6, 4.58216915117353), (12, 17.311259213492715), (10, 19.47440559559424), (14, 18.522586353925067), (2, 12.161516951061799), (15, 17.520526985861192)]
Atom 6: [(13, 17.87034830100712), (10, 18.0205865036733), (9, 4.1940481395997065), (16, 21.325802179774257), (1, 9.803147994136287), (8, 6.87269245278432), (3, 9.90039831020839), (2, 9.076538057112904), (14, 15.800343727956262), (5, 4.655011103855182), (11, 14.685584973814498), (4, 17.36619748883557), (7, 3.6330488177792986), (12, 17.857908435382075), (0, 17.233658933033933), (15, 16.31264461014577)]
Atom 7: [(9, 5.076795960611424), (10, 20.8328009857286), (6, 3.543159750023038), (11, 17.15243578375517), (3, 6.393928996876206), (12, 19.539851936940234), (1, 13.059652474313184), (14, 19.135361289285232), (5, 3.01635481421366), (0, 15.750063761307581), (2, 12.483858273401854), (8, 3.6305933657253817), (16, 21.364173867293935), (4, 16.00621512909737), (13, 21.21402334755636), (15, 18.996432413359564)]
Atom 8: [(16, 20.23438471036915), (2, 15.14667919201764), (7, 3.5199304683328236), (14, 21.61751463482494), (10, 22.61429416625598), (11, 18.579814514357686), (13, 23.691254526773204), (3, 3.5529637451511906), (12, 20.11207361126898), (4, 13.77460112959256), (0, 13.498300472017233), (9, 6.336166342539376), (5, 3.169913011034619), (1, 15.481139525898914), (6, 6.765994354021361), (15, 20.650831867472096)]
Atom 9: [(2, 9.262185425982565), (3, 9.903398058714421), (8, 6.352302020248854), (1, 9.339361991150556), (7, 5.058883108720053), (11, 12.382528250924295), (13, 17.48333267594481), (5, 3.1833106834434686), (6, 4.1422729075957365), (0, 13.639787715865738), (4, 13.632450376653725), (12, 14.664019073143871), (16, 17.29886323605288), (10, 16.3255096736488), (14, 15.426710089146544), (15, 14.389576141094697)]
Atom 10: [(14, 5.957942278963777), (8, 22.65501335871299), (0, 22.622641631222933), (6, 18.048455858638974), (7, 20.866712404999493), (9, 16.36462086818879), (4, 22.253584747780334), (2, 10.27557823623409), (5, 19.514511553752296), (12, 8.106132126733746), (3, 26.17206729731926), (1, 8.947097245626349), (13, 6.08028489170489), (16, 18.094801264818063), (11, 4.521081788615074), (15, 2.144459852200991)]
Atom 11: [(12, 5.583417890305313), (7, 17.188674524163176), (3, 22.114783513430595), (9, 12.425994903549174), (0, 18.42916959370597), (16, 14.810994905404417), (14, 7.5912722614662815), (8, 18.63107851877944), (1, 6.941900944910037), (6, 14.706582143215142), (2, 8.463842781947243), (13, 8.77063349293311), (10, 4.439636019615949), (4, 18.043275966676834), (5, 15.519311124994333), (15, 2.3090037378707637)]
Atom 12: [(11, 5.513842411677498), (16, 10.117785652583159), (2, 13.544959556781109), (13, 13.718146652632484), (3, 23.337073358731597), (8, 20.14008312031314), (5, 17.332346709351324), (4, 15.458601799096023), (6, 17.85524428371733), (7, 19.552577946168647), (14, 12.876666893756289), (9, 14.675124743362899), (0, 15.934098256478746), (1, 12.05957422149451), (10, 8.014930799713307), (15, 6.5887153820074795)]
Atom 13: [(5, 20.667570891335792), (4, 26.51099579531965), (11, 8.86694199708301), (6, 17.93398793793582), (0, 26.818872151172297), (2, 8.9122703223658), (16, 23.61808342137211), (9, 17.56313966819923), (14, 2.151671714407578), (3, 27.284772081628592), (12, 13.808414834368385), (7, 21.281694667368193), (10, 6.157075322903627), (1, 8.314236566959305), (8, 23.766817976282688), (15, 7.231856163445921)]
Atom 14: [(0, 25.107231633273397), (2, 6.860390354429441), (4, 24.82278676580708), (12, 12.929700608130556), (10, 5.981666085809906), (8, 21.68844067931162), (1, 6.238557054062465), (5, 18.594291751903906), (6, 15.865356242541795), (7, 19.202848399586696), (9, 15.499337590232463), (13, 2.082290771577028), (11, 7.6518364726153125), (3, 25.204271240593066), (16, 22.453392738391162), (15, 6.4320470999750725)]
Atom 15: [(11, 2.3090037378707637), (10, 2.144459852200991), (5, 17.520526985861192), (1, 7.684783226185654), (0, 20.57348788598672), (7, 18.996432413359564), (6, 16.31264461014577), (3, 24.15540394374879), (12, 6.5887153820074795), (16, 16.474245170644167), (14, 6.4320470999750725), (2, 9.128677750146288), (4, 20.207090504484682), (8, 20.650831867472096), (13, 7.231856163445921), (9, 14.389576141094697)]
Atom 16: [(12, 10.02579648124858), (6, 21.280850249796735), (8, 20.199286338715126), (5, 18.494422699326062), (0, 9.627863709649269), (11, 14.715061058398888), (10, 18.03261687033891), (3, 22.38270348299346), (14, 22.39102916812328), (9, 17.252428922128498), (4, 8.976825868737453), (2, 20.97676426685631), (1, 19.723106191617156), (7, 21.317722498913053), (13, 23.522876112501493), (15, 16.474245170644167)]
New position of object Informational Sign:1: (19.14743271230295, -2.027328747861768, 0.7774385550840572)
New position of object Pedestrian:2: (-0.9938616402568954, 0.01279160724049433, -0.023548016977831)
New position of object Pedestrian:1: (-1.5075323595967411, 1.4654354254196935, 0.08139206131449847)
New position of object Bollard:4: (14.085276393444182, 11.474920291720396, -0.8448557504509637)
New position of object Railing:1: (18.80257425656079, -2.659337252153936, -0.1568860041600258)
New position of object Bollard:1: (9.37588695293472, 6.659993101192846, -0.7298600858221368)
New position of object Fence:1: (4.970827222266998, 7.7421491075927324, 0.2880470939714189)
New position of object Fence:2: (8.160785917059009, 9.244886743461924, 0.27127278236608976)
New position of object Bollard:3: (11.49009241442608, 8.991368525562809, -0.7806353299238122)
New position of object Bollard:2: (7.16195953657088, 4.357555017593079, -0.6051909886189297)
New position of object Fence:5: (-2.489008732932767, -8.629251654596471, 1.764742162462032)
New position of object Fence:8: (1.2314504078081399, -6.4819234338208, 0.7056982282319985)
New position of object Fence:9: (5.367114818550132, -10.08420784424465, 1.3479535193337502)
New position of object Fence:6: (-7.516620444972723, -5.119218911194311, 1.0874559734258278)
New position of object Fence:7: (-5.880925712594703, -3.8027461559257, 0.9115222233858318)
New position of object Fence:4: (-0.7073459630142729, -7.514311260288288, 1.4032870515521183)

After Updating position of all the atoms:
Atom 0: [(13, 26.750011119424048), (7, 15.662682266431622), (4, 1.146385112281803), (5, 13.078849745477479), (6, 17.143633816504472), (11, 18.365478294470627), (15, 20.515699176466505), (12, 15.894533331590267), (8, 13.406644782621061), (2, 20.95130141672362), (9, 13.540853639312868), (10, 22.56808566432833), (3, 14.461445081619592), (14, 25.035515163662648), (16, 9.627144166022612), (1, 20.24523849397895)]
Atom 1: [(12, 12.062508134822629), (14, 6.222192013666224), (6, 9.81776140520855), (2, 1.5411179686654637), (3, 19.013262002601383), (7, 13.075220604103158), (13, 8.297893874586238), (15, 7.679033866756125), (8, 15.497702109034458), (0, 20.260192712518435), (4, 20.125085960949196), (11, 6.9410647390234175), (10, 8.938131749998934), (5, 12.413616551785639), (16, 19.732750319854976), (9, 9.356320468077326)]
Atom 2: [(8, 15.154370012193686), (9, 9.270668261645621), (3, 18.611089330723082), (7, 12.49052855760559), (13, 8.906144050618915), (4, 20.87465279515477), (11, 8.466574168382774), (12, 13.549164387074004), (15, 9.129073712538919), (1, 1.5443587958869394), (0, 20.959758214565447), (5, 12.16956636924112), (10, 10.274284717262173), (16, 20.983876669052236), (14, 6.854511468005779), (6, 9.082647179821436)]
Atom 3: [(6, 9.836016156642877), (1, 18.95878013512605), (13, 27.23232431516172), (0, 14.510961185849496), (2, 18.552180656365245), (14, 25.151634690366727), (15, 24.121994422806385), (9, 9.858437174053467), (16, 22.417184665989225), (11, 22.0831590609741), (5, 6.675504251800859), (8, 3.5066684966388815), (10, 26.13688194272897), (12, 23.325734204622215), (4, 14.987242083631944), (7, 6.332147685907587)]
Atom 4: [(0, 1.1795441856925675), (7, 15.89090747015452), (10, 22.120521536807143), (11, 17.90580998819817), (1, 19.976409233814923), (13, 26.367883504582608), (5, 13.189898110868521), (16, 8.880843399161757), (14, 24.677990268295652), (6, 17.23477098685768), (12, 15.34382191262577), (15, 20.072037376255288), (8, 13.675887639232112), (2, 20.726093622239336), (9, 13.493853048625379), (3, 14.916549125643792)]
Atom 5: [(15, 17.47536588010237), (12, 17.322663798908664), (6, 4.564827184369674), (11, 15.47885361798739), (10, 19.465885125356564), (1, 12.337578787014778), (9, 3.124875182107854), (7, 2.9778333751882555), (4, 13.268031167185738), (3, 6.736103974505365), (2, 12.086785156754893), (14, 18.52131245554221), (8, 3.23029928923402), (16, 18.58262374078496), (0, 13.161482311250758), (13, 20.595133268273063)]
Atom 6: [(3, 9.914143092669514), (1, 9.768191854592917), (0, 17.22377266427258), (12, 17.867139589434327), (11, 14.692634924896565), (13, 17.877819261121985), (16, 21.377503879142235), (15, 16.290571948970385), (7, 3.6220854427886104), (14, 15.810131634139328), (5, 4.648843714259818), (8, 6.850036279420724), (10, 18.02030038409241), (4, 17.31202212263212), (2, 9.022692714618312), (9, 4.194828051613529)]
Atom 7: [(10, 20.82110610562416), (15, 18.955960081334194), (9, 5.047556221080813), (1, 13.004848011670079), (8, 3.6234384469735605), (11, 17.15526951241343), (3, 6.42793745558443), (4, 15.97315021988562), (14, 19.129946647778706), (13, 21.208404127309088), (0, 15.748823882301592), (6, 3.5262357059996305), (5, 3.0266173674576233), (12, 19.549258685191436), (2, 12.410974812508956), (16, 21.412691590613495)]
Atom 8: [(9, 6.27172339452674), (14, 21.5897659704468), (3, 3.5926499304203556), (0, 13.508299088782671), (6, 6.723351093247554), (1, 15.396010311671317), (4, 13.769546072106479), (15, 20.587870902619223), (7, 3.5007233419564368), (5, 3.1476585310623673), (12, 20.120697797333655), (10, 22.588036376486556), (16, 20.282690084199345), (2, 15.04396922415646), (11, 18.573143960439886), (13, 23.668621769977317)]
Atom 9: [(1, 9.259195251575079), (7, 5.064765964868707), (15, 14.337233439880968), (4, 13.599325922396737), (11, 12.381393880337486), (14, 15.408229352080303), (10, 16.306905441959913), (2, 9.164924536383543), (3, 9.932101688166682), (16, 17.363393614984734), (5, 3.1965978973801987), (8, 6.343165026381529), (13, 17.473039131288456), (6, 4.129698808029097), (12, 14.673665728615182), (0, 13.650273711529826)]
Atom 10: [(12, 8.092899339684186), (15, 2.211349687807685), (1, 8.950885896607097), (16, 18.173549654444884), (13, 6.09339003641777), (6, 18.05138619940322), (5, 19.513067293895457), (9, 16.352826031618687), (8, 22.635822737428175), (0, 22.64278589071415), (11, 4.507397697921257), (4, 22.196036560200053), (2, 10.28103451399204), (7, 20.859851398061856), (14, 5.9369492077707156), (3, 26.185772059738742)]
Atom 11: [(14, 7.55636369479121), (5, 15.52748030183611), (8, 18.62449159913826), (4, 18.002794504810797), (1, 6.903994297651458), (3, 22.137599162811902), (6, 14.713314075824524), (9, 12.425122219272534), (2, 8.429252495194367), (16, 14.908183583714294), (7, 17.191188859996398), (10, 4.424297544276561), (15, 2.2266652796212147), (13, 8.76711716465311), (12, 5.592005249601764), (0, 18.461608337998143)]
Atom 12: [(3, 23.358312433105535), (7, 19.55959450491008), (0, 15.97297559476782), (9, 14.683349603830461), (8, 20.14694415957763), (1, 12.01217864905836), (15, 6.502086827625717), (11, 5.52201638451108), (6, 17.86223523705287), (4, 15.424163368273565), (16, 10.211626877583766), (2, 13.500341158928002), (14, 12.847865672809542), (5, 17.342313245480817), (10, 8.000580450379868), (13, 13.721249988298148)]
Atom 13: [(15, 7.32086715422615), (10, 6.1689485302323455), (1, 8.373663729366985), (8, 23.74560120627933), (4, 26.463170907336394), (3, 27.308263062698604), (9, 17.55377475388232), (7, 21.278504564460555), (0, 26.844508309071536), (12, 13.80976496604047), (5, 20.673879158985237), (14, 2.1567775691835354), (2, 8.971007576953102), (11, 8.861797009482684), (16, 23.71115660740001), (6, 17.944085128901932)]
Atom 14: [(6, 15.856666410121901), (11, 7.603042054431047), (2, 6.897058987717459), (10, 5.960557053670012), (12, 12.89052555205483), (7, 19.178642003913122), (9, 15.459876772888679), (3, 25.20200750360379), (8, 21.640356707725207), (4, 24.733055832007725), (5, 18.572382220880808), (15, 6.471103777931943), (1, 6.270253585278353), (13, 2.1070240761075487), (16, 22.501068093491266), (0, 25.091608375074465)]
Atom 15: [(11, 2.304644475439449), (5, 17.52520490262149), (13, 7.225125300038017), (2, 9.111726245557119), (0, 20.608515222549084), (9, 14.384059302003285), (12, 6.595946030614742), (16, 16.57190036210367), (10, 2.1326190718871074), (1, 7.666500317905992), (3, 24.17574687935814), (14, 6.386194140128547), (4, 20.16536385879546), (8, 20.63939158824261), (6, 16.317015469801948), (7, 18.994629163974697)]
Atom 16: [(12, 10.02579648124858), (6, 21.280850249796735), (8, 20.199286338715126), (5, 18.494422699326062), (0, 9.627863709649269), (11, 14.715061058398888), (10, 18.03261687033891), (3, 22.38270348299346), (14, 22.39102916812328), (9, 17.252428922128498), (4, 8.976825868737453), (2, 20.97676426685631), (1, 19.723106191617156), (7, 21.317722498913053), (13, 23.522876112501493), (15, 16.474245170644167)]
New position of object Informational Sign:1: (19.041888595289365, -2.028531060747465, 0.7581240899271136)
New position of object Pedestrian:2: (-1.0001556806655287, 0.002475409643698967, -0.02696473562334515)
New position of object Pedestrian:1: (-1.516569782351688, 1.4657337748176218, 0.08278591175931187)
New position of object Bollard:4: (13.98163660650593, 11.460591625929816, -0.8217976881556183)
New position of object Railing:1: (18.762721117652035, -2.6316589969200255, -0.08599783426331462)
New position of object Bollard:1: (9.286554565235512, 6.656275466144431, -0.7361710364445033)
New position of object Fence:1: (4.878157039611697, 7.75052766310805, 0.2750911901655646)
New position of object Fence:2: (8.052365285958679, 9.249245990545463, 0.2601832464304497)
New position of object Bollard:3: (11.474738930049242, 8.961831789724444, -0.7450193347326479)
New position of object Bollard:2: (7.072400548119834, 4.372626134329736, -0.5992563034003767)
New position of object Fence:5: (-2.5806589307885908, -8.621926130241015, 1.7772410889894046)
New position of object Fence:8: (1.1313750174859578, -6.477364900241163, 0.7087662775037419)
New position of object Fence:9: (5.274544545791546, -10.080666763387388, 1.3646399033530188)
New position of object Fence:6: (-7.6082232868526205, -5.120621160340516, 1.0905529458571857)
New position of object Fence:7: (-6.012799769367561, -3.8193838225345704, 0.9263687940805028)
New position of object Fence:4: (-0.8060433194898202, -7.506411450720025, 1.4012800102194565)

After Updating position of all the atoms:
Atom 0: [(15, 20.5071276702424), (7, 15.675629769745488), (6, 17.13715062364468), (12, 15.882105182908363), (4, 1.1368514749602028), (8, 13.44751252097735), (1, 20.154634628758387), (9, 13.55630620204301), (11, 18.358844204622788), (14, 24.986357141779948), (13, 26.73976838568486), (10, 22.54245621178977), (5, 13.081901114513267), (16, 9.584511884335322), (3, 14.473449737937573), (2, 20.85532233330671)]
Atom 1: [(8, 15.4069632404011), (15, 7.6572475176617365), (13, 8.362894191445879), (16, 19.732307619847553), (14, 6.259583455780634), (10, 8.940559777297416), (0, 20.1599824034177), (5, 12.348233250992262), (9, 9.269368306992229), (7, 13.016680215690476), (4, 19.98124718703124), (12, 12.007235855194482), (3, 18.969876070944732), (6, 9.78030767566242), (2, 1.5522320372692975), (11, 6.896686821499275)]
Atom 2: [(12, 13.505069942939773), (11, 8.432371542191538), (6, 9.028944649179833), (1, 1.555587918528778), (16, 20.99136502867854), (4, 20.735025152598997), (9, 9.173484259267035), (14, 6.891392264317919), (15, 9.112616269903361), (5, 12.09488888734028), (13, 8.965019339847734), (10, 10.2802405206283), (0, 20.86423205538985), (3, 18.559685823763633), (7, 12.41780824231375), (8, 15.051708744966502)]
Atom 3: [(2, 18.463744371735686), (5, 6.653354686908019), (4, 14.935057378375678), (6, 9.810874372943527), (11, 22.064322752929037), (12, 23.304424261234104), (0, 14.493403115592917), (10, 26.106975108819366), (15, 24.099048748196612), (8, 3.508069201171506), (9, 9.84926610767797), (1, 18.877878238411757), (7, 6.32348431867695), (16, 22.408625522166915), (13, 27.215995723887193), (14, 25.109664673964094)]
Atom 4: [(1, 19.93773929822678), (0, 1.0743554397224004), (13, 26.42288290726395), (10, 22.159250390415522), (2, 20.689774162271156), (15, 20.128133910567552), (8, 13.728380031662766), (7, 15.92422717165467), (6, 17.261869580643687), (12, 15.396069918222022), (14, 24.69161437600487), (3, 14.89938583113146), (9, 13.553462411254355), (11, 17.966545900402334), (16, 8.89066553212689), (5, 13.223540106463622)]
Atom 5: [(10, 19.456767387635036), (16, 18.608791232517188), (6, 4.566579337174704), (14, 18.497526438629286), (3, 6.718078673320091), (15, 17.471715910299043), (2, 12.013322155084515), (13, 20.599382848171725), (11, 15.478241511827825), (12, 17.319046294681193), (9, 3.132918050211814), (4, 13.284810285139663), (8, 3.2109524634217004), (1, 12.271610996610798), (7, 2.9971997668377273), (0, 13.146304589966292)]
Atom 6: [(7, 3.6067680807511313), (9, 4.18364839973622), (2, 8.968174098774709), (15, 16.293740425428084), (0, 17.21843784691765), (14, 15.800032976751718), (1, 9.730267824787314), (10, 18.02196887235452), (3, 9.891465010021228), (5, 4.653386713508156), (4, 17.340741182672556), (8, 6.809694114413606), (13, 17.886330599656535), (12, 17.8736650943269), (11, 14.69852223545427), (16, 21.430224670556182)]
Atom 7: [(5, 3.039644909277676), (6, 3.510267349214357), (12, 19.54932866932495), (11, 17.152056868845236), (4, 15.999608329684214), (14, 19.102757379624933), (15, 18.94877513657935), (9, 5.046814395249145), (13, 21.202133866365994), (8, 3.6010792695566582), (1, 12.943467695737445), (3, 6.420046000972681), (16, 21.453827969335386), (0, 15.754549275324065), (2, 12.336087328171475), (10, 20.809251350909175)]
Atom 8: [(0, 13.427928723234816), (14, 21.607815142958643), (1, 15.375586645752286), (9, 6.310228415642093), (12, 20.110575163180833), (13, 23.712985588240247), (11, 18.58868248699061), (3, 3.540371674670808), (16, 20.25542757867167), (10, 22.599366546726433), (4, 13.709778347037805), (5, 3.178650510515059), (6, 6.784008830139785), (2, 15.021679301466728), (15, 20.602953731823042), (7, 3.578502551595605)]
Atom 9: [(4, 13.637706532786776), (15, 14.34691312755242), (10, 16.311280214151534), (7, 5.047810262802918), (1, 9.197385447067223), (16, 17.419351824525634), (0, 13.641332012659642), (13, 17.486556385118572), (14, 15.391810324253335), (3, 9.900824328738743), (2, 9.093163152103338), (5, 3.183752177279467), (6, 4.121820817582687), (8, 6.36102496755191), (12, 14.686717611409613), (11, 12.395194681757605)]
Atom 10: [(12, 8.092568393238821), (13, 6.091672794686355), (0, 22.62843387240265), (11, 4.501110224438229), (15, 2.208156198616272), (16, 18.26617951906971), (4, 22.246231849592935), (14, 5.904720620841986), (9, 16.361163947471464), (2, 10.284179423930265), (8, 22.651811169517266), (5, 19.50824032793039), (3, 26.160507553499535), (1, 8.951728944867687), (6, 18.054019863016247), (7, 20.850454706369817)]
Atom 11: [(8, 18.640479180147352), (9, 12.439011732371165), (5, 15.526986396942123), (0, 18.4548382638741), (2, 8.396206264915447), (13, 8.762179633633833), (7, 17.188008120264243), (10, 4.418141840767511), (12, 5.599943572496526), (1, 6.860980519025537), (16, 15.00519026421755), (3, 22.11881853296005), (6, 14.719353803646078), (15, 2.2222762437040693), (4, 18.063373693527836), (14, 7.507799739612394)]
Atom 12: [(9, 14.696491081316264), (7, 19.55969426259468), (3, 23.337090103323643), (0, 15.960717809137133), (8, 20.137274484117434), (16, 10.305583873636882), (14, 12.808673603118754), (6, 17.868848147794694), (13, 13.722488751753257), (1, 11.9573484721605), (2, 13.45666187664452), (15, 6.509277089638457), (5, 17.338825398382017), (4, 15.476529772024925), (10, 8.000149100589157), (11, 5.529901289382812)]
Atom 13: [(14, 2.1800007882767503), (0, 26.830952153416803), (1, 8.43572887910374), (15, 7.310927626103209), (8, 23.787481028048497), (12, 13.807348879288348), (3, 27.289480622134164), (2, 9.027951492215434), (6, 17.95107639021884), (11, 8.852519028903004), (10, 6.1649882767555875), (9, 17.564108735731562), (16, 23.799723609354874), (5, 20.67524445635012), (7, 21.270557825753084), (4, 26.514258676693498)]
Atom 14: [(5, 18.616490519867234), (4, 24.824625106428286), (16, 22.62156853130147), (1, 6.375112043677608), (15, 6.48288360885213), (9, 15.513188789549353), (8, 21.724801968436708), (6, 15.902828506841729), (7, 19.210980100161272), (10, 5.963890258497002), (13, 2.0653210997661677), (12, 12.915103070420773), (11, 7.625709648929754), (3, 25.225210043607987), (2, 6.990006022409988), (0, 25.119173333231952)]
Atom 15: [(10, 2.1295493187155796), (9, 14.393872212306619), (5, 17.521727361900442), (1, 7.645975709125145), (3, 24.152945115582796), (4, 20.221566419762496), (14, 6.397657862261853), (16, 16.66961408814228), (13, 7.215136791952604), (8, 20.654957007100755), (12, 6.603156949492744), (7, 18.987510661865322), (6, 16.320313296744068), (2, 9.096299494313016), (0, 20.600029718385436), (11, 2.300456886251574)]
Atom 16: [(12, 10.02579648124858), (6, 21.280850249796735), (8, 20.199286338715126), (5, 18.494422699326062), (0, 9.627863709649269), (11, 14.715061058398888), (10, 18.03261687033891), (3, 22.38270348299346), (14, 22.39102916812328), (9, 17.252428922128498), (4, 8.976825868737453), (2, 20.97676426685631), (1, 19.723106191617156), (7, 21.317722498913053), (13, 23.522876112501493), (15, 16.474245170644167)]
New position of object Informational Sign:1: (18.967930188763855, -1.9819911978643887, 0.8131709929791213)
New position of object Pedestrian:2: (-1.0046260164911516, -0.008094819277204124, -0.03272713391228586)
New position of object Trash Can:1: (20.163531491587516, 1.5243978429246257, -0.06987957274265227)
New position of object Pedestrian:1: (-1.5259969471272505, 1.466138276895153, 0.0764067340367647)
New position of object Bollard:4: (13.858095553729097, 11.496261738078877, -0.8416534972626121)
New position of object Railing:1: (18.675314885024715, -2.6408645516118217, -0.09958176200175431)
New position of object Bollard:1: (9.205384792127983, 6.642743375963983, -0.7531485367479808)
New position of object Fence:1: (4.783269870129697, 7.758609307508076, 0.26887331660039304)
New position of object Fence:2: (7.94745587311618, 9.244707592020202, 0.2516096406114321)
New position of object Bollard:3: (11.34842619960411, 8.98731269709794, -0.774322233318397)
New position of object Bollard:2: (6.969209239330578, 4.3650682201062585, -0.5924330829888312)
New position of object Fence:5: (-2.682254568677827, -8.609783192218602, 1.7875483274161166)
New position of object Fence:8: (1.0317378438395721, -6.473008898135161, 0.7119584295733091)
New position of object Fence:9: (5.181968747703113, -10.077216034058532, 1.381175080850972)
New position of object Fence:6: (-7.695084003860064, -5.124917447530963, 1.0734015004471347)
New position of object Fence:7: (-6.077049426287459, -3.814862503824836, 0.9386560991334013)
New position of object Fence:4: (-0.904636188465723, -7.4986169613400655, 1.399354963424116)

After Updating position of all the atoms:
Atom 0: [(4, 1.1281327900034237), (5, 13.067101654403452), (12, 15.918588952600931), (11, 18.394618382741037), (3, 14.430498232955264), (9, 13.56022631587026), (1, 20.084033186780353), (6, 17.13280947912365), (7, 15.671504119819055), (13, 26.762284512885987), (15, 20.5395988191454), (14, 25.048466911977886), (10, 22.569002195478443), (8, 13.35451736008192), (16, 9.604771537517697), (2, 20.785451857507365), (17, 3.808412383434925)]
Atom 1: [(11, 6.85301162094302), (15, 7.636790155709479), (8, 15.385106207601117), (6, 9.741566169255474), (4, 19.94076075488208), (12, 11.951456947014822), (14, 6.366128588431359), (2, 1.5644808748895997), (16, 19.730214379262588), (0, 20.08767811188113), (3, 18.887600920272764), (5, 12.280759845829108), (10, 8.941921190024171), (13, 8.426575854687274), (7, 12.954275233017578), (9, 9.2059779219094), (17, 21.223590797747697)]
Atom 2: [(0, 20.795034693387127), (16, 20.999200616869665), (4, 20.699043418795785), (11, 8.400044468674007), (15, 9.098366393942296), (8, 15.029281266009667), (1, 1.567514296679876), (13, 9.022603264613375), (12, 13.462377796427015), (9, 9.101463162142931), (3, 18.471127939675092), (6, 8.974754244909265), (7, 12.343239548716431), (5, 12.021192822836134), (10, 10.284658131668511), (14, 6.985025335153581)]
Atom 3: [(2, 18.387944782106185), (1, 18.812364926664465), (12, 23.32614245932775), (11, 22.077691718550362), (6, 9.793719322842861), (13, 27.215015406281328), (8, 3.480382467505886), (4, 14.974128078045855), (5, 6.658496877789388), (9, 9.841270107244549), (10, 26.111927178229575), (16, 22.45338462355424), (0, 14.509037056130495), (7, 6.322153740737475), (15, 24.107453368871887), (14, 25.15049468106918)]
Atom 4: [(6, 17.276659879515734), (11, 17.976706805024698), (12, 15.397248056730993), (3, 14.953749104379984), (2, 20.61532061171849), (0, 1.1631231250327358), (7, 15.948392324943265), (14, 24.737511746412178), (15, 20.1357753806339), (8, 13.670678334776284), (5, 13.228411800233182), (16, 8.850096189749639), (1, 19.85537760638038), (10, 22.161046556512122), (13, 26.42706930959082), (9, 13.567105341916665)]
Atom 5: [(13, 20.60275217063266), (10, 19.45054840949749), (2, 11.943531987339961), (3, 6.724001119165653), (14, 18.543732777676066), (0, 13.120468587652319), (12, 17.309216608737785), (1, 12.206431763994848), (11, 15.47462664959935), (15, 17.466219897492266), (8, 3.2447196116249795), (6, 4.5835971665269275), (9, 3.1187716965877463), (7, 3.024921679023537), (16, 18.62380091691343), (4, 13.277503592405902)]
Atom 6: [(2, 8.912860530034463), (1, 9.69084075914652), (12, 17.87964837331019), (8, 6.87397125612252), (13, 17.8913061992867), (7, 3.5929177663746112), (9, 4.178354980980568), (0, 17.21569477310771), (16, 21.484155566022583), (11, 14.703496301067979), (15, 16.295509369164954), (10, 18.02288994443259), (14, 15.844158067978746), (4, 17.357238558806966), (5, 4.673840586633473), (3, 9.877032787420312)]
Atom 7: [(6, 3.4958345508954096), (3, 6.418752355037868), (4, 16.014903045667747), (16, 21.48590600933732), (5, 3.0597617459360897), (1, 12.877692728982673), (14, 19.131506004665006), (15, 18.935297179018946), (11, 17.142097709238065), (0, 15.741822353626), (9, 5.022636001827609), (10, 20.7938777818357), (12, 19.5410691955728), (13, 21.1906972551803), (2, 12.25900260975808), (8, 3.676277165523147)]
Atom 8: [(3, 3.549337833508896), (7, 3.5616551634778775), (14, 21.640609808005383), (9, 6.293677424571663), (10, 22.59679579134474), (1, 15.299190133163835), (4, 13.76056243907161), (11, 18.59419101705144), (15, 20.60357519162594), (6, 6.760121789242996), (5, 3.1764886433271338), (13, 23.703715255464566), (16, 20.30666330469305), (0, 13.450003855925004), (12, 20.12597918293977), (2, 14.93460999812523)]
Atom 9: [(6, 4.1275053908723125), (2, 9.001092692941015), (14, 15.421561927444204), (3, 9.918305624368141), (0, 13.646618280584999), (15, 14.330438717161279), (12, 14.675874158316054), (5, 3.195952858791459), (4, 13.651333481187258), (16, 17.462424582677908), (7, 5.047797043830914), (13, 17.473187575569476), (10, 16.293475995132162), (8, 6.369911212351005), (1, 9.111524263560234), (11, 12.382721193126057)]
Atom 10: [(6, 18.054492569995347), (13, 6.076612712609774), (2, 10.285384323968362), (9, 16.345085938075627), (1, 8.950803493509481), (8, 22.65129063274753), (16, 18.36901402862468), (7, 20.835851143893215), (11, 4.500527647247252), (15, 2.2106110160738734), (12, 8.102654019708503), (4, 22.2561232626506), (14, 5.89763407168864), (3, 26.16770771668473), (5, 19.5041194838749), (0, 22.662911065034223)]
Atom 11: [(2, 8.365165335210852), (12, 5.607369890515526), (3, 22.131964425209826), (14, 7.530817221932451), (10, 4.417741238736612), (15, 2.2182255704778426), (1, 6.818830428096943), (16, 15.101767136029974), (0, 18.490172519510384), (5, 15.52346612627362), (6, 14.724444767556253), (7, 17.17805834583356), (4, 18.073177323961826), (13, 8.7533544850514), (9, 12.426540927034612), (8, 18.64576715147125)]
Atom 12: [(8, 20.152608315515568), (15, 6.516573404078817), (2, 13.414479227688354), (6, 17.874922143175976), (5, 17.32917357071527), (0, 15.997125574514541), (14, 12.833166207014914), (4, 15.477801981538411), (3, 23.35874753549145), (16, 10.39952226026723), (9, 14.685670983560271), (13, 13.72010591243118), (1, 11.902112261578939), (10, 8.010275072102328), (7, 19.551485103097118), (11, 5.537379936429523)]
Atom 13: [(0, 26.84887392729767), (10, 6.146767759985459), (2, 9.082601457748119), (4, 26.513097632728716), (8, 23.774448542936536), (3, 27.28498822074296), (6, 17.95388099133237), (11, 8.837726586298228), (14, 2.1345062446288945), (15, 7.29643060374759), (9, 17.54640502079038), (12, 13.799944689507214), (5, 20.674621443193608), (16, 23.882095793848798), (1, 8.495152879466504), (7, 21.25677584773806)]
Atom 14: [(6, 15.885225650384259), (11, 7.592890789342955), (2, 7.024565600921168), (1, 6.415960164917487), (4, 24.801930329069457), (5, 18.595067069069113), (16, 22.684472636805825), (13, 2.0862493074713337), (12, 12.891019549634574), (15, 6.451748591531566), (0, 25.11227125638809), (10, 5.93603525498949), (3, 25.199405413309073), (8, 21.690486057972805), (9, 15.474506967982448), (7, 19.17579601522342)]
Atom 15: [(3, 24.161245502219362), (8, 20.65546627758705), (12, 6.610314919498901), (14, 6.3668005347753445), (4, 20.229163448381406), (6, 16.322169509720254), (16, 16.767226939901832), (5, 17.516388547179872), (7, 18.974081540140922), (9, 14.377471527606351), (2, 9.083122683940218), (10, 2.131973636366112), (13, 7.20075527812729), (1, 7.626845944422503), (0, 20.632393605174503), (11, 2.2965039270698595)]
Atom 16: [(12, 10.02579648124858), (6, 21.280850249796735), (8, 20.199286338715126), (5, 18.494422699326062), (0, 9.627863709649269), (11, 14.715061058398888), (10, 18.03261687033891), (3, 22.38270348299346), (14, 22.39102916812328), (9, 17.252428922128498), (4, 8.976825868737453), (2, 20.97676426685631), (1, 19.723106191617156), (7, 21.317722498913053), (13, 23.522876112501493), (15, 16.474245170644167), (17, 13.271651035339271)]
Atom 17: [(12, 18.93191228893839), (14, 26.734786918540227), (0, 3.808412383434925), (13, 28.57924499803645), (3, 11.726429640598841), (9, 13.407846713844076), (7, 14.368805351481646), (8, 11.457152944282148), (15, 22.8788744210481), (10, 24.9731444331053), (1, 21.223590797747697), (4, 4.385810980662439), (6, 16.50837270908777), (16, 13.271651035339271), (5, 12.045278714529607), (2, 21.680718149344255), (11, 20.660529432052506)]
New position of object Informational Sign:1: (18.85438256827309, -2.0288729863542088, 0.8716512384527006)
New position of object Pedestrian:2: (-1.0132251732633932, -0.01618707871971381, -0.056045633284756986)
New position of object Trash Can:1: (20.06409930926906, 1.5288852097554217, -0.03479799896107749)
New position of object Pedestrian:1: (-1.53625577072021, 1.4670797634380826, 0.06148831184689672)
New position of object Railing:2: (15.032977759439767, -10.824183878343398, 0.016404381617169502)
New position of object Bollard:4: (13.797103539780487, 11.464320834656636, -0.9047150427931384)
New position of object Railing:1: (18.600649903991503, -2.596859097500687, -0.06353558680875035)
New position of object Bollard:1: (9.10537983478548, 6.654733888787588, -0.7533386919871226)
New position of object Fence:1: (4.685437722905043, 7.766362821495737, 0.27039105091091814)
New position of object Fence:2: (7.846016828608768, 9.233579478078816, 0.24950637168633635)
New position of object Bollard:3: (11.209564575865109, 8.998909958489534, -0.7941273984949367)
New position of object Bollard:2: (6.8693129985906545, 4.353365770961804, -0.6229937317190756)
New position of object Fence:5: (-2.7932088388053735, -8.591736566879597, 1.793423549570435)
New position of object Fence:8: (0.9311195621978037, -6.468392752292564, 0.718938566701773)
New position of object Fence:9: (5.0870142071431275, -10.073284530425042, 1.4067885200242454)
New position of object Fence:6: (-7.780092096590003, -5.130266592139536, 1.0319597701050724)
New position of object Fence:7: (-6.170225400242611, -3.8094361663298724, 0.9339324852372991)
New position of object Fence:4: (-1.0053005602544225, -7.489941030470678, 1.3999896291070175)

After Updating position of all the atoms:
Atom 0: [(16, 9.525430967982741), (4, 1.161848721780149), (5, 13.074404870921274), (9, 13.575101182347424), (10, 22.538278234681442), (14, 24.995410568887785), (1, 19.982033595474622), (3, 14.519902422647029), (2, 20.693172466874028), (13, 26.730139725385158), (6, 17.150928938095234), (15, 20.508910078363474), (8, 13.431491231074554), (7, 15.698379552478679), (12, 15.873573637981327), (11, 18.369063960065215), (17, 3.865579930028506)]
Atom 1: [(6, 9.70321523822778), (10, 8.94619427335632), (5, 12.21668109116084), (12, 11.902534803128589), (0, 19.99083198419171), (16, 19.732977455094417), (15, 7.623433571091831), (14, 6.4079390280563695), (2, 1.5740924310787163), (4, 19.862765085909526), (13, 8.486578476696732), (3, 18.823119763748718), (9, 9.121533239596026), (8, 15.30977968984601), (7, 12.890020429969894), (11, 6.816322468132268), (17, 21.13389001534124)]
Atom 2: [(15, 9.086943833588242), (8, 14.942138806754286), (6, 8.919795786309326), (11, 8.370347097469663), (1, 1.5771670042132528), (5, 11.951316622303123), (7, 12.2665572718275), (3, 18.395276809779066), (12, 13.421880617421937), (4, 20.62543910893559), (16, 21.007998972855763), (14, 7.020480358507631), (13, 9.077971179509623), (9, 9.009377632378618), (10, 10.287651017086121), (0, 20.70401365600521)]
Atom 3: [(16, 22.341738706337722), (2, 18.33003779874704), (12, 23.312735828496205), (14, 25.13629679918036), (15, 24.104831455239076), (10, 26.11105471257701), (4, 14.946619695091885), (9, 9.854798236683283), (7, 6.362558254699825), (0, 14.518878325426641), (5, 6.659914613076606), (13, 27.221864323606816), (1, 18.758148584125895), (11, 22.075234821180388), (6, 9.816252084368857), (8, 3.4854830819540608)]
Atom 4: [(2, 20.543276276994384), (6, 17.27038542031889), (12, 15.430616733808405), (1, 19.782922426024008), (10, 22.193327614828505), (7, 15.93149588821508), (3, 14.882823039826782), (16, 8.967917705857413), (8, 13.68550336970143), (9, 13.566081839375553), (0, 1.1231931648302187), (5, 13.195333508880257), (14, 24.72805622585082), (15, 20.164906755704997), (11, 18.008125922031837), (13, 26.441432009520028)]
Atom 5: [(15, 17.468596138402273), (10, 19.452761073724556), (2, 11.866764796303976), (6, 4.576471662441786), (1, 12.139751705589154), (7, 3.0097629201711227), (0, 13.156316921296384), (12, 17.317836233932535), (14, 18.51975845589963), (16, 18.472722805960544), (4, 13.275087750934524), (13, 20.599824041227215), (8, 3.2361429512169892), (9, 3.1355516743040903), (11, 15.481228030489719), (3, 6.720663115606181)]
Atom 6: [(5, 4.671148653479362), (0, 17.235636233559532), (15, 16.295493046260702), (7, 3.581426868472503), (10, 18.021176825268498), (4, 17.353414810532357), (9, 4.186750863225283), (16, 21.277794073511654), (2, 8.85630156038848), (14, 15.824110965455727), (1, 9.65139381966662), (8, 6.854017791456539), (12, 17.88501301632572), (11, 14.707284301529159), (13, 17.891541324982718), (3, 9.903444943906022)]
Atom 7: [(8, 3.657286390464466), (10, 20.774880578628398), (15, 18.917253439557715), (5, 3.0400884816839615), (13, 21.17477395938159), (1, 12.81162410589486), (14, 19.09420172304085), (16, 21.307759497922326), (2, 12.181170212112617), (6, 3.4845977057032136), (0, 15.761155287829393), (3, 6.459401451951588), (12, 19.526511453822554), (11, 17.12732256974017), (4, 15.991228994184727), (9, 5.0179732425512285)]
Atom 8: [(13, 23.67183775515421), (11, 18.58054694067482), (6, 6.724329198332847), (12, 20.123678471588942), (14, 21.587550278459954), (4, 13.770394573969494), (15, 20.584790975403806), (3, 3.5757290592513757), (10, 22.5768413019679), (5, 3.150304523206318), (16, 20.204714781525325), (9, 6.284407946128839), (1, 15.205700527559904), (0, 13.521466535954685), (7, 3.529545959151155), (2, 14.829581269823528)]
Atom 9: [(13, 17.45958961713228), (5, 3.2114295754916706), (10, 16.281473737120976), (4, 13.647083378001355), (8, 6.359886106229436), (14, 15.387235079101162), (1, 9.030439096921828), (0, 13.660484169032015), (3, 9.931733514225993), (6, 4.14921636656117), (2, 8.913627147284412), (15, 14.317600179306014), (16, 17.24564483085489), (12, 14.666475871240017), (7, 5.052889532648352), (11, 12.372136817703348)]
Atom 10: [(8, 22.631922772754365), (4, 22.29538169697472), (6, 18.050961137483), (11, 4.504308033999251), (1, 8.951476254328476), (14, 5.859416541995168), (15, 2.217410015809704), (2, 10.283934881654144), (0, 22.639325438226887), (3, 26.167992952772998), (9, 16.333373052516023), (16, 18.053103521477684), (13, 6.0469535049713175), (7, 20.81630839406885), (12, 8.122810817920056), (5, 19.506851916541024)]
Atom 11: [(3, 22.13034141956677), (13, 8.737388501661874), (10, 4.419697837168754), (8, 18.63258580178785), (1, 6.783217158150704), (0, 18.46553583563763), (4, 18.105616287237126), (5, 15.530698122373163), (12, 5.615325589634115), (7, 17.163569055242817), (15, 2.2123127197415773), (14, 7.496928113884886), (2, 8.336180535414135), (16, 14.775955983628133), (6, 14.72835245270955), (9, 12.416657405163145)]
Atom 12: [(2, 13.373763340393712), (1, 11.853185791653129), (15, 6.521414172728286), (8, 20.151383489004232), (14, 12.807158585643075), (6, 17.880315448039337), (10, 8.027601526499414), (0, 15.9542897238188), (4, 15.513772590196979), (5, 17.33897379094295), (16, 10.070710444981097), (9, 14.677358205412602), (3, 23.346887367814915), (13, 13.710562292175442), (11, 5.544352314763023), (7, 19.537307779706435)]
Atom 13: [(2, 9.13522226609721), (3, 27.28930949523461), (15, 7.281205713611399), (6, 17.9525059762535), (11, 8.818943953698001), (0, 26.81491342138849), (10, 6.118055745107041), (8, 23.739740623770324), (9, 17.529495815178716), (5, 20.668640237796744), (14, 2.1539145357796903), (1, 8.551494196068752), (4, 26.524739623833394), (16, 23.534829573746908), (12, 13.788993710983668), (7, 21.23929347675673)]
Atom 14: [(12, 12.891269632433664), (13, 2.084675788301757), (1, 6.4779199328852055), (11, 7.585866647036414), (2, 7.0764718412577485), (16, 22.35227879914924), (0, 25.087951055625993), (8, 21.658647719295757), (4, 24.820587201766944), (6, 15.88347667498776), (7, 19.158385694599556), (15, 6.446169619910319), (9, 15.462370981422804), (10, 5.917209043712073), (5, 18.59273659965974), (3, 25.20639805003088)]
Atom 15: [(7, 18.956412356874726), (8, 20.637327510134043), (11, 2.292839794859178), (16, 16.439521129450046), (6, 16.322233375944748), (13, 7.183405166968838), (1, 7.614269473569529), (10, 2.136670228728068), (4, 20.260243099895018), (14, 6.359227462439375), (2, 9.07202958076867), (9, 14.365441739542257), (5, 17.51954649757134), (0, 20.60362637020555), (3, 24.159612447579292), (12, 6.617401989355371)]
Atom 16: [(6, 21.223582519627655), (13, 23.455568044176037), (3, 22.367809549360608), (1, 19.346800055379354), (10, 17.940735149782267), (0, 9.6276723867114), (14, 22.262398391545485), (4, 8.958057140093747), (9, 17.207801286465077), (8, 20.166719250670862), (5, 18.429503498306513), (2, 20.6304797387148), (11, 14.678257332402046), (12, 9.973110777044415), (15, 16.339506907604612), (7, 21.284274635623877)]
Atom 17: [(8, 11.495129161157127), (2, 21.590473825988223), (7, 14.367636984888305), (12, 18.925759585705073), (0, 3.865579930028506), (3, 11.769201046217576), (1, 21.13389001534124), (14, 26.699492686603232), (11, 20.659591898878755), (13, 28.566999389934296), (9, 13.410109503613864), (4, 4.395421730095941), (6, 16.504709235551022), (10, 24.970185378551687), (5, 12.024111351946434), (16, 13.240798130034692), (15, 22.874449906885516)]
New position of object Informational Sign:1: (18.73185286012915, -2.0625742119794097, 0.9601966832970091)
New position of object Pedestrian:2: (-1.0251820317942446, -0.020597904178917048, -0.073952995075489)
New position of object Trash Can:1: (19.963897805842183, 1.5296898109149426, 0.036901485843964285)
New position of object Pedestrian:1: (-1.5481345884993942, 1.4697676436854525, 0.05179463916169756)
New position of object Railing:2: (14.986058892144204, -10.782004241687098, 0.11537499004776859)
New position of object Bollard:4: (13.677365275980822, 11.484039771145646, -0.8504638537210966)
New position of object Railing:1: (18.495708245843478, -2.590990891905861, 0.0166455146069953)
New position of object Bollard:1: (8.99916571430494, 6.6559856563990545, -0.7308250712757209)
New position of object Fence:1: (4.583809726643015, 7.773825639911999, 0.27956553074278795)
New position of object Fence:2: (7.747828478484376, 9.219010547577167, 0.25907904946644594)
New position of object Bollard:3: (11.19319011255013, 8.94633125513266, -0.7594730141511278)
New position of object Bollard:2: (6.786455226004488, 4.3528040040787666, -0.6049819117758484)
New position of object Fence:5: (-2.9154436536763164, -8.566633595203534, 1.7954013381385423)
New position of object Fence:8: (0.8267619084069828, -6.462543110146072, 0.7362263415752296)
New position of object Fence:9: (4.985085618673615, -10.067643300762505, 1.4587508807360732)
New position of object Fence:6: (-7.876946355687011, -5.128361387355202, 0.9805447022044088)
New position of object Fence:7: (-6.298408011380122, -3.804303554473913, 0.9088327855106811)
New position of object Fence:4: (-1.1121362872891858, -7.47845391806387, 1.4074221337585306)

After Updating position of all the atoms:
Atom 0: [(16, 9.557103372096218), (6, 17.157669224744055), (15, 20.47449519664412), (2, 20.592774494832046), (5, 13.099490330303592), (3, 14.519178220667206), (4, 1.1621971930148656), (11, 18.339453329722563), (1, 19.876834639598503), (12, 15.828851693685934), (13, 26.68893238531708), (10, 22.508942871895684), (7, 15.703808296511415), (14, 24.963287407337535), (9, 13.57905113479923), (8, 13.491438250574554), (17, 3.9082949709659847)]
Atom 1: [(2, 1.578836773376832), (14, 6.4685856090322345), (9, 9.041905537369683), (13, 8.541695799335958), (7, 12.82351723222035), (11, 6.784530297578035), (12, 11.857826390335108), (10, 8.948599439300326), (4, 19.79420393525131), (0, 19.889181997246013), (16, 19.354331045982732), (8, 15.217069291085936), (5, 12.1511276515374), (6, 9.662634638025365), (3, 18.769487834858374), (15, 7.613408492296639), (17, 21.046547297506706)]
Atom 2: [(8, 14.837872356196938), (1, 1.5844498446911357), (4, 20.555395171049238), (7, 12.188763061795878), (6, 8.862974612733662), (16, 20.641603212718362), (12, 13.38294666550414), (17, 21.51212100671021), (5, 11.875583531385486), (9, 8.923222589766306), (0, 20.60535183333695), (13, 9.130085978818935), (10, 10.286755957519588), (11, 8.34303138170274), (14, 7.071908053641556), (15, 9.076820921384478), (3, 18.33800254859946)]
Atom 3: [(5, 6.6509156871006985), (12, 23.315393001357496), (16, 22.325372105174964), (14, 25.119739891080524), (6, 9.794498391390917), (10, 26.10185334121627), (0, 14.571790786530789), (2, 18.245973877929682), (8, 3.502725264337935), (13, 27.20296255058135), (15, 24.096828928243394), (9, 9.86143144604164), (7, 6.346584179077891), (1, 18.68487501942295), (11, 22.073052286939458), (17, 11.806650313514478), (4, 14.937526588251401)]
Atom 4: [(2, 20.45107896696829), (6, 17.264493466605103), (1, 19.68959840710022), (9, 13.557517998214058), (14, 24.713039208206993), (11, 18.00117319353393), (17, 4.3744714358491015), (15, 20.154470914781513), (0, 1.1069224337851828), (8, 13.713899664872189), (3, 14.902174196999153), (7, 15.91510653108555), (16, 8.911794757036148), (12, 15.4178562547461), (5, 13.200551884912096), (13, 26.417730177943795), (10, 22.189724637279713)]
Atom 5: [(16, 18.4565011893478), (1, 12.062163848190565), (17, 12.128217634966864), (7, 2.989112242824627), (11, 15.473994052379085), (14, 18.504240012379118), (12, 17.313081824575896), (13, 20.580734805824157), (6, 4.56548139366284), (15, 17.45671671754045), (0, 13.175660887842762), (10, 19.440292222570964), (3, 6.723836041431329), (8, 3.221671087672362), (9, 3.1384643578089513), (2, 11.779426750232652), (4, 13.275903269268774)]
Atom 6: [(12, 17.889750916346145), (17, 16.601061032764616), (9, 4.211613009695674), (0, 17.244858518384564), (4, 17.350489015634736), (14, 15.8192737410213), (15, 16.293436621142366), (10, 18.01509909382972), (3, 9.886121981760597), (1, 9.609308106153774), (2, 8.797372782987363), (7, 3.5740425287343367), (16, 21.273282981939335), (8, 6.823069354470153), (13, 17.887083656070462), (5, 4.6653857177268385), (11, 14.709723955037788)]
Atom 7: [(12, 19.50871136164789), (14, 19.076374778978163), (13, 21.1569236049703), (1, 12.745469316502762), (17, 14.436321071237407), (2, 12.104076245339739), (5, 3.019081257404634), (0, 15.761171030100973), (16, 21.27094786271386), (8, 3.625093777994294), (3, 6.4436673929135635), (10, 20.75308154334253), (9, 5.022383988896669), (15, 18.897301599887104), (4, 15.970342122604098), (6, 3.4785045314419283), (11, 17.110628671025985)]
Atom 8: [(17, 11.513735106276448), (12, 20.09288077535067), (3, 3.5523752740576806), (15, 20.5819702712986), (1, 15.171169173875699), (9, 6.309506464846559), (11, 18.577123270514736), (5, 3.1717891995472467), (0, 13.453055395480503), (13, 23.69272622899293), (7, 3.6030985404676215), (4, 13.676217802532445), (14, 21.611696438866048), (16, 20.108665646550214), (10, 22.576989600499033), (2, 14.795219287962682), (6, 6.792516440989521)]
Atom 9: [(11, 12.374813954532014), (2, 8.843564975124183), (10, 16.281383324054875), (16, 17.22831492003438), (8, 6.367391339252387), (5, 3.1963369549239555), (7, 5.034958391021058), (1, 8.968294855152411), (13, 17.458307675835137), (12, 14.66449284674366), (6, 4.163827614919079), (0, 13.649153319048734), (14, 15.390451421947756), (15, 14.317191731125032), (4, 13.627520482367363), (3, 9.919648495091952), (17, 13.491737508145587)]
Atom 10: [(4, 22.300441781756973), (17, 25.06974937395063), (13, 6.004686976078854), (15, 2.228062821362452), (1, 8.949988863374799), (0, 22.61870468511822), (5, 19.495329521258945), (8, 22.633710865755173), (2, 10.278085825113756), (11, 4.511921465059528), (12, 8.152321680183965), (16, 18.11612952673939), (14, 5.828092327647384), (3, 26.160111108969485), (6, 18.042925690466237), (9, 16.33403041198866), (7, 20.79410484519146)]
Atom 11: [(0, 18.43914778421844), (5, 15.525341246274602), (12, 5.624665046753547), (15, 2.2028574801017102), (8, 18.631515222314015), (13, 8.714376331356954), (14, 7.485712763122224), (9, 12.421292896467941), (4, 18.102441211624235), (7, 17.147593333347473), (6, 14.730856817995763), (16, 14.81650741373476), (10, 4.421894493488217), (3, 22.129966782659718), (2, 8.308437519873284), (1, 6.751647573138505), (17, 20.750778604072618)]
Atom 12: [(9, 14.678325039758738), (0, 15.915504924278391), (1, 11.807439163603583), (15, 6.521712079787999), (10, 8.04889597708342), (8, 20.124420664132597), (11, 5.550715735239725), (14, 12.801623132027874), (2, 13.333204545126664), (16, 10.11604847528294), (7, 19.52042461827746), (3, 23.35301354349462), (17, 18.996963061064122), (4, 15.508608025985904), (5, 17.337440623130753), (13, 13.693414530979084), (6, 17.884896264508125)]
Atom 13: [(12, 13.786118143943693), (14, 2.1574598158900544), (0, 26.784840129337915), (16, 23.567545589592672), (17, 28.641450939244052), (11, 8.808760972873985), (4, 26.511964495424607), (8, 23.765410569794945), (9, 17.533446260485064), (1, 8.610916765583525), (7, 21.22501313888689), (3, 27.274765159353507), (10, 6.091158853161486), (6, 17.950717089540735), (15, 7.278221513211048), (5, 20.654364680332076), (2, 9.189762879114769)]
Atom 14: [(7, 19.165741562678626), (10, 5.908488729010048), (13, 2.0615661639290934), (8, 21.70985806536322), (6, 15.901940630550722), (5, 18.60435137690096), (4, 24.839813339077853), (15, 6.468550466576397), (9, 15.493343235098655), (2, 7.149506205303863), (1, 6.564237089744404), (11, 7.6068440831705715), (12, 12.917006742599387), (17, 26.812692073916402), (16, 22.41308576525639), (0, 25.09083933726232), (3, 25.21626627268342)]
Atom 15: [(12, 6.624398181744382), (13, 7.174107227102164), (7, 18.9373437174102), (3, 24.15374862284804), (2, 9.060821681333353), (16, 16.48437801669856), (4, 20.255594823947796), (17, 22.961363055862698), (0, 20.574636543015156), (11, 2.289520642921269), (14, 6.375373450125068), (9, 14.367191164476823), (8, 20.637103972560528), (1, 7.604054815604412), (6, 16.320168296474304), (5, 17.509794726421603), (10, 2.141630297328934)]
Atom 16: [(3, 22.301416500020256), (15, 16.377163737758405), (17, 13.280167498434059), (12, 10.008052668236), (1, 19.292577520158197), (6, 21.217180471539315), (13, 23.475090989391063), (10, 17.992094944841963), (5, 18.422184622562057), (2, 20.578860776233004), (9, 17.190293124016055), (8, 20.158712025087382), (4, 8.949518322727586), (11, 14.714375713599747), (14, 22.29069552523462), (7, 21.251394861033333), (0, 9.52749474872304)]
Atom 17: [(4, 4.347060885358009), (8, 11.537686463109518), (13, 28.549503252875034), (14, 26.689011344850954), (5, 12.033202768446866), (9, 13.411814153939492), (12, 18.916322836678653), (7, 14.360994262923226), (11, 20.656261688391048), (16, 13.301600947459082), (3, 11.730851920675878), (2, 21.500258797182575), (15, 22.86742289629261), (1, 21.046547297506706), (10, 24.968270755447502), (0, 3.9082949709659847), (6, 16.503998004235385)]
New position of object Informational Sign:1: (18.62032197640393, -2.058778881821656, 1.0465513636364885)
New position of object Pedestrian:2: (-1.0365198565015952, -0.02177384483468181, -0.06086287671090723)
New position of object Trash Can:1: (19.863138977154613, 1.5312713007593945, 0.12344406690768289)
New position of object Pedestrian:1: (-1.560429096492122, 1.4729556711953968, 0.04296767666919149)
New position of object Railing:2: (14.872498243356212, -10.824264242590324, 0.23232741998415762)
New position of object Bollard:4: (13.602444921878245, 11.454224423053766, -0.7698056009040655)
New position of object Railing:1: (18.38111683099124, -2.653974585199462, 0.15374886047865383)
New position of object Bollard:1: (8.90287260645465, 6.658822654035125, -0.6790859438244865)
New position of object Fence:1: (4.478004076315418, 7.781041656211813, 0.2997795397750935)
New position of object Fence:2: (7.65256614169661, 9.205256494775911, 0.2792301106782252)
New position of object Bollard:3: (11.097273784393998, 8.953773919350573, -0.7177216596309337)
New position of object Bollard:2: (6.703424764199724, 4.362152626801533, -0.5616463265292069)
New position of object Fence:5: (-3.0392787462738013, -8.544446442915504, 1.7954111954977632)
New position of object Fence:8: (0.7230093564790572, -6.456916165297095, 0.7530479523153559)
New position of object Fence:9: (4.882847255836076, -10.061946661857387, 1.5097926589144457)
New position of object Fence:6: (-7.994087927793821, -5.115316299586633, 0.9626682945402898)
New position of object Fence:7: (-6.4138470335096684, -3.7969312496955574, 0.8805180736695546)
New position of object Fence:4: (-1.2188917159898764, -7.467047810142764, 1.4142755852882063)

After Updating position of all the atoms:
Atom 0: [(12, 15.818706908405773), (14, 24.9801706758318), (5, 13.102398092247732), (11, 18.333036324935446), (3, 14.540956802917165), (15, 20.466387427672384), (9, 13.560101752154178), (2, 20.4989468445076), (6, 17.154942584758626), (4, 1.1659692377533912), (16, 9.495768440907897), (17, 3.96253661736114), (1, 19.78270809195869), (10, 22.51004554701176), (8, 13.399121646687524), (7, 15.685017115762008), (13, 26.67455571702105)]
Atom 1: [(3, 18.695069734035787), (12, 11.810522917975552), (4, 19.700629899262726), (7, 12.75379295321746), (15, 7.600240550868607), (13, 8.59960468658915), (11, 6.752087002277788), (8, 15.181593168548472), (17, 21.057875945559616), (6, 9.616411360292084), (2, 1.5808660164152508), (10, 8.943751988086083), (14, 6.552503921104188), (16, 19.30120845272602), (9, 8.979528719372485), (5, 12.07295763988916), (0, 19.79310957541283)]
Atom 2: [(15, 9.065894111610657), (1, 1.5872863640988613), (7, 12.111636113897967), (0, 20.512021914865354), (3, 18.254051662399235), (17, 21.42379859334504), (5, 11.788451875140545), (16, 20.590666575987136), (14, 7.144762523663345), (13, 9.184488438232666), (8, 14.803717661794465), (11, 8.31573384488768), (12, 13.34292432710779), (9, 8.85346502690991), (4, 20.46374842541284), (6, 8.803897524559678), (10, 10.28107196872119)]
Atom 3: [(0, 14.528575328453387), (14, 25.133333450708804), (17, 11.766868049318402), (6, 9.797055463741174), (16, 22.33715208472611), (10, 26.08171170421462), (13, 27.192096792963856), (4, 14.893978802131025), (7, 6.350694323627066), (15, 24.077074779507416), (2, 18.171380651852864), (8, 3.4776635317875444), (5, 6.649420591780531), (9, 9.844544395236893), (1, 18.614521906656925), (11, 22.05667172334008), (12, 23.289829017702818)]
Atom 4: [(3, 14.924139416213013), (10, 22.162988243986703), (1, 19.59640664669888), (16, 8.892143277589495), (7, 15.938810859013454), (15, 20.12049240557302), (17, 4.439999003171915), (2, 20.36440717992453), (8, 13.677257045593077), (12, 15.366169540206892), (14, 24.717854982109973), (5, 13.246842548199016), (0, 1.0993513253533662), (13, 26.38734665945337), (11, 17.972196609576045), (9, 13.568595959718442), (6, 17.295101349834553)]
Atom 5: [(8, 3.2380104940994747), (16, 18.496632990883448), (1, 11.991834383199857), (15, 17.450401370043224), (7, 2.9612231497194568), (3, 6.714915347968553), (2, 11.700224797902992), (0, 13.168265751890084), (11, 15.472456572559826), (6, 4.562515585504463), (13, 20.573147690839484), (9, 3.1308842121330422), (17, 12.126964839369416), (14, 18.522349428955312), (4, 13.313861941987952), (10, 19.43219505178335), (12, 17.311674225997837)]
Atom 6: [(7, 3.572276960632455), (4, 17.384114391795816), (2, 8.736164851343808), (15, 16.288914837463757), (10, 18.004067318958725), (8, 6.8973646651162355), (12, 17.893459725639715), (16, 21.312143636084826), (14, 15.834210652594283), (17, 16.607019588472323), (3, 9.894023688872068), (5, 4.668727303328565), (0, 17.244851172590106), (11, 14.710600333634812), (13, 17.881860314991606), (1, 9.561588095162433), (9, 4.230880924135783)]
Atom 7: [(2, 12.030111272259955), (16, 21.291108951474396), (0, 15.740360317357394), (10, 20.73214131720084), (4, 15.99246407671969), (1, 12.678878799493658), (12, 19.492341781237307), (14, 19.085982605645647), (11, 17.096209914663604), (17, 14.422635231449323), (15, 18.8795926611013), (6, 3.4794618107373543), (5, 2.994321495999263), (9, 5.007821302064031), (8, 3.6989139709159398), (13, 21.14498054275838), (3, 6.446657286179641)]
Atom 8: [(11, 18.581178911440198), (12, 20.09751700966461), (9, 6.305933004349006), (17, 11.517009050971012), (0, 13.453075209725819), (14, 21.63386154460051), (10, 22.57513492046419), (15, 20.581643329476844), (16, 20.157522330495247), (4, 13.731484105506098), (13, 23.689906571288258), (2, 14.722728420679537), (5, 3.175482728413185), (1, 15.10698081178726), (3, 3.5398937676845916), (6, 6.798922055744274), (7, 3.5948806741980914)]
Atom 9: [(17, 13.478179257450188), (6, 4.169334953757438), (15, 14.323413996012256), (8, 6.357142032081296), (1, 8.909339936485079), (3, 9.896327186525271), (4, 13.642079142688639), (0, 13.631841416893195), (5, 3.1821464593106743), (12, 14.671527010005347), (16, 17.262427788377856), (13, 17.46526356559325), (7, 5.006355721791624), (11, 12.385220126455495), (2, 8.775209272263476), (14, 15.424038735162068), (10, 16.285939227082878)]
Atom 10: [(11, 4.516908720067297), (0, 22.622178900950765), (13, 5.9780157584168645), (5, 19.490446538196142), (9, 16.34185703650469), (2, 10.276497442666797), (3, 26.143338353489636), (1, 8.949455001048582), (4, 22.276132083808463), (6, 18.03518829286632), (16, 18.123811823543836), (15, 2.236236488453339), (8, 22.635054010235553), (14, 5.820386537556683), (7, 20.776580723657947), (12, 8.174588203495537), (17, 25.07660861655138)]
Atom 11: [(0, 18.43213375689521), (10, 4.427088835660184), (6, 14.731764338560144), (7, 17.13321082052476), (8, 18.635393598118174), (1, 6.720822164999228), (12, 5.630334016266723), (13, 8.704944044646128), (3, 22.113523025594365), (15, 2.1998873797330574), (17, 20.749749442864225), (2, 8.282582478283326), (5, 15.523652117388876), (14, 7.507391319961042), (9, 12.431654717851996), (16, 14.817318072474798), (4, 18.072915748282973)]
Atom 12: [(6, 17.888551139408907), (3, 23.32752815535719), (2, 13.293658545113798), (17, 18.99299358192658), (16, 10.099810512233969), (14, 12.827303667547413), (4, 15.457043268212043), (10, 8.071212130543595), (15, 6.528762682468797), (0, 15.905454998562401), (7, 19.50412121503541), (1, 11.760566993895194), (8, 20.129047328195764), (13, 13.690606271057973), (11, 5.556362009536682), (9, 14.68536694207762), (5, 17.335971846782538)]
Atom 13: [(2, 9.25435804067959), (1, 8.683291096326807), (6, 17.952953767674156), (12, 13.805214838402053), (0, 26.789480620275892), (4, 26.50215047413366), (11, 8.822222846370773), (3, 27.275655385060855), (9, 17.55456725886374), (14, 2.144057615552631), (5, 20.659936601411253), (17, 28.65146619053032), (15, 7.289957734006835), (10, 6.082970352077744), (7, 21.221773641241647), (16, 23.579784721909643), (8, 23.77484178732353)]
Atom 14: [(16, 22.425700777512013), (13, 2.0596235293211675), (15, 6.476061602767359), (5, 18.610670458530816), (2, 7.2131036660966314), (6, 15.906575195599869), (7, 19.164613561784623), (3, 25.218510289638818), (1, 6.637293054687636), (9, 15.514938197617727), (4, 24.831930582781194), (12, 12.932969747323973), (0, 25.094986724926578), (17, 26.822432724774156), (11, 7.617511897882975), (10, 5.896069967312194), (8, 21.720363828726704)]
Atom 15: [(8, 20.63678102701556), (3, 24.13414123774917), (2, 9.051010739627914), (7, 18.91974692182614), (10, 2.1493862164107007), (13, 7.185949759860684), (1, 7.592193187458856), (4, 20.221645247960364), (16, 16.480313542633393), (11, 2.286606152747231), (0, 20.566453117557696), (5, 17.503499417585424), (14, 6.382962744643379), (17, 22.9583973956624), (6, 16.31566595262981), (12, 6.631277557325106), (9, 14.373494661747612)]
Atom 16: [(6, 21.254371082454764), (10, 17.99863809141791), (11, 14.716019657207054), (0, 9.56780418770484), (8, 20.134483424144538), (1, 19.23217658626507), (14, 22.31467631894131), (3, 22.366519794581098), (15, 16.373265874355962), (12, 9.991872605544364), (17, 13.325824893093982), (5, 18.46572051801256), (9, 17.21710135764921), (7, 21.271918089874326), (13, 23.46359665530043), (2, 20.525559083180447), (4, 8.997830820454555)]
Atom 17: [(14, 26.711640445850897), (10, 24.97252392279015), (3, 11.758821928454886), (2, 21.411481780661607), (15, 22.86451225401587), (5, 12.042358076525726), (12, 18.91228003066426), (6, 16.506112835379575), (7, 14.349232734008648), (11, 20.65575519935515), (4, 4.34445834607549), (9, 13.397436662657356), (13, 28.541157357629444), (1, 20.958092891218495), (16, 13.243969565421745), (8, 11.442494046921414), (0, 3.9096267714551884)]
New position of object Informational Sign:1: (18.52069540326038, -2.041248284826791, 1.1502764748732615)
New position of object Pedestrian:2: (-1.04315187220066, -0.021734028592760524, -0.058570769543710155)
New position of object Trash Can:1: (19.760622195553243, 1.5354272025499824, 0.2672450522688616)
New position of object Pedestrian:1: (-1.573176124906908, 1.4768655761470626, 0.03945610789370413)
New position of object Railing:2: (14.760325129692003, -10.81436351711027, 0.3672327128582848)
New position of object Bollard:4: (13.482610497439037, 11.46000069903089, -0.7666461253014616)
New position of object Railing:1: (18.26206495134016, -2.6325937475234813, 0.302878240005044)
New position of object Bollard:1: (8.81776190052361, 6.678550101803649, -0.6584123483646156)
New position of object Fence:1: (4.3672563474500095, 7.788073374562287, 0.33268602401594155)
New position of object Fence:2: (7.559853288422897, 9.195936044736897, 0.3129730375791789)
New position of object Bollard:3: (11.002875737611095, 8.952505297001386, -0.7113844026732217)
New position of object Bollard:2: (6.595728132166805, 4.366172683081155, -0.5545494098753614)
New position of object Fence:5: (-3.1628864646505477, -8.532374908645277, 1.8020744859866946)
New position of object Fence:8: (0.619911607786797, -6.451547253678985, 0.7694682351720816)
New position of object Fence:9: (4.78024757829035, -10.056212305390478, 1.5599117239137827)
New position of object Fence:6: (-8.130995847658141, -5.091447089999967, 0.973104818043184)
New position of object Fence:7: (-6.492613128558283, -3.7845966713423493, 0.8542693356370104)
New position of object Fence:4: (-1.3256005294524087, -7.455729838826571, 1.420591471393593)

After Updating position of all the atoms:
Atom 0: [(7, 15.663933898362265), (15, 20.47340459370863), (12, 15.825667645761214), (16, 9.55475495757131), (17, 3.952143182190544), (4, 1.1781268960753253), (2, 20.41634941397855), (6, 17.158027404870722), (10, 22.52865442985235), (11, 18.34157959254178), (9, 13.5492475167372), (1, 19.69847213007658), (14, 24.997731873096743), (5, 13.097340056321716), (13, 26.693048272564283), (3, 14.491503944880462), (8, 13.397280277441283)]
Atom 1: [(2, 1.5849236831730482), (15, 7.591630798673967), (8, 15.112384257383033), (0, 19.704919936630834), (6, 9.565295935798371), (10, 8.947535891034304), (11, 6.722322483184078), (17, 20.964683446966728), (3, 18.619800826646664), (5, 11.99742804109812), (4, 19.602958568209502), (14, 6.631618839271291), (13, 8.677731364033994), (16, 19.237650568139195), (9, 8.915211540227451), (12, 11.763634609693716), (7, 12.683334550907007)]
Atom 2: [(12, 13.303620384312268), (17, 21.335094751262176), (13, 9.24863725122664), (15, 9.055894914324004), (1, 1.592587753463934), (16, 20.53814011996715), (0, 20.42975085547949), (10, 10.279082145282686), (8, 14.731523256214992), (14, 7.207802233408982), (3, 18.179715845658926), (6, 8.74226436144047), (9, 8.785688805034253), (7, 12.037434865175836), (11, 8.29014920289288), (5, 11.709678853795424), (4, 20.377701309070492)]
Atom 3: [(9, 9.817272094614781), (1, 18.529149345941143), (2, 18.082850950824376), (5, 6.635734816525427), (11, 22.04841947372127), (7, 6.337755574139206), (16, 22.33977477805919), (13, 27.18419094282063), (15, 24.064990174687154), (0, 14.537558801168906), (17, 11.788957584781098), (10, 26.071341878612657), (8, 3.4602597459046955), (12, 23.288029533534043), (6, 9.785445321354308), (4, 14.968192594751226), (14, 25.126801321841327)]
Atom 4: [(0, 1.0652055836176366), (6, 17.27553605912882), (17, 4.429372661958242), (11, 17.956797205643213), (9, 13.537948239783313), (2, 20.258179476582487), (16, 8.899869652934079), (14, 24.71011901793384), (15, 20.10260736364985), (5, 13.224566297389106), (8, 13.660884756598717), (13, 26.381523803583487), (1, 19.48431755187649), (3, 14.91939293268847), (10, 22.15682513897521), (12, 15.351071405083841), (7, 15.896437418017799)]
Atom 5: [(14, 18.550092374670058), (16, 18.503189789954035), (8, 3.2212319759747214), (13, 20.600035965855508), (17, 12.126613138742036), (1, 11.9369693716968), (7, 2.936170930595703), (6, 4.578986492097819), (3, 6.680927839479976), (12, 17.332884875539673), (15, 17.467924644176996), (2, 11.641139778176079), (0, 13.170161643705065), (4, 13.297230519691434), (9, 3.1377511773906352), (11, 15.493795951407547), (10, 19.451228410687857)]
Atom 6: [(5, 4.692581118581477), (7, 3.5783412323396204), (15, 16.28169550525261), (1, 9.508874310671349), (2, 8.672143080987462), (4, 17.368272738302064), (16, 21.30886506820068), (3, 9.888440864485368), (9, 4.2419861143794515), (10, 17.992985594674213), (0, 17.25119866953038), (12, 17.89621829648142), (8, 6.910524492652799), (13, 17.8800776014874), (14, 15.83491844657381), (17, 16.61492036714935), (11, 14.709757553157282)]
Atom 7: [(1, 12.614086735673101), (2, 11.961232656989312), (8, 3.692467714028804), (16, 21.266448396573686), (0, 15.719906124690796), (12, 19.479855873323665), (14, 19.08929041598722), (5, 2.977105243369847), (13, 21.146137589341194), (3, 6.431999630957322), (11, 17.08648246976256), (6, 3.489289487476623), (4, 15.951537650935464), (9, 4.986370521800733), (15, 18.866220132874336), (10, 20.718600184114536), (17, 14.406396103643099)]
Atom 8: [(3, 3.526991852597037), (4, 13.70908737372784), (12, 20.09820289111464), (13, 23.697904662885087), (15, 20.57891528513219), (7, 3.6004125152484154), (16, 20.14971323692391), (2, 14.649437912666336), (17, 11.518198040095912), (10, 22.57453093442428), (5, 3.154108550658275), (0, 13.447899894264907), (11, 18.58145539883814), (1, 15.035621646243541), (14, 21.643117100790136), (9, 6.291187312505185), (6, 6.817435694523557)]
Atom 9: [(1, 8.823389815889543), (17, 13.490845111176172), (11, 12.382967693562524), (12, 14.675356789709227), (4, 13.631629708268107), (8, 6.362546194460801), (13, 17.4660618215592), (3, 9.889212792212813), (0, 13.644277891260801), (14, 15.425457221457929), (5, 3.208630689924796), (16, 17.26148909390818), (7, 5.000874587845162), (15, 14.316761591716183), (2, 8.685156007496754), (10, 16.280041726327184), (6, 4.178836866017887)]
Atom 10: [(9, 16.34493086592282), (17, 25.083930912742375), (1, 8.965839821153264), (14, 5.817425331574679), (12, 8.195050305863692), (0, 22.64370305661448), (13, 5.976738229959386), (5, 19.518252236956744), (7, 20.77227912857906), (2, 10.286831270779404), (4, 22.272933132182104), (3, 26.14126961591948), (8, 22.64304153955079), (6, 18.03383446157958), (16, 18.124782944318355), (11, 4.528594925179271), (15, 2.250427825327221)]
Atom 11: [(5, 15.544872111002334), (15, 2.197320086485846), (0, 18.440005759282524), (14, 7.518848237545957), (10, 4.439108092368288), (8, 18.635549459040746), (1, 6.69282652108154), (9, 12.429258645938138), (4, 18.056790598088536), (2, 8.258467261508965), (12, 5.635218228105612), (17, 20.746344036830536), (16, 14.803622993522604), (13, 8.7191643765098), (6, 14.730925528767646), (3, 22.1050270327032), (7, 17.123519263581876)]
Atom 12: [(6, 17.891203875173076), (0, 15.912490556757936), (16, 10.079644061931736), (3, 23.32576716538923), (8, 20.129859219361244), (2, 13.25479775229506), (1, 11.714188876278744), (4, 15.441814833517553), (5, 17.357268115032568), (13, 13.709587910513608), (10, 8.091606863854706), (9, 14.68918324085789), (11, 5.561187501909112), (17, 18.985487017181363), (7, 19.49169772201979), (14, 12.84320556730693), (15, 6.535644952145287)]
Atom 13: [(8, 23.794435156663084), (9, 17.5686282444078), (4, 26.51582210238516), (15, 7.322246510084185), (10, 6.099941459147427), (3, 27.27865716084111), (5, 20.699156295991855), (1, 8.775185312200222), (2, 9.32842059034306), (14, 2.152427377628394), (7, 21.23129382344837), (17, 28.67675117523938), (0, 26.826251118658952), (11, 8.858313699959204), (6, 17.95824299761385), (16, 23.603631702083494), (12, 13.845340111128623)]
Atom 14: [(17, 26.79327558383307), (1, 6.684986186251215), (10, 5.87595204626236), (12, 12.919306574169594), (9, 15.483038729006498), (11, 7.596566642924054), (0, 25.075735034714288), (13, 2.0991135802689063), (15, 6.456484409234129), (16, 22.390672414797734), (3, 25.180045171224407), (8, 21.69740004808243), (6, 15.878775336224033), (2, 7.248983791591495), (5, 18.605731101051735), (4, 24.787602338996685), (7, 19.13789548711871)]
Atom 15: [(6, 16.308454681295025), (10, 2.1634032228100404), (17, 22.952121943597017), (12, 6.638019305974819), (11, 2.2841544626417725), (7, 18.906509060171626), (16, 16.46654150605418), (0, 20.573408636994497), (9, 14.366837108554485), (13, 7.218274216070094), (3, 24.122022798724387), (5, 17.52107096351476), (1, 7.584984633179676), (14, 6.36364350778463), (8, 20.634118068572015), (4, 20.203676982427833), (2, 9.042128588744058)]
Atom 16: [(17, 13.324049650858298), (4, 8.930154277473411), (15, 16.359590221644957), (13, 23.464803351193428), (6, 21.248994558220488), (11, 14.703143709415137), (3, 22.327640975961376), (14, 22.312628358987226), (8, 20.133909924688687), (0, 9.577112978684738), (12, 9.971767320937342), (10, 18.000503199724506), (1, 19.141892415103417), (5, 18.4585147767855), (7, 21.244132547829143), (2, 20.444192656098743), (9, 17.207646615260863)]
Atom 17: [(2, 21.322322369560617), (4, 4.412142764644461), (1, 20.864513474118375), (13, 28.548904298556323), (6, 16.509608565169653), (10, 24.9754805244461), (14, 26.71915024631535), (12, 18.904792838391433), (3, 11.72097093643386), (8, 11.4479532287371), (5, 12.04306644696592), (0, 3.8871288228658307), (9, 13.385359251932718), (15, 22.858264137122642), (16, 13.291235745112685), (11, 20.65294796337184), (7, 14.332879906594005)]
New position of object Informational Sign:1: (18.43750325686799, -2.0295729571119416, 1.2232881901751824)
New position of object Pedestrian:2: (-1.038118757892061, -0.020646299637256504, -0.07098241506269048)
New position of object Trash Can:1: (19.66057885119762, 1.5426788844960813, 0.40560802210761643)
New position of object Pedestrian:1: (-1.5823627208853424, 1.4817711414826178, 0.02819236360411287)
New position of object Railing:2: (14.662484154546952, -10.812481263047642, 0.40559559591831834)
New position of object Bollard:4: (13.367229275646103, 11.492682605952831, -0.6890375928983288)
New position of object Railing:1: (18.18177654239806, -2.6464594800619086, 0.3388636514602876)
New position of object Bollard:1: (8.732253316022366, 6.644786548096918, -0.6428786474225484)
New position of object Fence:1: (4.256372894376142, 7.795588723513189, 0.36039123785878296)
New position of object Fence:2: (7.474154812527523, 9.194281608182802, 0.33398999719599937)
New position of object Bollard:3: (10.882013465996508, 8.961780057226838, -0.6468594971012249)
New position of object Bollard:2: (6.458597112425377, 4.359229950737281, -0.5326760973529212)
New position of object Fence:5: (-3.2775591197812552, -8.532510219810911, 1.8280276794451285)
New position of object Fence:8: (0.5230622717192084, -6.445452210832098, 0.7845534408400041)
New position of object Fence:9: (4.6850181158759305, -10.049323595860704, 1.5972030512861006)
New position of object Fence:6: (-8.238120533501242, -5.079866942187259, 0.9489330442903416)
New position of object Fence:7: (-6.582394040213099, -3.7754827448521127, 0.8514962510393695)
New position of object Fence:4: (-1.4249167662422622, -7.443199703983263, 1.4314204807123077)

After Updating position of all the atoms:
Atom 0: [(9, 13.575489196717527), (6, 17.179965069935104), (8, 13.40233886943169), (3, 14.507908128391758), (1, 19.62576122888479), (17, 3.9209550298154268), (12, 15.844900987410467), (16, 9.561747494169751), (4, 1.1142563210891967), (15, 20.495423351534612), (5, 13.11150746058289), (10, 22.56542184224724), (14, 24.99453912644551), (11, 18.363724605985205), (13, 26.74551943022506), (2, 20.350033388344933), (7, 15.657713589909887)]
Atom 1: [(7, 12.610231370179383), (11, 6.694169781958629), (15, 7.588669558128202), (2, 1.594059243398664), (17, 20.859611401279498), (14, 6.6914065817630055), (0, 19.621691455542297), (3, 18.52405953381708), (9, 8.817802229947787), (8, 15.030406272710378), (4, 19.479710790205278), (10, 8.970646792492616), (5, 11.931583713176973), (6, 9.505636811302596), (13, 8.781346378341212), (16, 19.138630910758856), (12, 11.714341106967913)]
Atom 2: [(5, 11.646481431478337), (14, 7.2475921635902045), (6, 8.675259725361324), (0, 20.360570354993197), (13, 9.326556347029443), (12, 13.264766716314373), (8, 14.654250907940321), (3, 18.08729530348323), (15, 9.048957170378811), (9, 8.69140553814567), (4, 20.26831913131352), (11, 8.266622218022706), (10, 10.292124863312058), (17, 21.24638131464681), (7, 11.965348041228122), (1, 1.6010294486234264), (16, 20.454665044485083)]
Atom 3: [(17, 11.824004057828692), (2, 18.006195267816093), (12, 23.3055551231982), (0, 14.567637545535637), (13, 27.202385164148815), (4, 14.982214301420493), (10, 26.085499693127066), (8, 3.4703267560328643), (16, 22.36953826618555), (15, 24.07014990912951), (7, 6.32492576454648), (5, 6.62378011941915), (14, 25.10359334262672), (1, 18.451362731747146), (6, 9.78609020063309), (9, 9.831503368676774), (11, 22.05939102131189)]
Atom 4: [(9, 13.572461623373114), (15, 20.1205610429597), (2, 20.19306825453271), (17, 4.44299350854079), (11, 17.974515661179094), (16, 8.892344112988173), (10, 22.189628777047638), (6, 17.31243721357395), (14, 24.70600139479585), (13, 26.433732561275622), (3, 14.971699478698335), (1, 19.4027638240239), (12, 15.362173475896078), (7, 15.908119175534242), (8, 13.681214187335023), (5, 13.252740597135007), (0, 1.1082201493259087)]
Atom 5: [(13, 20.608730065800433), (9, 3.1248396856953766), (6, 4.616495394926112), (10, 19.43755067158246), (3, 6.707251969496325), (11, 15.46993118134309), (8, 3.238207072435167), (16, 18.46681172988887), (14, 18.515130155535456), (0, 13.149865699148444), (12, 17.30300544631788), (4, 13.288512328436418), (1, 11.841251235024448), (15, 17.44255988340234), (17, 12.106160659346974), (2, 11.554149400955946), (7, 2.965895821272604)]
Atom 6: [(11, 14.709591368600199), (9, 4.250952092864294), (0, 17.27376193996923), (7, 3.58834276785642), (14, 15.807761064614121), (2, 8.606130497275611), (16, 21.32016565643399), (10, 17.992394404234453), (4, 17.405565227337615), (13, 17.88569300701656), (17, 16.624995854815396), (8, 6.9283807340118635), (12, 17.899723295528283), (1, 9.450463217297665), (3, 9.888251010493434), (5, 4.729101569910633), (15, 16.27529323021508)]
Atom 7: [(0, 15.714985577179073), (12, 19.476692126314365), (3, 6.407617281369481), (5, 3.006161880993299), (14, 19.073347338757312), (13, 21.166275990816203), (17, 14.389617237192192), (10, 20.725256825048547), (15, 18.863702659551645), (1, 12.551402325583997), (6, 3.5087261625718127), (16, 21.25906316554779), (2, 11.899447034408151), (8, 3.688242777756514), (9, 4.98716066548236), (4, 15.964220506537366), (11, 17.086902937049548)]
Atom 8: [(0, 13.468211441687522), (3, 3.547329181714758), (6, 6.802475229959176), (7, 3.553818130361132), (16, 20.15988668401475), (17, 11.541835222894827), (13, 23.698354390020672), (1, 14.936705456863324), (10, 22.56771919546502), (5, 3.1606871833402286), (2, 14.5522129630638), (4, 13.748069546386473), (12, 20.094412648167776), (14, 21.60095268221517), (9, 6.284932000627329), (11, 18.571143680091243), (15, 20.56294784694116)]
Atom 9: [(14, 15.361620239764573), (2, 8.558701868295794), (11, 12.35551423649902), (16, 17.273243399106363), (17, 13.53165395760814), (6, 4.17802852874638), (4, 13.684743398467782), (3, 9.93175684701246), (7, 5.0159936295657435), (12, 14.662904091215994), (5, 3.225744269766449), (10, 16.25476798852578), (0, 13.68920763199177), (15, 14.282936041022632), (13, 17.448177424430547), (8, 6.384600031996181), (1, 8.69466651833933)]
Atom 10: [(12, 8.204986471329349), (9, 16.326745699148088), (2, 10.314985660587666), (0, 22.675930783856455), (3, 26.160904915977397), (13, 6.010628638819427), (11, 4.543262378040926), (16, 18.140196627242307), (5, 19.511312359769228), (7, 20.7863091863661), (1, 9.004063519825648), (14, 5.816137950153907), (17, 25.093642357075016), (15, 2.2661867952273425), (6, 18.04219785451871), (8, 22.64218970518974), (4, 22.30171046972014)]
Atom 11: [(9, 12.397855625633825), (8, 18.62094570654888), (0, 18.45588452429438), (16, 14.803303785699676), (4, 18.068236628134994), (14, 7.503646702109539), (13, 8.761369951248827), (15, 2.200627050268245), (7, 17.120805146291097), (5, 15.517175346506727), (1, 6.666885240086065), (17, 20.741224140738133), (2, 8.236854166253345), (12, 5.635813664598182), (3, 22.111553026972803), (6, 14.72836612368728), (10, 4.459750282359549)]
Atom 12: [(2, 13.217715495979235), (4, 15.445009005696035), (3, 23.33807443010094), (8, 20.121148829004003), (16, 10.077309487433038), (6, 17.89285711880275), (0, 15.92441710657813), (11, 5.565084437625048), (7, 19.48566991359862), (17, 18.975295506406994), (5, 17.323146142683857), (15, 6.548698857501942), (10, 8.109046741789959), (13, 13.75573523900497), (1, 11.666683622084205), (14, 12.835037755347091), (9, 14.672708780248794)]
Atom 13: [(2, 9.391590376626048), (17, 28.67909940468925), (6, 17.950936078004585), (9, 17.529552914056577), (1, 8.858666187581894), (7, 21.236879910632464), (14, 2.1756567727887024), (10, 6.107431744961654), (5, 20.688038875681315), (0, 26.850856015158495), (3, 27.278626921263353), (16, 23.613466022860596), (11, 8.86849299072062), (8, 23.775910675514947), (12, 13.860853724996003), (15, 7.32462415294192), (4, 26.53873806423184)]
Atom 14: [(11, 7.590831818047446), (1, 6.759345532363558), (0, 25.083494393513416), (7, 19.132934060031303), (6, 15.862211312497816), (12, 12.917884283074425), (4, 24.7951936947315), (13, 2.110057412373638), (5, 18.583691563319153), (3, 25.168980673609155), (8, 21.667682459833134), (17, 26.78012855846456), (16, 22.384437117102465), (10, 5.87408357784283), (2, 7.301839556625858), (15, 6.442201957197025), (9, 15.43233404164879)]
Atom 15: [(13, 7.227577840706755), (8, 20.61317880320952), (3, 24.122014132784287), (0, 20.588015999101415), (10, 2.18544694744711), (17, 22.943330853217383), (14, 6.355157876558666), (2, 9.035980465322645), (6, 16.298614314870353), (16, 16.46841957519675), (11, 2.28222684229677), (7, 18.8998310321255), (1, 7.582949703173909), (5, 17.491202862920343), (12, 6.644597043030159), (4, 20.21447055205779), (9, 14.328461613088118)]
Atom 16: [(4, 8.937454477337285), (15, 16.36816570706617), (0, 9.594731299628227), (12, 9.978125485719756), (14, 22.296425969573875), (1, 19.05780051034552), (9, 17.215863811412085), (10, 18.02478504697191), (13, 23.507339903470566), (5, 18.472386671418086), (2, 20.3761165434511), (7, 21.231879505149408), (11, 14.708636662270493), (3, 22.334495858443255), (6, 21.259766325912647), (8, 20.131941580520248), (17, 13.327825511623965)]
Atom 17: [(13, 28.578056342252527), (3, 11.742859308499286), (5, 12.044749558848114), (1, 20.76312131613844), (0, 3.8633532049979182), (15, 22.856536831968096), (7, 14.31811738835541), (6, 16.519563649140014), (12, 18.902141483501108), (11, 20.653983995278747), (16, 13.29324851624263), (10, 24.987344727744787), (14, 26.694018291595967), (4, 4.40446320088123), (9, 13.400908321281827), (8, 11.450284832417262), (2, 21.23701365543381)]
New position of object Informational Sign:1: (18.37099253431236, -2.0294954417619984, 1.099264934661686)
New position of object Pedestrian:2: (-1.0157083073408764, -0.01568045533707796, -0.043505705181454135)
New position of object Trash Can:1: (19.578358069574076, 1.5430246498781734, 0.18384376157118526)
New position of object Pedestrian:1: (-1.5801031774540526, 1.4893200357452985, 0.011262314896703374)
New position of object Railing:2: (14.58484941253457, -10.872310295299352, 0.24485256466158734)
New position of object Bollard:4: (13.306282449529636, 11.458217701561138, -0.7893902840988688)
New position of object Railing:1: (18.08869145180763, -2.6661629759680405, 0.13610729913097214)
New position of object Bollard:1: (8.634227381086713, 6.642738001975888, -0.7065896212196023)
New position of object Fence:1: (4.159124235276039, 7.804422974578513, 0.33488673488209453)
New position of object Fence:2: (7.405947603149226, 9.199870336028084, 0.27373386390072674)
New position of object Bollard:3: (10.79635028020122, 8.944714620819486, -0.7228970060447918)
New position of object Bollard:2: (6.3997554414996, 4.366832121777182, -0.5652525424669115)
New position of object Fence:5: (-3.370239657280628, -8.531032378901537, 1.873164827663446)
New position of object Fence:8: (0.44465872640171966, -6.436398464825235, 0.7974744816623787)
New position of object Fence:9: (4.614274757814126, -10.038860530954027, 1.5966159819849526)
New position of object Fence:6: (-8.304034463921738, -5.073121005104291, 1.0477738017421012)
New position of object Fence:7: (-6.690836195889393, -3.7689295698876997, 0.9178292592517443)
New position of object Fence:4: (-1.5173672419676123, -7.408171829055313, 1.738720037846946)

After Updating position of all the atoms:
Atom 0: [(2, 20.288237365804058), (12, 15.870459406436792), (14, 25.015622369248447), (13, 26.783806007055045), (11, 18.388809971529643), (9, 13.615586963481668), (17, 3.8606504889991142), (16, 9.559029840481072), (1, 19.547852948304307), (10, 22.61592547435692), (7, 15.662052526144), (15, 20.525509644862655), (4, 0.9973251363751835), (6, 17.21338725453656), (3, 14.528763603037829), (5, 13.083712241500486), (8, 13.414242248876551)]
Atom 1: [(8, 14.91692382660094), (9, 8.674351286505642), (5, 11.821329216221258), (6, 9.432597686880923), (3, 18.431712489202425), (17, 20.73979357743053), (16, 19.041489398994642), (4, 19.380676695043103), (13, 8.876607336682177), (2, 1.6026849728736021), (15, 7.583594201015845), (14, 6.776808379056085), (7, 12.531706987114342), (0, 19.52448578218119), (10, 9.008606748245615), (12, 11.656080029207436), (11, 6.662991945969334)]
Atom 2: [(9, 8.552950033000167), (13, 9.400140374548982), (17, 21.15923323004183), (11, 8.245113381701536), (1, 1.608280940504968), (16, 20.379191769282325), (5, 11.547789044103125), (4, 20.192669088087168), (14, 7.310749295501431), (15, 9.046040069488855), (3, 17.999456384440833), (8, 14.545622514249255), (0, 20.288223977603966), (6, 8.599730734401911), (10, 10.325651298448276), (7, 11.893282714995305), (12, 13.22525045875041)]
Atom 3: [(11, 22.05514482599443), (1, 18.366439555880817), (9, 9.866728117061728), (2, 17.93389088544517), (12, 23.293697841251813), (4, 14.966139047546546), (5, 6.64171119840322), (7, 6.356186172980395), (0, 14.530544126591508), (15, 24.066653500777306), (16, 22.39099980723661), (13, 27.21564461064699), (8, 3.4827569599115447), (17, 11.772729944382029), (10, 26.10562929366405), (6, 9.83044818589317), (14, 25.106126551618722)]
Atom 4: [(16, 8.923541247482468), (7, 15.917841919133584), (8, 13.702492611871829), (1, 19.28821942484173), (5, 13.222841401657595), (17, 4.465271086004848), (14, 24.706372276332786), (2, 20.10336060211824), (10, 22.221460079089933), (3, 14.94075336672798), (6, 17.34449735740512), (12, 15.372193091178174), (13, 26.44971988203919), (0, 1.1885756522731148), (11, 17.979289140892934), (9, 13.60376827753784), (15, 20.13153798960052)]
Atom 5: [(15, 17.440501977548337), (0, 13.16333313521892), (3, 6.709977589340675), (1, 11.7428904203004), (11, 15.469816744538122), (9, 3.158800721756703), (13, 20.6115585563983), (17, 12.106772666959715), (4, 13.29483607951924), (6, 4.651142101312387), (2, 11.463227158876066), (7, 2.989807532427607), (14, 18.507093845175444), (8, 3.2301804942237893), (12, 17.30689558772135), (16, 18.522744441634757), (10, 19.4577260001248)]
Atom 6: [(12, 17.90604013895262), (16, 21.38981573688031), (5, 4.739275592486074), (10, 18.01191592811991), (13, 17.890602488075846), (0, 17.29934755997153), (15, 16.27494692802939), (3, 9.913864943548596), (14, 15.803205900251806), (4, 17.427149114290955), (8, 6.892063601658574), (2, 8.539554390499736), (1, 9.384886271948204), (17, 16.64273700438447), (11, 14.713330335075497), (7, 3.5945981073904725), (9, 4.231973033012544)]
Atom 7: [(17, 14.380644723208293), (2, 11.84358838692093), (4, 15.966925307296362), (13, 21.192065933556695), (16, 21.317361483421866), (6, 3.5345261343457652), (3, 6.406583885104517), (11, 17.100034056138323), (10, 20.760309856575773), (5, 3.001438175645779), (8, 3.6037776013556586), (12, 19.48554579661899), (9, 4.997956514175781), (14, 19.08840744747775), (0, 15.716627108340427), (1, 12.488046508846583), (15, 18.876339268249446)]
Atom 8: [(6, 6.817033156182343), (9, 6.314978717162223), (17, 11.52088772873842), (15, 20.556366117855266), (2, 14.46715239835352), (10, 22.583966230047043), (4, 13.737853061049929), (12, 20.087427233855784), (16, 20.199102490788242), (14, 21.594047543337577), (3, 3.5527283301082555), (7, 3.5430506406899274), (1, 14.841663671436116), (0, 13.458408743740465), (11, 18.56529257677083), (13, 23.702214725470764), (5, 3.158185826606433)]
Atom 9: [(17, 13.498540704082338), (7, 5.007452369882751), (13, 17.487146544126542), (15, 14.306958098966184), (4, 13.659654121733476), (10, 16.302491839717668), (3, 9.901419215498354), (5, 3.1925833730938944), (1, 8.62946921085818), (6, 4.200917732138136), (0, 13.674580149463226), (11, 12.37994310542269), (14, 15.389628770596362), (16, 17.317144545426935), (12, 14.677945495403101), (2, 8.502387239152863), (8, 6.34916578202462)]
Atom 10: [(11, 4.548903087483844), (16, 18.18015969711629), (8, 22.64582832884364), (6, 18.052831404597097), (12, 8.201740114970471), (14, 5.8289788798863365), (0, 22.70572792927232), (9, 16.36317793642211), (13, 6.038295412286704), (1, 9.040390599497236), (15, 2.272179382681086), (5, 19.519366523106555), (2, 10.3478853925414), (17, 25.119286779533567), (3, 26.168028356782635), (4, 22.313668150160623), (7, 20.810317209643685)]
Atom 11: [(2, 8.217956199004838), (6, 14.724545382084624), (12, 5.627916269761142), (17, 20.739965922320533), (0, 18.46253816583314), (15, 2.2160434985750035), (9, 12.41088203697722), (3, 22.094270576835925), (14, 7.514177360506983), (8, 18.602357034500443), (16, 14.829959453453947), (10, 4.483084945916226), (5, 15.504678464662984), (1, 6.638187953445699), (7, 17.123864898811856), (13, 8.789412559682521), (4, 18.054472382397734)]
Atom 12: [(9, 14.676021177205474), (13, 13.791126688035176), (7, 19.485179489701874), (11, 5.567949166869799), (10, 8.130344116027565), (17, 18.97524121190679), (16, 10.096249887530258), (0, 15.92622275300908), (4, 15.428858029464108), (14, 12.851089326496636), (1, 11.612529754144456), (6, 17.893627048476535), (15, 6.575452756011999), (8, 20.09911251297353), (2, 13.182663290591604), (3, 23.31026375117858), (5, 17.31301547269679)]
Atom 13: [(3, 27.270242544073586), (0, 26.848154001031766), (8, 23.758360383631096), (15, 7.28606327941857), (4, 26.517929105207656), (1, 8.938025175695232), (16, 23.625754676758362), (10, 6.081180198674155), (12, 13.850722361154524), (2, 9.452578506530823), (5, 20.669878026337667), (9, 17.54753562776272), (11, 8.857810548901325), (14, 2.1648177013152456), (7, 21.23960819311657), (17, 28.66962803794629), (6, 17.93515184435722)]
Atom 14: [(10, 5.883591639815811), (2, 7.388548201471113), (16, 22.440269906356068), (0, 25.122774713243082), (8, 21.682491142281204), (12, 12.945204492283784), (1, 6.871544250101134), (9, 15.4839833166737), (15, 6.4415793405501995), (7, 19.16569704849869), (11, 7.618737648980316), (13, 2.078511374950327), (4, 24.816369070163777), (5, 18.598363690512866), (17, 26.810933585019985), (6, 15.874632356784725), (3, 25.19256570328944)]
Atom 15: [(3, 24.126180507844783), (17, 22.96891780339285), (12, 6.673660931039078), (0, 20.612761025611476), (16, 16.53823680230998), (2, 9.063851690444567), (8, 20.618052597882393), (1, 7.620821412177461), (9, 14.374972670514197), (11, 2.3832399310644017), (7, 18.91028283427099), (14, 6.378301255701753), (6, 16.297740459747168), (4, 20.23493397708064), (5, 17.50606979876748), (10, 2.1707204802409863), (13, 7.2103204528764415)]
Atom 16: [(7, 21.289387821103354), (4, 8.97838206452207), (15, 16.415826386934764), (5, 18.490257694113996), (2, 20.351171000283205), (3, 22.417574737183415), (13, 23.557081450775275), (14, 22.333498902565584), (9, 17.281213659113117), (6, 21.33497668495882), (8, 20.19646713067016), (17, 13.382054871466087), (12, 10.025608143570562), (0, 9.657135950712059), (11, 14.752023831642935), (1, 19.008602345909377), (10, 18.084433815098407)]
Atom 17: [(13, 28.60427479461994), (7, 14.320475321090905), (15, 22.87894730176437), (16, 13.299380308451413), (5, 12.014550875195706), (4, 4.418851480116787), (9, 13.437728252109538), (10, 25.03223310519428), (11, 20.670774359385188), (12, 18.92595300926033), (14, 26.70425493632481), (3, 11.761621325166928), (8, 11.460995120939835), (2, 21.16138189537161), (1, 20.654220375551233), (0, 3.880544712415114), (6, 16.549590817155572)]
New position of object Informational Sign:1: (18.289189340083887, -2.026034273058359, 0.9210859377920684)
New position of object Pedestrian:2: (-0.9973635663899323, -0.013303969194993215, -0.01553219842541581)
New position of object Trash Can:1: (19.494881514412057, 1.5347299867934154, -0.18215126374721352)
New position of object Pedestrian:1: (-1.5786783484025264, 1.5000884827301757, 0.04797459897704549)
New position of object Railing:2: (14.542282608929746, -10.848572280818791, 0.18824209432188707)
New position of object Bollard:4: (13.256773566859842, 11.43203102874262, -0.9448548135810737)
New position of object Railing:1: (18.02452702849223, -2.6864999659912563, -0.01214680582416039)
New position of object Bollard:1: (8.545220169567024, 6.640361379284589, -0.7818464588118249)
New position of object Fence:1: (4.063628665908183, 7.811082301953738, 0.29514031912017125)
New position of object Fence:2: (7.339585606229008, 9.207857167931296, 0.20419712022366474)
New position of object Bollard:3: (10.74681689174836, 8.91176381589023, -0.8182248363711667)
New position of object Bollard:2: (6.306155449963537, 4.344358947547638, -0.639265801667736)
New position of object Fence:5: (-3.470133335619522, -8.523072611306416, 1.887221622014967)
New position of object Fence:8: (0.36727972854782465, -6.427703920645957, 0.8122386893110084)
New position of object Fence:9: (4.543328020145399, -10.028534908257376, 1.5970703068414764)
New position of object Fence:6: (-8.364568018913275, -5.063619567738092, 1.2430431080164974)
New position of object Fence:7: (-6.727811994589121, -3.7472809134939293, 0.9954552186654141)
New position of object Fence:4: (-1.591682821496871, -7.3887311522152945, 1.7904381818119228)

After Updating position of all the atoms:
Atom 0: [(10, 22.635200884053067), (7, 15.64880026405974), (2, 20.198373204015518), (13, 26.767523973229462), (3, 14.476882996716423), (5, 13.077279186110882), (11, 18.381889590538457), (17, 3.8657035109908695), (14, 25.04075418991094), (1, 19.433245552085918), (9, 13.580743030074654), (4, 1.0325481212254939), (6, 17.223247634207), (8, 13.386659343893525), (12, 15.863953300240256), (15, 20.54107138956615), (16, 9.614365571136112)]
Atom 1: [(8, 14.826939951499746), (3, 18.351810677099998), (17, 20.6354605081798), (4, 19.270136263262398), (12, 11.601779639792587), (14, 6.884149754771114), (16, 18.994503940239806), (9, 8.614241362358657), (11, 6.632989601572655), (2, 1.6118878064152398), (6, 9.371713527682788), (13, 8.95096685792705), (15, 7.617865540679753), (5, 11.728085916427341), (0, 19.41389862504168), (7, 12.47324714119535), (10, 9.041538290611813)]
Atom 2: [(4, 20.1040009313609), (1, 1.6224415868211532), (8, 14.462297014171497), (3, 17.928401363264964), (12, 13.187050566725175), (16, 20.35619419573666), (7, 11.83474170919551), (6, 8.52932180469858), (9, 8.499980726970621), (5, 11.45947881361248), (11, 8.224564916221413), (14, 7.392790827991567), (13, 9.457118815863442), (15, 9.0674958490955), (0, 20.197228314450957), (10, 10.352023813488081)]
Atom 3: [(14, 25.148477693952472), (7, 6.379628843484308), (9, 9.852909775834727), (15, 24.092116020500466), (12, 23.28413717184565), (11, 22.055991717099378), (4, 14.942388822757117), (10, 26.13278982565396), (0, 14.488839327902307), (8, 3.5056655475076286), (2, 17.88071101801588), (13, 27.226073080766184), (16, 22.346402975377973), (5, 6.660482808155365), (6, 9.877474474073138), (1, 18.304091322749276)]
Atom 4: [(11, 17.99358204748447), (10, 22.258683712645244), (12, 15.37791239238559), (16, 8.87612564024135), (9, 13.608480221758864), (6, 17.39049427248908), (7, 15.941196809724403), (0, 1.1735350120366435), (8, 13.712653197543041), (5, 13.254986207268503), (1, 19.208808138503468), (3, 14.930985725929236), (14, 24.75652820251905), (2, 20.045368504245527), (15, 20.180320898453246), (13, 26.4577501299431)]
Atom 5: [(2, 11.384389735121854), (4, 13.320662094486014), (12, 17.30045834489497), (8, 3.221972326814408), (1, 11.65844777288039), (6, 4.673325365127059), (13, 20.60219797913224), (3, 6.722009012847522), (7, 2.9938733937727404), (16, 18.51401172814885), (9, 3.133507157917664), (10, 19.473018676683395), (15, 17.46339618128968), (0, 13.151096058744873), (14, 18.53050590735342), (11, 15.463343698826584)]
Atom 6: [(16, 21.400848694302994), (15, 16.274431911199905), (1, 9.32368920056223), (11, 14.708500645329053), (10, 18.02268769740792), (7, 3.619431767301774), (9, 4.249779228566044), (14, 15.81590752792231), (3, 9.95805055123995), (4, 17.469984028035963), (12, 17.9057954070082), (2, 8.469082732104566), (0, 17.30685548915708), (5, 4.755538918385882), (8, 6.902974906906051), (13, 17.875352956227832)]
Atom 7: [(14, 19.124826817883818), (3, 6.424981172823095), (8, 3.5885887937020846), (2, 11.78853407108754), (9, 4.9910777412740615), (16, 21.310548113745348), (5, 3.0029770669771927), (11, 17.106569761608988), (4, 15.990325497651027), (10, 20.78831433132858), (6, 3.562463272300268), (15, 18.891606442242782), (1, 12.433133764146262), (0, 15.703759690378096), (12, 19.488516918628314), (13, 21.198603918549537)]
Atom 8: [(1, 14.772505714085735), (5, 3.1634823442673894), (11, 18.555619972000112), (14, 21.630663738587486), (4, 13.71621483427184), (15, 20.573975770634245), (3, 3.559166262798581), (2, 14.40836790274849), (10, 22.60057528084621), (6, 6.864115866343789), (7, 3.5696278466349924), (12, 20.064039781103002), (16, 20.146697455111084), (0, 13.399552647500535), (13, 23.706410351416782), (9, 6.29423087738886)]
Atom 9: [(6, 4.233227136801926), (2, 8.410278109145212), (11, 12.355002908397152), (5, 3.210197381611709), (14, 15.400382704279098), (13, 17.46403964155685), (4, 13.680149405233344), (10, 16.30093959708774), (12, 14.653962951832778), (8, 6.3728084553057185), (7, 5.043116350844928), (3, 9.931745686518564), (1, 8.527582290778804), (15, 14.317272911385517), (0, 13.66051640853123), (16, 17.301552508559972)]
Atom 10: [(9, 16.356336877275954), (16, 18.24120632819757), (0, 22.729123358246234), (7, 20.83430982566131), (14, 5.823617821028797), (12, 8.230414259108855), (13, 5.997786162101724), (6, 18.058153546281268), (5, 19.53003775371921), (1, 9.063731283256313), (3, 26.191911590152568), (8, 22.65865476037253), (4, 22.353827520968977), (2, 10.364564144112897), (15, 2.2535198892579302), (11, 4.568079980950874)]
Atom 11: [(6, 14.719830817100922), (15, 2.317666760360212), (1, 6.6099911272388745), (9, 12.386058636954198), (2, 8.19882582008245), (13, 8.779639029526747), (8, 18.59280703581564), (12, 5.629624017645126), (10, 4.502432373778328), (16, 14.861499098925755), (14, 7.543025309483234), (7, 17.130485525994786), (3, 22.095170545804816), (5, 15.498198217843644), (0, 18.454847263905073), (4, 18.068054701220806)]
Atom 12: [(13, 13.7808771999134), (0, 15.919977220792147), (10, 8.158809190903753), (9, 14.652263904522702), (1, 11.558745643877144), (6, 17.89349254254865), (3, 23.301103127313894), (7, 19.488405073545227), (2, 13.144877967478081), (11, 5.569678967676066), (8, 20.076151039700708), (16, 10.130960028218457), (15, 6.604422334567826), (5, 17.30683359827381), (4, 15.434953304490563), (14, 12.878294647417938)]
Atom 13: [(7, 21.24558048830804), (5, 20.664565912338638), (6, 17.919724907689037), (9, 17.52949724538064), (10, 6.028123438316458), (14, 2.1408793645054085), (8, 23.765630634624866), (1, 9.020277207057045), (12, 13.834359390704659), (3, 27.28325123377321), (0, 26.828219512189193), (11, 8.848247490541036), (4, 26.525658083105462), (2, 9.516236164231328), (15, 7.2544317079023575), (16, 23.649568468734966)]
Atom 14: [(8, 21.654179816326607), (1, 6.913951009829514), (0, 25.07625523410901), (9, 15.428261593607182), (12, 12.917224535201148), (13, 2.114950944767293), (3, 25.170617277369974), (7, 19.140359645175096), (10, 5.849436203955356), (6, 15.828499382688596), (5, 18.55606168190957), (16, 22.43873562735649), (15, 6.411185491560343), (2, 7.412569217984089), (11, 7.586735948589815), (4, 24.79554002581706)]
Atom 15: [(14, 6.346020850538263), (6, 16.286583213163034), (11, 2.391230197915811), (5, 17.498253849456372), (13, 7.181765740016019), (2, 9.058005462375165), (12, 6.681639995731038), (3, 24.128397666644855), (7, 18.913763779374744), (4, 20.252308007858222), (8, 20.6094598211943), (9, 14.350773989532293), (1, 7.616539274717898), (0, 20.609788185399157), (16, 16.57837065118722), (10, 2.196514036858896)]
Atom 16: [(1, 18.94532044071546), (8, 20.1652272449927), (4, 8.918046633081719), (9, 17.27359354548278), (2, 20.30749811796853), (11, 14.78450002595787), (12, 10.060044235346762), (13, 23.580687775963575), (0, 9.613196505286771), (15, 16.497050962377475), (5, 18.483824706574698), (10, 18.140242825050393), (14, 22.394172735897932), (3, 22.36238674156628), (6, 21.348670086468022), (7, 21.2808514284179)]
Atom 17: [(1, 20.55130846183462), (16, 13.35010846669104), (12, 18.93527047156948), (5, 12.013350476768485), (11, 20.673885548345815), (15, 22.916802509189136), (6, 16.575941293865686), (7, 14.321470976612577), (2, 21.075921110083158), (13, 28.599932516848785), (0, 3.917890766258571), (4, 4.441414266828918), (14, 26.740055606668943), (3, 11.710811502148223), (8, 11.439612050539866), (9, 13.403353907071466), (10, 25.06706329896746)]
New position of object Informational Sign:1: (18.208041985497438, -1.9922123453227378, 0.7392112919438707)
New position of object Pedestrian:2: (-0.9845739080125817, -0.014119624583077695, -0.021146085656403232)
New position of object Trash Can:1: (19.406879527315837, 1.532777962634988, -0.38916124686745907)
New position of object Pedestrian:1: (-1.5767417771790662, 1.5105316116963374, 0.06146073521909283)
New position of object Railing:2: (14.461129462057663, -10.867623079876275, 0.0652298676738208)
New position of object Bollard:4: (13.125440599252926, 11.435699627887473, -1.3261797422610482)
New position of object Railing:1: (17.935394131870424, -2.626214601495569, -0.29289200644681557)
New position of object Bollard:1: (8.449467340538817, 6.651348657300758, -1.0340653952322798)
New position of object Fence:1: (3.9727261100705853, 7.814243787772169, 0.22555206568187863)
New position of object Fence:2: (7.274318846409038, 9.215246867037742, 0.11158557151885903)
New position of object Bollard:3: (10.589333763410359, 8.962514128219942, -1.1471820448939662)
New position of object Bollard:2: (6.207831165172021, 4.3614498467536436, -0.8097300130399862)
New position of object Fence:5: (-3.5568691748990844, -8.513682303689478, 1.9164633067522436)
New position of object Fence:8: (0.2910597739741583, -6.419391330889189, 0.8288704161644859)
New position of object Fence:9: (4.472208525096384, -10.018332647561824, 1.598575074759207)
New position of object Fence:6: (-8.441113369720046, -5.053838066322852, 1.253643005658939)
New position of object Fence:7: (-6.804110788103852, -3.733447602936195, 1.0774736709846489)
New position of object Fence:4: (-1.6653533625941108, -7.369187540978709, 1.8429968291566743)

After Updating position of all the atoms:
Atom 0: [(4, 1.039351735814094), (9, 13.553864318044651), (2, 20.104434207688936), (10, 22.66965700633423), (16, 9.60085778306719), (13, 26.754270523998603), (12, 15.875856203048087), (3, 14.406993016147181), (8, 13.303840923495462), (7, 15.6157337750656), (14, 24.998854780672712), (15, 20.548883075238727), (1, 19.321835277991312), (11, 18.38400708291115), (6, 17.2152900970503), (5, 13.046266563210162), (17, 3.890500316053529)]
Atom 1: [(6, 9.31762692471974), (0, 19.309259410690196), (8, 14.762528910199373), (16, 18.934425818277198), (2, 1.6280552654588945), (4, 19.196031258841252), (9, 8.516639126926737), (15, 7.6180912290715455), (5, 11.648079569166145), (7, 12.425267286487191), (14, 6.9249371939444115), (11, 6.607276440450593), (13, 9.031054039825625), (10, 9.067643238797865), (3, 18.294359253407254), (12, 11.552698277639339), (17, 20.45335426059475)]
Atom 2: [(11, 8.207220632956131), (10, 10.37263457917929), (5, 11.378946968824257), (8, 14.40215897397877), (6, 8.459629063007872), (14, 7.419599896884244), (15, 9.065675043082898), (3, 17.874059391420975), (1, 1.6376959621421432), (7, 11.780071663720245), (0, 20.103885932362484), (12, 13.151555316102279), (16, 20.3122246368774), (4, 20.045703552791252), (9, 8.406049235081129), (13, 9.523139488726404)]
Atom 3: [(12, 23.300459467415806), (5, 6.65356948009837), (2, 17.792938848718396), (1, 18.217957710851103), (7, 6.386035810102535), (14, 25.10108614316636), (8, 3.505156331949054), (11, 22.05549111965169), (9, 9.862130264488645), (4, 15.005474060107073), (13, 27.21486561389536), (16, 22.386564927373062), (6, 9.893582011395337), (10, 26.15514503595355), (0, 14.505429912136725), (15, 24.097016895481392)]
Atom 4: [(13, 26.45728725281487), (2, 19.948976987081373), (15, 20.207141383974076), (7, 15.892246869333965), (0, 1.241584846665177), (14, 24.722264554133865), (16, 8.950954137976478), (3, 14.897676608298655), (8, 13.604284739722917), (12, 15.417968031175901), (6, 17.36976758075153), (10, 22.309693767112577), (9, 13.562745397941967), (1, 19.101363214285836), (11, 18.00864455161886), (5, 13.201661785789698)]
Atom 5: [(3, 6.696272912426996), (16, 18.55432300749235), (2, 11.32047024955624), (13, 20.61886244966349), (8, 3.2301515129283382), (6, 4.727298471378033), (4, 13.289293626965808), (10, 19.51598982766105), (12, 17.332031480286066), (9, 3.1736184553702884), (7, 3.049732330265101), (0, 13.156193830914221), (15, 17.490750644007967), (14, 18.50946403571273), (11, 15.485225594246812), (1, 11.595499438311416)]
Atom 6: [(11, 14.702942539971282), (13, 17.8629079113532), (12, 17.90450782403974), (7, 3.643948017456646), (10, 18.029564874570454), (9, 4.27000037849886), (16, 21.425322815343733), (15, 16.26474599678861), (8, 6.941349029676545), (1, 9.26924792866516), (0, 17.29377476909592), (4, 17.44213444280683), (2, 8.400018273501246), (14, 15.772226222453014), (3, 9.964687477596849), (5, 4.79376399887272)]
Atom 7: [(14, 19.101518790468837), (11, 17.11432188294444), (1, 12.385803690455763), (15, 18.8975294080003), (5, 3.0441853016473575), (2, 11.734838040106753), (16, 21.330120979055437), (8, 3.607615837619054), (4, 15.938705658368614), (6, 3.5883579234165395), (10, 20.81451690507189), (3, 6.421308692725865), (0, 15.669950788815513), (13, 21.20709799113061), (12, 19.493283787171244), (9, 5.022615580657922)]
Atom 8: [(7, 3.554953396226348), (5, 3.151715329488503), (13, 23.70012648726724), (6, 6.854372367425406), (4, 13.74747423993889), (2, 14.318039490650289), (10, 22.641156426913227), (15, 20.600242713596657), (1, 14.690243336993479), (14, 21.58734169946284), (16, 20.24092602302874), (3, 3.546903519160882), (0, 13.476246766243941), (9, 6.319094290140372), (12, 20.118276514738643), (11, 18.579249982088065)]
Atom 9: [(1, 8.455658670132875), (10, 16.338526982952317), (4, 13.661270405941794), (14, 15.373388443008512), (0, 13.666502923190013), (3, 9.907827742304045), (8, 6.362486260445414), (7, 5.054261953510137), (13, 17.47571540552344), (15, 14.340852365821696), (12, 14.684512921749722), (5, 3.2123037946249), (6, 4.241378265257285), (16, 17.34379283129404), (2, 8.335843328519266), (11, 12.375324746116853)]
Atom 10: [(5, 19.56619278733), (9, 16.387511423020847), (6, 18.05976623405878), (0, 22.75141425371626), (14, 5.798423619961137), (2, 10.384931568046593), (12, 8.246816652537188), (3, 26.20671732201519), (8, 22.69181398961268), (13, 5.955702798226339), (15, 2.267896564863046), (4, 22.393322864011235), (1, 9.089202321087107), (11, 4.5792534802860265), (16, 18.26516841710287), (7, 20.85394799870596)]
Atom 11: [(1, 6.586142647680239), (6, 14.714449657855528), (14, 7.512155847871579), (7, 17.13832886839257), (16, 14.8714756344197), (3, 22.09456597219781), (9, 12.406439116839524), (13, 8.770949126601929), (5, 15.52012846913426), (0, 18.456061445954248), (15, 2.325715360473357), (8, 18.61618237027465), (10, 4.513919601630778), (12, 5.630082918704698), (4, 18.082286237266423), (2, 8.18298711524364)]
Atom 12: [(15, 6.61229111121593), (9, 14.682999146239986), (7, 19.493423018545972), (8, 20.130348920648366), (1, 11.510180249193418), (2, 13.109814314498063), (4, 15.475090423280637), (6, 17.892329562927376), (11, 5.570173133873554), (10, 8.175029926423472), (3, 23.317549548460594), (0, 15.93205052932931), (5, 17.33861754393748), (14, 12.850303617173678), (16, 10.141547379338913), (13, 13.764389442455807)]
Atom 13: [(12, 13.839041402445124), (15, 7.256347126386821), (2, 9.572452412842408), (5, 20.676961157098773), (10, 6.022100485131641), (7, 21.257607808925275), (3, 27.270434336036757), (8, 23.75668343543977), (6, 17.90943640136565), (16, 23.658511125936634), (11, 8.848503561767263), (9, 17.53558469760171), (0, 26.829380782829894), (4, 26.533097712331053), (14, 2.170058554276025), (1, 9.08976512036198)]
Atom 14: [(13, 2.1105080105273464), (4, 24.802156573467414), (2, 7.473753211440537), (11, 7.5906220162128735), (9, 15.44019222229477), (3, 25.16083456371643), (10, 5.839445649866088), (15, 6.406154972087092), (12, 12.920011762782082), (0, 25.074969751315777), (16, 22.45287376150776), (1, 6.993380833258315), (8, 21.648751712275974), (5, 18.573482073143897), (7, 19.152122839814755), (6, 15.818190806994197)]
Atom 15: [(0, 20.61751797448972), (5, 17.526052612804666), (1, 7.618104326367584), (2, 9.057104123143125), (10, 2.2120347315090747), (4, 20.279228677750115), (8, 20.635963889937017), (11, 2.3996077977798187), (6, 16.2769977151153), (12, 6.689348078474233), (14, 6.341250545515968), (13, 7.184643678932715), (7, 18.919804142255227), (16, 16.597076696905095), (3, 24.133691130791032), (9, 14.374694703889569)]
Atom 16: [(10, 18.175443773727235), (12, 10.070421517097339), (13, 23.58147930666865), (2, 20.25912243067792), (14, 22.37265813047691), (1, 18.8779170105066), (4, 8.92382007722125), (3, 22.354984176904424), (0, 9.657459299712272), (11, 14.795523127989073), (15, 16.515805005586476), (7, 21.30165735260719), (5, 18.499865969300636), (9, 17.27438312903589), (6, 21.378842727398013), (8, 20.144496917433226)]
Atom 17: [(15, 22.91906628274439), (5, 12.00904883983266), (3, 11.667382308459965), (14, 26.698656996881763), (2, 20.990135676191894), (6, 16.592188553846913), (1, 20.45335426059475), (4, 4.455933634913298), (12, 18.935000250591997), (0, 3.890500316053529), (13, 28.590730145411978), (10, 25.09302228234154), (8, 11.38552645415796), (9, 13.40136229172141), (11, 20.6716954824209), (7, 14.31357738433226), (16, 13.315236822822982)]
New position of object Informational Sign:1: (18.114972514713216, -2.0419007535726656, 0.6023743477487544)
New position of object Pedestrian:2: (-0.9809680359061019, -0.01948660425335902, -0.04925954495418189)
New position of object Trash Can:1: (19.3142739142081, 1.5496806131495413, -0.29064063042441285)
New position of object Pedestrian:1: (-1.5807014104617316, 1.5185675325306773, 0.07520728186155107)
New position of object Railing:2: (14.378506051009097, -10.855446752427953, -0.07688757978131555)
New position of object Bollard:4: (13.011937249550215, 11.484664898682285, -1.2188207647491802)
New position of object Railing:1: (17.852102635275216, -2.5873531075081697, -0.2657050058454568)
New position of object Bollard:1: (8.32277563136391, 6.6797702398926795, -0.9806959278383354)
New position of object Fence:1: (3.8797939103481767, 7.811128471379061, 0.14889383287601626)
New position of object Fence:2: (7.199901440566869, 9.219284096401339, 0.036539167115501425)
New position of object Bollard:3: (10.519921292346424, 8.969277026937327, -1.0559585987931168)
New position of object Bollard:2: (6.105368598209669, 4.384823874577593, -0.7675870659143962)
New position of object Fence:5: (-3.6117035799534847, -8.52015773617269, 1.9875338434404748)
New position of object Fence:8: (0.2102781669733922, -6.416126508507022, 0.8322615287471109)
New position of object Fence:9: (4.393801944602906, -10.013388830441054, 1.5907254935881234)
New position of object Fence:6: (-8.540023790978292, -5.049497872814564, 1.1733241240765664)
New position of object Fence:7: (-6.920169782345511, -3.7365468797287438, 1.1238398167558523)
New position of object Fence:4: (-1.747578440411619, -7.357934673034622, 1.8715689842730066)

After Updating position of all the atoms:
Atom 0: [(1, 19.21700672820348), (8, 13.445941137635806), (6, 17.24206233667455), (11, 18.354988139821362), (12, 15.83479999634758), (14, 24.98094799568798), (5, 13.102385684448885), (16, 9.567260204830232), (7, 15.635984718948936), (3, 14.500360742265167), (13, 26.73427789827338), (4, 1.0840539255099488), (10, 22.655672765208827), (15, 20.5226806355583), (2, 20.016892241293235), (9, 13.593268656008076), (17, 3.890405674458407)]
Atom 1: [(2, 1.6456491340410098), (4, 19.096678907348952), (9, 8.452795601102272), (11, 6.583915817181951), (16, 18.87203083814678), (15, 7.62017856221562), (14, 6.998001539876242), (12, 11.507798040336743), (7, 12.387733244891972), (8, 14.688555228520286), (3, 18.21654691167918), (13, 9.093735101797357), (10, 9.091242686668597), (5, 11.593230655811157), (0, 19.213790131941), (6, 9.272644658789018), (17, 20.357244322311164)]
Atom 2: [(11, 8.190402247076403), (0, 20.02184833871539), (16, 20.267169392349498), (15, 9.062253366752529), (5, 11.321670067639793), (9, 8.338245232069966), (8, 14.318391415201761), (4, 19.954766379039203), (6, 8.396350414950488), (7, 11.73250100821552), (3, 17.79280774352461), (12, 13.117104630437101), (10, 10.389489860370285), (1, 1.6555309236652598), (13, 9.573425633580573), (14, 7.474771329236675)]
Atom 3: [(15, 24.08869731862232), (0, 14.571400032256577), (2, 17.718428495741502), (12, 23.307586521935754), (10, 26.15892282504181), (1, 18.152541793839674), (16, 22.410981912270667), (13, 27.20052459590507), (7, 6.311933472558139), (8, 3.4979114148564805), (9, 9.859178846467342), (6, 9.8623294423171), (4, 14.973800185859874), (11, 22.05830891960367), (5, 6.649151232029713), (14, 25.09062924834912)]
Atom 4: [(7, 15.853492492915217), (5, 13.204299999351912), (14, 24.719355208612534), (6, 17.351416201873338), (16, 8.970111357824587), (15, 20.20504027728802), (8, 13.672024232696657), (9, 13.57095736398394), (11, 18.007577257265183), (13, 26.4523188835584), (12, 15.418059655586806), (3, 14.911650524928133), (0, 1.058385850276767), (1, 19.008559596186885), (2, 19.864759715894298), (10, 22.321006031423725)]
Atom 5: [(9, 3.1427422554741695), (2, 11.217477545896982), (12, 17.329343495491294), (7, 2.953130919982182), (3, 6.718031914295309), (6, 4.654567143184649), (14, 18.47955250235262), (0, 13.208360088140314), (13, 20.583921122907938), (8, 3.2211679640797395), (4, 13.311606225469086), (10, 19.502832936464078), (16, 18.573437361274944), (15, 17.46737462570027), (11, 15.471619948300251), (1, 11.502489392538674)]
Atom 6: [(5, 4.721867326465519), (11, 14.691802976426876), (1, 9.218720297417692), (0, 17.318433514128643), (2, 8.331792245700067), (13, 17.847481361665366), (15, 16.249942691458088), (9, 4.270714196829851), (16, 21.417632092386135), (10, 18.025751205712684), (4, 17.42198962369679), (14, 15.757071963312201), (3, 9.937884838888653), (12, 17.89810645209878), (7, 3.673654844556249), (8, 6.92989369698741)]
Atom 7: [(14, 19.10416608012838), (15, 18.895328080609723), (2, 11.67910601234793), (6, 3.6081352313092285), (3, 6.362989783331344), (16, 21.319944850606728), (0, 15.69309498571243), (11, 17.115140989848946), (1, 12.340537705843925), (9, 5.029804027360632), (13, 21.209542718348743), (4, 15.904635295956174), (5, 2.957151385060179), (8, 3.599358025461937), (10, 20.82547301242617), (12, 19.492720764569732)]
Atom 8: [(4, 13.709160588859316), (7, 3.504081437339556), (15, 20.58713883536572), (2, 14.255443802818446), (10, 22.641669302409017), (1, 14.631533410518852), (11, 18.573995321546576), (14, 21.587793629655504), (16, 20.22045818788941), (0, 13.478906014434498), (13, 23.69605139988929), (6, 6.847208855293054), (3, 3.544551277860126), (12, 20.1034996925987), (5, 3.1741069378861577), (9, 6.31560140475604)]
Atom 9: [(0, 13.68978341509815), (8, 6.370921780752453), (15, 14.33024955896967), (10, 16.338128008370337), (7, 5.021615952862334), (2, 8.246296132759557), (14, 15.361160077647588), (13, 17.45777327954912), (4, 13.66926837871361), (1, 8.374372341454624), (3, 9.915243060772845), (5, 3.198294570139739), (16, 17.35476066897568), (11, 12.372789895642299), (12, 14.687302437875232), (6, 4.187204690382395)]
Atom 10: [(7, 20.865880759701152), (6, 18.06139642797906), (2, 10.419115495621687), (8, 22.690218071019494), (1, 9.12856541318345), (4, 22.382364337100867), (12, 8.230762535210312), (11, 4.581187861683392), (15, 2.265811666343394), (16, 18.258232476559126), (13, 5.989755147988996), (14, 5.825140959648075), (0, 22.714201163229852), (3, 26.20723321821301), (5, 19.551981804872046), (9, 16.38751760684332)]
Atom 11: [(0, 18.432709479539486), (7, 17.145088870217062), (9, 12.408550918465444), (14, 7.513890305175146), (3, 22.102663795228803), (13, 8.768122243101075), (8, 18.61624985250958), (4, 18.085878658159093), (16, 14.875241097326493), (5, 15.511348796731935), (15, 2.334074723272102), (6, 14.708743027918088), (1, 6.566060385341015), (2, 8.16946194705602), (10, 4.513219028801005), (12, 5.632688158999761)]
Atom 12: [(9, 14.690120068842404), (0, 15.899433384910235), (7, 19.49834345347163), (15, 6.615799598134577), (5, 17.341009258555186), (14, 12.848904187658851), (10, 8.153239520037745), (2, 13.075836621311757), (16, 10.157967857742916), (11, 5.569329851675162), (4, 15.482835600691926), (13, 13.763931833287167), (3, 23.33092626648994), (8, 20.121527725313012), (6, 17.890122968833804), (1, 11.465416912464315)]
Atom 13: [(3, 27.26880856245733), (5, 20.653559915955576), (15, 7.286323845905885), (12, 13.859952579314934), (14, 2.180497552338321), (9, 17.52886423343034), (16, 23.675537624628795), (2, 9.632108375844195), (11, 8.862944311974468), (8, 23.765042767219104), (10, 6.082495989035036), (1, 9.161607287912062), (4, 26.545758587417286), (6, 17.908016057639628), (0, 26.830215283057065), (7, 21.27523596151229)]
Atom 14: [(4, 24.83781314594627), (11, 7.622890058432418), (15, 6.428558204414173), (7, 19.194066539555354), (2, 7.5647723147179216), (16, 22.488976720443183), (0, 25.097850536694203), (1, 7.104000041446407), (9, 15.466053429518018), (12, 12.946917909202993), (13, 2.085717146738681), (6, 15.841039784356584), (10, 5.880038163990894), (8, 21.687467786101404), (5, 18.581606979002597), (3, 25.188533846461233)]
Atom 15: [(2, 9.057982927474587), (0, 20.600776735433605), (5, 17.51012865407364), (11, 2.4083947145274394), (9, 14.371022933533695), (14, 6.358399928292508), (7, 18.926936169916985), (3, 24.133739263180022), (1, 7.624309398836634), (8, 20.63103994806206), (6, 16.270691624222557), (10, 2.199811999449895), (13, 7.207894296244624), (12, 6.696780038330984), (16, 16.615645481050333), (4, 20.284819122950402)]
Atom 16: [(1, 18.797133820552425), (5, 18.50831096882546), (11, 14.79713242011873), (10, 18.19711496321163), (15, 16.530135641202772), (3, 22.361263624452615), (0, 9.59693552518279), (4, 8.96762914744202), (13, 23.583129679760503), (12, 10.081798738480655), (2, 20.194941573809135), (6, 21.37589929769562), (7, 21.29172938803293), (14, 22.37763789892273), (9, 17.287305406922666), (8, 20.205319357388227)]
Atom 17: [(16, 13.336756947987311), (14, 26.682451160777646), (11, 20.65531623717963), (13, 28.57188818016156), (2, 20.894019350852236), (7, 14.278767802051394), (0, 3.890405674458407), (12, 18.912296840822226), (1, 20.357244322311164), (5, 12.02596021517162), (9, 13.41470616688816), (15, 22.89636168986667), (8, 11.480781530534191), (4, 4.397660214992687), (10, 25.084492563891477), (3, 11.709285674719977), (6, 16.579333391152613)]
New position of object Informational Sign:1: (18.046834138859037, -1.990260915374206, 0.5922138104006714)
New position of object Pedestrian:2: (-0.996496484668107, -0.03220963338673677, -0.010179278078692774)
New position of object Trash Can:1: (19.204186574592573, 1.5653864526752743, -0.3378850344166917)
New position of object Pedestrian:1: (-1.6057706795103108, 1.5151931739421016, 0.07407603528393301)
New position of object Railing:2: (14.276077638186276, -10.862602959898995, -0.10971176595321164)
New position of object Bollard:4: (12.911435553958395, 11.524420891129084, -1.111210737969179)
New position of object Railing:1: (17.7517738651652, -2.6010394397404752, -0.24931341629450718)
New position of object Bollard:1: (8.257032584748348, 6.674640310285453, -0.904414391660235)
New position of object Fence:1: (3.7660190858390266, 7.7991615895761734, 0.160441459794212)
New position of object Fence:2: (7.09392781307837, 9.21839772899327, 0.09285674660354457)
New position of object Bollard:3: (10.434217854396973, 8.940257607325146, -0.9628347438749334)
New position of object Bollard:2: (6.007156971880448, 4.376440115834339, -0.7277824797190519)
New position of object Fence:5: (-3.6409298472060385, -8.573357139946955, 2.021793526856687)
New position of object Fence:8: (0.11128074774736518, -6.429408831631175, 0.783350099953466)
New position of object Fence:9: (4.291196666141982, -10.026431469775128, 1.546099712161831)
New position of object Fence:6: (-8.651505258331959, -5.066635892767216, 1.2576696411591974)
New position of object Fence:7: (-7.037927763579159, -3.7684501920612714, 1.0420550864337965)
New position of object Fence:4: (-1.8606818912035372, -7.375875826043849, 1.8130418026250608)

After Updating position of all the atoms:
Atom 0: [(11, 18.37902712587828), (15, 20.549146955238275), (12, 15.86735312584872), (13, 26.768594183105385), (16, 9.617476153126173), (10, 22.664481608942683), (4, 1.063232871794564), (6, 17.232782577096398), (2, 19.945408608680573), (3, 14.498401933064411), (14, 25.03364587273252), (8, 13.397102716572354), (9, 13.604755189301214), (5, 13.12253021086764), (1, 19.14034208296709), (7, 15.6082869861331), (17, 3.8532034370827266)]
Atom 1: [(10, 9.10359428262862), (6, 9.236961886725961), (14, 7.0779954139362316), (11, 6.551366746053476), (13, 9.136666011268074), (5, 11.525684758808065), (2, 1.6593661676287155), (9, 8.397638907630668), (7, 12.360147968136369), (16, 18.802595956531857), (0, 19.153205567029953), (12, 11.456096691642271), (4, 19.022716429448877), (15, 7.600746541204432), (3, 18.17513215678794), (8, 14.654292712320249), (17, 20.266408176527953)]
Atom 2: [(9, 8.270722223261059), (5, 11.241060092869605), (1, 1.665163490609742), (7, 11.700183222680542), (6, 8.350797437482152), (0, 19.96951554928916), (15, 9.054473376818283), (11, 8.171824188057258), (12, 13.084467902179679), (8, 14.2784015267133), (16, 20.21268474989898), (13, 9.611835470605225), (14, 7.544906587389698), (10, 10.41121296842099), (4, 19.88856885453539), (3, 17.74089438853771)]
Atom 3: [(16, 22.45092615273354), (2, 17.673110112665952), (12, 23.317971380572224), (0, 14.55749285243924), (13, 27.20439285772019), (11, 22.067163941454936), (15, 24.089977538595985), (4, 14.97555463213554), (7, 6.265190134023446), (9, 9.869876908699627), (5, 6.674089745681702), (1, 18.11625107319097), (6, 9.846164476720476), (10, 26.16106796683784), (14, 25.123398625589164), (8, 3.5001647717062925)]
Atom 4: [(5, 13.250447403042378), (0, 1.0808695777977086), (11, 17.984125361932207), (7, 15.847516267967954), (6, 17.349456403284936), (8, 13.668306084680328), (3, 14.956616312489128), (15, 20.182936722751165), (16, 8.964004946486117), (14, 24.736202826902307), (13, 26.443855056730236), (9, 13.590792819567037), (10, 22.28088004587425), (1, 18.924949479998894), (2, 19.792990740826234), (12, 15.387140101728846)]
Atom 5: [(8, 3.226296423315335), (9, 3.1450976037757754), (1, 11.463389238956916), (14, 18.516319978094803), (16, 18.55843089100614), (7, 2.911723176057325), (10, 19.496465074839886), (15, 17.45598711418837), (6, 4.643412750213598), (3, 6.725072743916307), (0, 13.159051018006974), (11, 15.463973480852244), (13, 20.589160166591032), (2, 11.173729301259014), (12, 17.310129711462384), (4, 13.289751844749324)]
Atom 6: [(10, 18.00247876175631), (1, 9.167390099006738), (9, 4.241638258694319), (2, 8.267517361236644), (4, 17.43368627847027), (5, 4.750544004568336), (15, 16.219287351809154), (11, 14.668641770751956), (7, 3.7180166404460406), (14, 15.754216540643991), (12, 17.88090535181984), (3, 9.956570622017999), (8, 6.961608596750296), (13, 17.82000764753352), (0, 17.319379288003947), (16, 21.419518426874063)]
Atom 7: [(4, 15.918726641160886), (6, 3.618532217587733), (11, 17.09882159726693), (0, 15.67959001582771), (16, 21.327702613733827), (5, 2.9695225606697226), (15, 18.870899447494747), (12, 19.47808781057428), (9, 5.008098349862257), (2, 11.620002882703107), (10, 20.80520835789723), (13, 21.19341165116784), (3, 6.372669585574883), (8, 3.622053166644428), (1, 12.289805462775563), (14, 19.11252069508524)]
Atom 8: [(10, 22.602183250925513), (15, 20.544125123010957), (5, 3.1427011268291625), (1, 14.56275904914544), (4, 13.68419804680742), (7, 3.514169035559113), (14, 21.592367933399377), (12, 20.056121448014146), (6, 6.857749220294487), (2, 14.183373706577873), (13, 23.670620590096913), (3, 3.582809350775477), (0, 13.410679993038581), (11, 18.53563720169984), (9, 6.287211944256107), (16, 20.19012115017333)]
Atom 9: [(16, 17.34893351929538), (12, 14.66443216661988), (15, 14.303429694785017), (3, 9.945336049231733), (4, 13.669315255825673), (0, 13.683241520626147), (11, 12.349778764333347), (5, 3.2210034522596898), (6, 4.186485767059068), (13, 17.43797526756295), (7, 5.029818399175573), (8, 6.362589702316992), (1, 8.306762829510427), (10, 16.31617777565677), (2, 8.172293348007063), (14, 15.374161444758704)]
Atom 10: [(2, 10.474460544615432), (6, 18.066180934632555), (3, 26.224362678308985), (8, 22.665932371121592), (13, 6.09414521749481), (1, 9.169140745878016), (16, 18.18799380000578), (4, 22.32653751894215), (15, 2.254905482693265), (7, 20.868744749151503), (5, 19.560818721538293), (9, 16.381178115459466), (12, 8.174131506480594), (0, 22.709908867781653), (14, 5.9122304514497355), (11, 4.571699196166472)]
Atom 11: [(13, 8.769338869922185), (14, 7.53715697703022), (12, 5.642406885331205), (15, 2.345578406224512), (3, 22.13082297487889), (16, 14.869170811535955), (0, 18.477733701647775), (8, 18.596742684175627), (2, 8.15892372372848), (5, 15.521531041843868), (10, 4.4954800432490485), (9, 12.402066343923783), (4, 18.080647210877746), (7, 17.148993885027703), (1, 6.540719903227585), (6, 14.703650693795698)]
Atom 12: [(2, 13.044162564052913), (6, 17.887079923810948), (9, 14.68188577482401), (7, 19.502068297714498), (14, 12.862180577866347), (8, 20.093948242479204), (3, 23.362556683567156), (15, 6.610114234174351), (0, 15.959558194819078), (16, 10.155724614120142), (5, 17.339511887855295), (13, 13.76768128941286), (11, 5.567050917235516), (1, 11.413420752234211), (4, 15.477308991953326), (10, 8.078139676751274)]
Atom 13: [(15, 7.300077260627461), (10, 6.163346912895212), (2, 9.71410023843956), (9, 17.549646235978148), (1, 9.249435008043625), (6, 17.914451299906844), (12, 13.863487915288392), (3, 27.309983081859055), (8, 23.77790007512524), (16, 23.688330959198208), (5, 20.69857063258771), (7, 21.29172696754335), (11, 8.880796568912563), (0, 26.883233455665657), (4, 26.560935832118783), (14, 2.1873659353008836)]
Atom 14: [(3, 25.228665372007583), (5, 18.622102317575926), (8, 21.698080782816323), (6, 15.852827900485364), (7, 19.216361217786307), (11, 7.632745999308185), (0, 25.15173143104392), (12, 12.952430312533894), (13, 2.082164278172964), (15, 6.446726929768017), (2, 7.639515773174097), (10, 5.965451620231758), (1, 7.180917947445885), (4, 24.850750236494747), (16, 22.493118873161258), (9, 15.480497372291982)]
Atom 15: [(12, 6.703902824810649), (2, 9.063116992974459), (3, 24.16584206544451), (8, 20.617620148098514), (16, 16.620747741927712), (11, 2.417581730465693), (13, 7.1941857990121525), (7, 18.934465569494794), (4, 20.290411340347262), (1, 7.6157983609839865), (10, 2.1556487571883944), (5, 17.526257960043722), (9, 14.369259076477407), (6, 16.26876185650414), (0, 20.659246439302287), (14, 6.357028790581997)]
Atom 16: [(7, 21.292624231343158), (15, 16.521674471352988), (3, 22.410456363862185), (14, 22.396053881818908), (6, 21.37423303356074), (8, 20.206621622016172), (1, 18.723216781877653), (2, 20.136452544406552), (13, 23.579924857270363), (10, 18.161998945058688), (5, 18.545492058057103), (11, 14.781920757637844), (12, 10.063400240241672), (0, 9.665906965057543), (9, 17.31119034610189), (4, 9.016210334180952)]
Atom 17: [(2, 20.789045332200956), (12, 18.898017581584337), (13, 28.56189168401447), (1, 20.266408176527953), (3, 11.72655466681852), (11, 20.635947972550998), (4, 4.367904164493203), (16, 13.327880915434905), (9, 13.405704143770604), (15, 22.87976844763072), (10, 25.05375457066288), (0, 3.8532034370827266), (5, 12.040566078182133), (8, 11.434583016967805), (14, 26.6969873144159), (6, 16.555460052737654), (7, 14.241671397779086)]
New position of object Informational Sign:1: (17.967314388831216, -1.967227908370866, 0.5828563199441428)
New position of object Pedestrian:2: (-1.0115938012080399, -0.038700050223441806, -0.02499187202792652)
New position of object Trash Can:1: (19.094586146658987, 1.589234596361469, -0.22950274677833696)
New position of object Pedestrian:1: (-1.6306419866650153, 1.511925127928027, 0.06950033152984406)
New position of object Railing:2: (14.185836172364713, -10.82109180075198, -0.07521167824370523)
New position of object Bollard:4: (12.842506275472399, 11.478444193281419, -1.2021886081941169)
New position of object Railing:1: (17.64793728975658, -2.610271795368412, -0.294432298024969)
New position of object Bollard:1: (8.157544167709535, 6.675309196155583, -0.9314141294756855)
New position of object Fence:1: (3.6601381582688326, 7.7875678583050405, 0.19890729945141092)
New position of object Fence:2: (6.986356863619786, 9.2133636999808, 0.11138102125174608)
New position of object Bollard:3: (10.320444360667704, 8.975189368214384, -1.0577967309079275)
New position of object Bollard:2: (5.8952312300882035, 4.356326747984552, -0.7678390636211283)
New position of object Fence:5: (-3.6808711198739488, -8.624380242801, 1.9435870959507011)
New position of object Fence:8: (0.014001240607761645, -6.443174934376296, 0.7334617355900266)
New position of object Fence:9: (4.188751735976727, -10.039585480182097, 1.4995423195388746)
New position of object Fence:6: (-8.689090022497005, -5.132616226776014, 1.119460495661104)
New position of object Fence:7: (-7.1103039757460635, -3.7969928840062703, 0.9417477198234702)
New position of object Fence:4: (-1.9732969296693135, -7.394029027961253, 1.7521845540934244)

After Updating position of all the atoms:
Atom 0: [(11, 18.406227037045067), (14, 25.074237781497747), (13, 26.80714946204518), (3, 14.50711416232293), (8, 13.345783773798885), (9, 13.601663997568409), (15, 20.58922691846926), (6, 17.24057964287958), (1, 19.07149993552935), (2, 19.88697496013737), (12, 15.903295125276923), (7, 15.607333407949419), (16, 9.655701766845556), (4, 1.0680267995470962), (10, 22.641283149900286), (5, 13.083708694132607), (17, 3.818258034346202)]
Atom 1: [(10, 9.162047268544267), (9, 8.321672893050161), (13, 9.235453776985795), (14, 7.16703051187375), (11, 6.538763088315747), (6, 9.181069954186777), (3, 18.13108887391759), (2, 1.6665667598616536), (0, 19.086321154430824), (16, 18.731709737698324), (5, 11.478229734872931), (12, 11.4167725043302), (8, 14.57764844972975), (7, 12.30476445246135), (4, 18.938845516181644), (15, 7.611403729865888), (17, 20.173013359621134)]
Atom 2: [(11, 8.161412951308701), (1, 1.6723001750786404), (8, 14.205867876228028), (13, 9.694417594203262), (3, 17.6950888450796), (15, 9.060124779302566), (16, 20.15402668441057), (0, 19.91100033440515), (5, 11.196796254838466), (9, 8.19616245130677), (4, 19.816562870335957), (6, 8.286227328825126), (12, 13.053052966127185), (14, 7.620168354075674), (7, 11.640806830443013), (10, 10.467359954901314)]
Atom 3: [(7, 6.311189018721025), (10, 26.1566906149231), (16, 22.36836868798698), (0, 14.499522125207129), (15, 24.09897798841556), (5, 6.64768908709199), (11, 22.061678706780704), (2, 17.618760332590945), (4, 14.94124287906054), (1, 18.05454216024362), (13, 27.235695501969275), (14, 25.154245680197835), (6, 9.888200083113844), (9, 9.868410368084852), (12, 23.305314029421556), (8, 3.5070692232373823)]
Atom 4: [(12, 15.387966158116384), (5, 13.220089339441662), (11, 17.9800374101819), (15, 20.192539493828548), (6, 17.357156061734564), (13, 26.459467556034056), (7, 15.857317918061225), (3, 14.913353310390443), (1, 18.83782577470831), (2, 19.71772231649897), (14, 24.74913148292049), (10, 22.2292409423674), (9, 13.583434842453107), (8, 13.634487133889252), (0, 1.1336412533232887), (16, 8.913572066685179)]
Atom 5: [(11, 15.473086504435704), (12, 17.3215143422966), (9, 3.1544302162554385), (8, 3.2115761918291343), (7, 2.940698873273757), (6, 4.6626907869506935), (3, 6.7150796398936405), (4, 13.29267925644593), (10, 19.505057025598386), (14, 18.543706698491878), (13, 20.620608740608052), (1, 11.400553169136384), (16, 18.525588653953026), (2, 11.111748421691601), (15, 17.4737715522096), (0, 13.161233011701764)]
Atom 6: [(1, 9.117328540545719), (11, 14.664869195102339), (7, 3.721482531477212), (15, 16.21773438496919), (10, 18.00856393544637), (13, 17.830538280933315), (8, 6.968966491684662), (0, 17.32047196216849), (4, 17.43608264389658), (2, 8.209311322194251), (12, 17.87601002176001), (3, 9.995074892283013), (9, 4.242999379415361), (16, 21.38101200141122), (14, 15.770258902100833), (5, 4.76879509708392)]
Atom 7: [(2, 11.557100815389795), (10, 20.807602865615902), (14, 19.133065761866487), (0, 15.678308130679097), (15, 18.877727940513086), (4, 15.925838689374176), (9, 5.00588229668019), (6, 3.6199841860624122), (8, 3.6216393884006983), (12, 19.480555032808457), (11, 17.100132938592164), (13, 21.207901775380467), (3, 6.414868724025085), (1, 12.230555835320187), (5, 2.983424557790783), (16, 21.289591972684523)]
Atom 8: [(10, 22.635267404585754), (11, 18.57198128975077), (16, 20.194045542298493), (7, 3.5411640835223626), (15, 20.590747524957116), (5, 3.1596769791344945), (2, 14.135047812749711), (6, 6.881092106666908), (12, 20.104569105526544), (13, 23.716431298278756), (0, 13.450013364893248), (3, 3.5563928404432414), (9, 6.313624330804371), (4, 13.729449670548469), (1, 14.51661039039623), (14, 21.63614590681174)]
Atom 9: [(5, 3.243839734762414), (7, 5.055135117763972), (11, 12.336626888933242), (10, 16.306352857821803), (6, 4.207571167236784), (8, 6.403161610050774), (15, 14.298940926824606), (1, 8.220238106038332), (0, 13.694776862099852), (14, 15.38032245160622), (13, 17.44999865059247), (3, 9.958807508315978), (2, 8.088913741256944), (4, 13.670541648191033), (16, 17.308029836102264), (12, 14.655748820546144)]
Atom 10: [(7, 20.864607375175897), (1, 9.204034383156696), (4, 22.273219331744954), (3, 26.21147564784903), (9, 16.357026686301822), (6, 18.063398497721558), (14, 5.971820989522879), (15, 2.21108439016682), (8, 22.688983903091827), (16, 18.114091741681623), (2, 10.510010811978558), (11, 4.53260026583388), (12, 8.104172298770795), (13, 6.1510349822927495), (0, 22.68949539473922), (5, 19.557459075657377)]
Atom 11: [(12, 5.6386619501133435), (8, 18.632158609464287), (13, 8.789804124353498), (7, 17.150158289590664), (4, 18.07493881601894), (15, 2.3558142794275265), (5, 15.530091079405954), (1, 6.530267651976492), (0, 18.503465534029075), (10, 4.458042366952096), (16, 14.854663042698233), (14, 7.548449177376098), (6, 14.700139567329906), (2, 8.15041797040925), (3, 22.12468566646238), (9, 12.388381930913777)]
Atom 12: [(11, 5.5632355669762905), (15, 6.617346768690906), (5, 17.35075118443714), (10, 8.008179913107401), (2, 13.013368538386658), (9, 14.67294719821487), (4, 15.477813880742318), (8, 20.141978552213814), (0, 15.995376168370273), (6, 17.882351073724845), (3, 23.349784124564565), (7, 19.504605568280844), (13, 13.77174388635693), (14, 12.867585824703747), (16, 10.150482723047894), (1, 11.374775056700377)]
Atom 13: [(9, 17.50155321116767), (16, 23.601869510256904), (7, 21.273058063313407), (11, 8.809674040665401), (0, 26.84905069807816), (6, 17.896424549056015), (8, 23.772526689466787), (1, 9.28448714057806), (10, 6.160670188664763), (12, 13.786283683538677), (15, 7.220832795917094), (4, 26.495288673820514), (14, 2.143193265415342), (5, 20.674677096878206), (2, 9.750591512066087), (3, 27.29335124126314)]
Atom 14: [(16, 22.44766707739406), (9, 15.444845547357538), (2, 7.679330796261165), (1, 7.228666284725695), (12, 12.920903881459544), (0, 25.146844449003), (15, 6.41296253864384), (10, 6.00569401154815), (7, 19.20090451298332), (13, 2.075581105585327), (4, 24.817472847564144), (3, 25.220033263298795), (5, 18.60873539774943), (6, 15.835286017139138), (8, 21.701562272375284), (11, 7.602722361805338)]
Atom 15: [(14, 6.323315449564588), (16, 16.619317640861787), (2, 9.06999768630793), (6, 16.267425891544466), (7, 18.941307387535), (10, 2.11334063982598), (4, 20.299404082221947), (5, 17.54371458099422), (9, 14.36436964492487), (3, 24.174502908685714), (0, 20.69892457753005), (12, 6.710710901116081), (13, 7.114506620782334), (8, 20.663576182197747), (1, 7.627849849571188), (11, 2.4271946163860423)]
Atom 16: [(10, 18.08986812146857), (8, 20.133887978690595), (13, 23.58886387749034), (14, 22.39277102756066), (3, 22.40578783374876), (1, 18.63395748874752), (9, 17.27083143542985), (11, 14.768788644600221), (0, 9.65005372092092), (6, 21.338743094150292), (2, 20.05704937132939), (7, 21.25804675375223), (15, 16.520464772058297), (5, 18.49159082452498), (12, 10.058032940112623), (4, 8.961890641036543)]
Atom 17: [(3, 11.735275324656074), (12, 18.90017995586479), (8, 11.38320227718459), (11, 20.63226592458447), (10, 25.00500536328396), (0, 3.818258034346202), (15, 22.883803260404086), (16, 13.35217707539896), (1, 20.173013359621134), (9, 13.390205364552253), (5, 11.99038882650975), (6, 16.54328316518069), (2, 20.702715158642505), (7, 14.224058710038411), (4, 4.4002197426477805), (14, 26.70636495077699), (13, 28.57197721428481)]
New position of object Informational Sign:1: (17.823034098342177, -1.9132305688758624, 0.9938206104489082)
New position of object Pedestrian:2: (-1.0235719641834358, -0.045658909684597404, -0.07732640090459564)
New position of object Trash Can:1: (18.98197097425779, 1.6173015230955237, 0.034685315817495066)
New position of object Pedestrian:1: (-1.6553182228631194, 1.5085527090707291, 0.06706154465139355)
New position of object Railing:2: (14.086854016855703, -10.792556933773737, 0.0073031049960045336)
New position of object Bollard:4: (12.652367864754737, 11.54967962267864, -0.7834681113143892)
New position of object Railing:1: (17.551187521088124, -2.5564646052606665, -0.010919998949316043)
New position of object Bollard:1: (8.02508101397477, 6.70907744877742, -0.6939158701182188)
New position of object Fence:1: (3.5564534947984825, 7.778984778154664, 0.32655360332773753)
New position of object Fence:2: (6.87298360783408, 9.211858109304032, 0.2679243668306741)
New position of object Bollard:6: (13.859613971288638, 14.511302993061612, -0.8917849158695519)
New position of object Bollard:3: (10.208297336702174, 9.010285248872105, -0.7365190296150459)
New position of object Bollard:2: (5.80114745668606, 4.362647857047566, -0.5819547961654249)
New position of object Fence:5: (-3.8720454198286838, -8.615595342107246, 1.6889946863205803)
New position of object Fence:8: (-0.08142762969128725, -6.457446470448078, 0.6826820977557505)
New position of object Fence:9: (4.086537270003355, -10.052809563007857, 1.4510687579650339)
New position of object Fence:6: (-8.836294176288575, -5.1435343593399825, 0.8946157750812942)
New position of object Fence:7: (-7.21227425005624, -3.831729956789875, 0.8371763233213623)
New position of object Fence:4: (-2.085337236661605, -7.412365519538472, 1.688985415848666)

After Updating position of all the atoms:
Atom 0: [(7, 15.55677900922575), (8, 13.381168678917353), (14, 25.004451994847276), (13, 26.707170475245633), (4, 1.4751680988953437), (1, 18.955079837719634), (6, 17.185022511074653), (5, 13.072537615111303), (9, 13.589822479361908), (16, 9.681013919696822), (11, 18.377971433923573), (10, 22.54682962096513), (15, 20.55502346850383), (3, 14.455624054953333), (2, 19.774518268361177), (12, 15.880398424733098), (17, 3.8376727385493132), (18, 17.00086791995121)]
Atom 1: [(6, 9.130875487439505), (2, 1.6781418699796526), (15, 7.6320135770127), (3, 18.064838583874373), (9, 8.229466757254702), (4, 18.848067063864868), (5, 11.410248531698247), (7, 12.244348492424782), (13, 9.277370356088664), (8, 14.52665591591468), (10, 9.20542176523552), (12, 11.381274164752393), (14, 7.2221413189592845), (11, 6.531626661389043), (16, 18.639636646835307), (0, 18.969178682752005), (17, 20.074853232028644), (18, 20.834531578618158)]
Atom 2: [(13, 9.73070470808086), (0, 19.7983254927349), (7, 11.577764245397038), (11, 8.152342559115468), (15, 9.06624021298071), (10, 10.502406528524595), (3, 17.640766631356268), (17, 20.63760111859779), (8, 14.15750184873232), (6, 8.227848509002166), (9, 8.112809195578858), (12, 13.021699216781048), (14, 7.659684034567733), (16, 20.074425221709344), (5, 11.134836979721445), (4, 19.74110094402397), (1, 1.6839017103298248), (18, 20.265833870625833)]
Atom 3: [(17, 11.806158785449089), (2, 17.50021461504607), (5, 6.632104880561785), (1, 17.94385248490484), (13, 27.154704138423554), (12, 23.301100881381043), (16, 22.40220087361042), (10, 26.09988921984962), (4, 15.02328506246705), (6, 9.796874066227609), (11, 22.040240520423417), (15, 24.066651253524523), (8, 3.4844114984847985), (9, 9.86931939631878), (0, 14.530811929329015), (14, 25.0810670619647), (7, 6.193771688211322), (18, 3.2000607306563573)]
Atom 4: [(0, 1.2235825592507217), (12, 15.389388699863398), (9, 13.572801030799285), (8, 13.65132377858814), (16, 8.935052073371287), (15, 20.191980097964823), (7, 15.816430150175744), (13, 26.390651428185887), (2, 19.63212443367728), (14, 24.711043058543364), (17, 4.412430716601963), (10, 22.168446321327377), (11, 17.978140170369084), (1, 18.74380550973691), (3, 14.95254391702705), (6, 17.320631844789542), (5, 13.202783510128562), (18, 17.484631224757926)]
Atom 5: [(2, 11.01520193090723), (13, 20.563986879640854), (10, 19.470507493011194), (6, 4.583993990958291), (8, 3.245976802998556), (9, 3.1744543783996417), (17, 12.104151327840029), (3, 6.697106286246446), (0, 13.160263470865239), (15, 17.45991354742357), (1, 11.30861470583401), (4, 13.306519383371802), (14, 18.496831836936973), (7, 2.828232764775044), (16, 18.534940141527656), (11, 15.465980367073405), (12, 17.32184721866873), (18, 9.74451899444652)]
Atom 6: [(11, 14.66234527932216), (16, 21.351660768978242), (3, 9.908882179291135), (14, 15.75314056216213), (7, 3.723973583540582), (5, 4.706877047983071), (2, 8.157709169768783), (0, 17.260347786455974), (4, 17.400804086477248), (9, 4.287442663878587), (13, 17.81267744850319), (1, 9.075505556407535), (17, 16.613191058373914), (10, 18.001779048336296), (15, 16.212060674857685), (8, 7.007060988941126), (12, 17.86832811556356), (18, 12.36784431897639)]
Atom 7: [(3, 6.322350667326157), (6, 3.6132997884431384), (2, 11.494050290392442), (11, 17.098023972212577), (10, 20.79238066572535), (0, 15.626840026011086), (12, 19.47665432774568), (5, 2.9182830756038785), (9, 5.060137389123541), (4, 15.893244241107626), (8, 3.7011530857729165), (1, 12.172773281033653), (14, 19.1106403273751), (17, 14.29542812357327), (15, 18.873664065763627), (13, 21.181765588189496), (16, 21.266980766813006), (18, 8.845453381930778)]
Atom 8: [(9, 6.345301404388594), (5, 3.1723502139957835), (7, 3.4891053043297666), (1, 14.442975715441055), (0, 13.42763899721907), (12, 20.103046395759755), (16, 20.19279653242409), (11, 18.57132057717389), (13, 23.676519405346617), (15, 20.583644266533), (10, 22.606932482374745), (4, 13.719848118741515), (2, 14.059413465120546), (3, 3.524799107479437), (14, 21.605020339604156), (17, 11.499057074836609), (6, 6.847864686832892)]
Atom 9: [(15, 14.286694628270741), (2, 8.010365893930626), (5, 3.2348334699426196), (11, 12.328308406993244), (3, 9.93142760615558), (10, 16.277282850688525), (0, 13.652672872880663), (8, 6.40682397862416), (13, 17.407522403258103), (17, 13.477806947809508), (7, 5.038448907867576), (16, 17.28237224246291), (6, 4.1875286808574455), (1, 8.14030795120881), (12, 14.640928088849305), (4, 13.647843768183838), (14, 15.3494945998997)]
Atom 10: [(0, 22.7174258191586), (1, 9.202037908336226), (11, 4.553439611430791), (14, 5.853514000421287), (7, 20.86368103237026), (6, 18.050515204528946), (12, 8.187801347104985), (16, 18.16836033667408), (5, 19.546495242103457), (15, 2.258641859199432), (2, 10.490134429261738), (13, 5.971551843219625), (17, 25.09491946766087), (4, 22.328405336346307), (9, 16.345111456171452), (3, 26.187928919462614), (8, 22.689443261901456)]
Atom 11: [(4, 18.072295383723958), (2, 8.143295597776959), (6, 14.698196531433886), (5, 15.523139388362278), (14, 7.519988761313194), (13, 8.719965734562654), (12, 5.633241724084515), (16, 14.832043835189307), (8, 18.631781886465266), (3, 22.103296909368417), (15, 2.366472446353345), (7, 17.148264216795287), (10, 4.476500285831992), (0, 18.474751827962336), (1, 6.525049317010018), (17, 20.713150926927714), (9, 12.38056692467019)]
Atom 12: [(11, 5.557786000919356), (17, 18.97555216732893), (5, 17.351482417181124), (4, 15.479967869311707), (9, 14.658734102689642), (16, 10.131042417768452), (10, 8.090811572088239), (6, 17.875077973739305), (14, 12.836039269326166), (8, 20.14107917787234), (3, 23.345966414262016), (2, 12.98266066928144), (15, 6.62430186387541), (7, 19.501064954727514), (1, 11.33985327706163), (0, 15.973514553318699), (13, 13.694338947989003)]
Atom 13: [(10, 6.109829051511186), (3, 27.262464211685245), (9, 17.51577741756768), (8, 23.784189625664776), (5, 20.671570157309112), (12, 13.835107355448313), (0, 26.85450592047029), (17, 28.640954212632295), (16, 23.625611164704498), (7, 21.289702758580404), (11, 8.855448558262285), (2, 9.823518922142618), (1, 9.379319487957552), (15, 7.273299228777315), (4, 26.52945750067105), (14, 2.189620409426677), (6, 17.913525346204928)]
Atom 14: [(7, 19.20556498390966), (16, 22.423083344900792), (0, 25.109198343107323), (15, 6.401101319177635), (17, 26.767039783237237), (2, 7.745415160711211), (3, 25.17574736496225), (8, 21.69954345177985), (1, 7.312365225391359), (4, 24.810776045492577), (10, 5.8964473360375), (13, 2.0884374067632496), (11, 7.600475590316751), (5, 18.59112313735691), (6, 15.844081843427714), (9, 15.443798283055848), (12, 12.912855499619184)]
Atom 15: [(7, 18.9376803785397), (0, 20.665599157166138), (17, 22.980493270938844), (13, 7.166173146133023), (1, 7.649546993352457), (14, 6.311260801349287), (3, 24.14274495735259), (2, 9.0773528871428), (6, 16.262322926586453), (16, 16.607032225290776), (10, 2.1540863812301096), (8, 20.65720167640201), (5, 17.530371566195114), (11, 2.4372464937360045), (4, 20.299324044663695), (12, 6.717185720881351), (9, 14.352865577428425)]
Atom 16: [(12, 10.038235534499329), (17, 13.340446271832306), (11, 14.747529128481762), (0, 9.683733530216113), (13, 23.49500903919952), (14, 22.34123116741555), (3, 22.338504039148493), (8, 20.15152781350421), (9, 17.239263501254907), (10, 18.003950743969494), (1, 18.542598324450182), (4, 8.928726024251125), (7, 21.22886601869843), (5, 18.470632162073063), (15, 16.508272217986924), (2, 19.97840975506722), (6, 21.306669215348048), (18, 25.320847626105987)]
Atom 17: [(16, 13.331489596664275), (1, 20.074853232028644), (5, 11.986868041705085), (7, 14.198619676492386), (2, 20.61291171442745), (6, 16.51840538152653), (12, 18.89095434541049), (11, 20.6214316918819), (15, 22.875251580239397), (9, 13.39436678957985), (8, 11.417270857858048), (4, 4.445260446600785), (10, 24.942741693399356), (3, 11.681824286184623), (13, 28.503083052662216), (14, 26.6635361157918), (0, 3.8376727385493132), (18, 13.905112810170115)]
Atom 18: [(15, 27.157231322559728), (12, 26.49509666234187), (3, 3.2000607306563573), (5, 9.74451899444652), (1, 20.834531578618158), (4, 17.484631224757926), (2, 20.265833870625833), (6, 12.36784431897639), (14, 27.897903121091026), (8, 6.572810321521092), (16, 25.320847626105987), (13, 29.972866433163745), (17, 13.905112810170115), (10, 29.171352222152557), (11, 25.16808621603072), (9, 12.90621158825084), (0, 17.00086791995121), (7, 8.845453381930778)]
New position of object Informational Sign:1: (17.714100070486285, -1.8997514976997643, 1.0761414601895911)
New position of object Pedestrian:2: (-1.0310410563247068, -0.08392076280534155, -0.0471765259637808)
New position of object Trash Can:1: (18.872261021113747, 1.6303288052203362, 0.2247388284463276)
New position of object Pedestrian:1: (-1.6755319752675462, 1.506491014402731, 0.06667529574278713)
New position of object Railing:2: (13.962883990725043, -10.81485885795713, 0.09571187045824087)
New position of object Bollard:4: (12.58288911774488, 11.565762348972289, -0.5645737335989254)
New position of object Railing:1: (17.45552420464075, -2.5699248513217263, 0.1781465308053617)
New position of object Bollard:1: (7.920812013561221, 6.694991850000662, -0.5916456779841975)
New position of object Fence:1: (3.4568508936150195, 7.771156997170059, 0.4737702065807764)
New position of object Fence:2: (6.761456225391566, 9.20808464904395, 0.4500496358380377)
New position of object Bollard:6: (13.758371008729437, 14.473272044783577, -0.636559798506652)
New position of object Bollard:3: (10.071413385521513, 9.017985932777636, -0.5759732649325642)
New position of object Bollard:2: (5.6929281342805815, 4.386738033247722, -0.5070204849899536)
New position of object Fence:5: (-4.069419517879762, -8.589585910865637, 1.643670788724742)
New position of object Fence:8: (-0.17493181870782948, -6.4703956791915544, 0.6409790768436585)
New position of object Fence:9: (3.98341562584314, -10.065755229322626, 1.4101502602708083)
New position of object Fence:6: (-8.939825354494367, -5.163070779534051, 0.815440663975513)
New position of object Fence:7: (-7.283119320992078, -3.8502606656004694, 0.7591362100078627)
New position of object Fence:4: (-2.1959957208934426, -7.4263970545703515, 1.637327928055998)

After Updating position of all the atoms:
Atom 0: [(1, 18.864477218050695), (17, 3.8809521357994132), (13, 26.74843011256923), (10, 22.61503536915851), (5, 13.081365718445578), (15, 20.561668432971103), (8, 13.36606578396681), (2, 19.692870406940948), (7, 15.545124286580833), (16, 9.66340094826756), (9, 13.560433947788246), (4, 1.2804355588388334), (11, 18.374117662143384), (14, 25.00227553385548), (6, 17.16621025196825), (3, 14.490220086070892), (12, 15.884690559655505), (18, 16.93094911498706)]
Atom 1: [(8, 14.474201310716195), (5, 11.339155322774673), (6, 9.110985896827234), (10, 9.158333221657744), (4, 18.74603975488778), (7, 12.20591656957499), (2, 1.7142765459715457), (12, 11.305445182199628), (13, 9.349258727367197), (9, 8.169257014359184), (3, 17.97549618033582), (16, 18.52642998842612), (0, 18.86635631010566), (17, 20.085355589668445), (15, 7.604728875940302), (14, 7.282568057480979), (11, 6.485082051650779), (18, 20.760200969866382)]
Atom 2: [(15, 9.074460444075443), (4, 19.6514725145129), (9, 8.029887186885869), (11, 8.14523991711252), (0, 19.712415906178045), (5, 11.033915755332831), (12, 12.989819747958986), (1, 1.7198082459936717), (3, 17.517907839113562), (6, 8.172232663724287), (8, 14.0775512129622), (7, 11.510443168285606), (16, 19.993071741312317), (17, 20.54877409727747), (10, 10.483950768952894), (13, 9.80738692049624), (14, 7.729540089048795), (18, 20.170208506781968)]
Atom 3: [(11, 22.063014797091366), (12, 23.315519743035452), (1, 17.92545428321826), (9, 9.893289667368117), (16, 22.43284575207603), (5, 6.661661378278898), (17, 11.78524725925594), (13, 27.204985636681737), (10, 26.136767962286093), (14, 25.11764649177977), (6, 9.829055517019993), (8, 3.492665818619653), (4, 14.980915046465563), (7, 6.231929010254915), (15, 24.09159045429979), (0, 14.503149152635045), (2, 17.46109925477773), (18, 3.136965460570164)]
Atom 4: [(7, 15.836938948994977), (17, 4.4329950178907795), (14, 24.70883957196615), (10, 22.219316369293853), (0, 1.1499516057219379), (13, 26.427192583653838), (5, 13.258719217508464), (9, 13.581708867714564), (15, 20.188539611124316), (12, 15.373474111705802), (11, 17.969754036078914), (2, 19.560851277625517), (3, 14.970366017761942), (1, 18.654331452935182), (16, 8.954566874554047), (8, 13.691609705488291), (6, 17.329342796985667), (18, 17.458615311543802)]
Atom 5: [(0, 13.136194963421095), (14, 18.48955662451271), (13, 20.570860064032715), (2, 10.929032225104805), (3, 6.742410627452069), (8, 3.257938138524994), (11, 15.448183853167752), (4, 13.316981568428943), (12, 17.302115397993717), (1, 11.24214286754924), (7, 2.8585697117634656), (9, 3.1516504007150905), (16, 18.53574832564359), (15, 17.445395752340566), (10, 19.45987890719504), (17, 12.093449912433032), (6, 4.589744640912666), (18, 9.7252637542045)]
Atom 6: [(4, 17.406556857222206), (17, 16.59538058946918), (1, 9.06172203655259), (8, 6.97009812938755), (14, 15.76671433759667), (3, 9.937895228986536), (16, 21.35321158304114), (0, 17.23828519124556), (15, 16.209008399393532), (10, 17.99208559167552), (9, 4.269451512237694), (2, 8.108829758656396), (13, 17.835015546282452), (11, 14.663431239838777), (12, 17.861842047490157), (5, 4.713829792372318), (7, 3.7132135577426966), (18, 12.339874209802625)]
Atom 7: [(12, 19.47149908323984), (4, 15.91095625768713), (10, 20.791582683960844), (14, 19.116793021506975), (2, 11.429973328746254), (6, 3.603573246237983), (16, 21.28155031467038), (9, 5.046333697265737), (11, 17.096433621438848), (3, 6.362168312668259), (17, 14.287922920726364), (0, 15.612060146979879), (8, 3.650723688142448), (15, 18.869024358284896), (13, 21.200387373986395), (5, 2.9571727015859115), (1, 12.137199525235308), (18, 8.82381634330375)]
Atom 8: [(12, 20.090367899139245), (13, 23.66881269416779), (16, 20.22217685823273), (0, 13.428966208548987), (4, 13.761303193942203), (11, 18.55137197268762), (2, 13.95801842636245), (7, 3.470544181641739), (3, 3.5775417495508273), (18, 6.58463923136465), (9, 6.317228781754777), (10, 22.594099049412716), (1, 14.366239108392742), (6, 6.812413721287738), (15, 20.5638778532217), (5, 3.1656963521830686), (14, 21.58328168943753), (17, 11.518399923415613)]
Atom 9: [(2, 7.932159486823119), (13, 17.432411681474438), (15, 14.301842494821715), (3, 9.950540932826232), (5, 3.209153110308447), (18, 12.915352010712438), (4, 13.682955771452761), (1, 8.087645406024464), (8, 6.373722984888535), (17, 13.4843642366675), (0, 13.657778995400264), (7, 5.0302205406249065), (6, 4.173282105280141), (11, 12.343213288058465), (10, 16.29023863936024), (12, 14.65998430683811), (14, 15.35885183675654), (16, 17.316004279351898)]
Atom 10: [(3, 26.237640714092855), (11, 4.623158785701771), (7, 20.86838944868229), (16, 18.23491119605849), (18, 29.23910025418112), (2, 10.495159914574705), (17, 25.155133286572024), (4, 22.398823247662246), (1, 9.188963376146333), (9, 16.380289610963626), (5, 19.554554692241663), (15, 2.3074842933011936), (6, 18.046809196694106), (12, 8.288410590955172), (8, 22.691772983967375), (14, 5.7589202520980045), (0, 22.79468577697559), (13, 5.9295403462846)]
Atom 11: [(13, 8.766076113411739), (12, 5.62583801050653), (9, 12.394637383628485), (8, 18.610710034933476), (2, 8.13709696300194), (16, 14.800321364735947), (14, 7.518326851777579), (18, 25.187422476136387), (6, 14.69828653651181), (7, 17.145398174222596), (0, 18.46882823750029), (15, 2.373873064775161), (10, 4.545700424148006), (17, 20.702428557879063), (1, 6.4802425122859795), (5, 15.504446484081486), (4, 18.062692662943807), (3, 22.125061560191334)]
Atom 12: [(15, 6.6293278167649925), (4, 15.466189440327245), (5, 17.333000892790427), (7, 19.496671675921746), (0, 15.978950971255136), (14, 12.827113550145109), (11, 5.5506835681505935), (3, 23.36178571791907), (1, 11.265238412753057), (13, 13.741870087771325), (16, 10.093497578774421), (8, 20.12952011651681), (9, 14.678982873061372), (6, 17.869233777579254), (2, 12.951659973063128), (18, 26.493445120660443), (17, 18.970537662651047), (10, 8.190345630432322)]
Atom 13: [(2, 9.890078988526055), (8, 23.758484813414352), (1, 9.438789243530602), (3, 27.294423163577953), (6, 17.918944413150008), (9, 17.52327670598347), (18, 30.04833411356851), (0, 26.854216767591048), (15, 7.266802227833588), (17, 28.635840395227188), (4, 26.53007779796568), (7, 21.288350387163764), (11, 8.86357117263249), (16, 23.60073755989892), (5, 20.66094464821901), (10, 6.012306054927349), (12, 13.834744368942967), (14, 2.1811404456471233)]
Atom 14: [(13, 2.1145485258621486), (11, 7.5766350159680735), (4, 24.778565178254365), (3, 25.180632734079747), (18, 27.936430223499595), (0, 25.075205994137104), (1, 7.3432921172389065), (12, 12.883749519202812), (8, 21.646110350088197), (10, 5.794089369855951), (7, 19.179833657904997), (16, 22.368245719250748), (5, 18.552263752775055), (17, 26.72875534605582), (15, 6.369470082529495), (9, 15.421708981257645), (6, 15.826741372092817), (2, 7.785841413677255)]
Atom 15: [(7, 18.930175822243598), (5, 17.513758781783164), (10, 2.2051678553809992), (16, 16.58214844332935), (9, 14.36605409680421), (18, 27.19021680306185), (6, 16.256512251215995), (14, 6.280031742662086), (12, 6.723313607109875), (8, 20.635061429266862), (0, 20.67052625805426), (11, 2.4477232195973544), (2, 9.084840199734115), (13, 7.160822762026817), (17, 22.97588155894935), (1, 7.622770672219136), (3, 24.165386957607474), (4, 20.295240032940637)]
Atom 16: [(9, 17.24615567151509), (2, 19.909207913053333), (5, 18.519431952462302), (0, 9.721728421551136), (17, 13.379137743296484), (12, 9.99799659773671), (15, 16.48213839498891), (8, 20.19469900914964), (10, 18.040510447958642), (11, 14.716462402830112), (13, 23.507545471798355), (4, 9.004908007001488), (3, 22.420146997926132), (7, 21.245369779554565), (14, 22.30921749652606), (6, 21.309108492294076), (1, 18.43885131488287), (18, 25.299557543781727)]
Atom 17: [(0, 3.8115207167169025), (16, 13.314484164785979), (13, 28.532402429927128), (11, 20.61223264033459), (12, 18.88431185061688), (3, 11.751471088749446), (1, 19.978839383888296), (15, 22.872150389809285), (8, 11.421560335815968), (14, 26.657309427579), (9, 13.377979362337676), (4, 4.396590649292539), (6, 16.50425086773164), (2, 20.52854600699154), (5, 12.012448890501187), (10, 24.988527014003942), (7, 14.193805339663108), (18, 13.85044755371458)]
Atom 18: [(16, 25.299557543781727), (6, 12.339874209802625), (0, 16.93094911498706), (8, 6.515922011274231), (12, 26.446762370683512), (11, 25.12718454377146), (15, 27.118487846964243), (4, 17.458615311543802), (14, 27.874952179406854), (1, 20.760200969866382), (3, 3.136965460570164), (17, 13.85044755371458), (13, 29.961349885428735), (10, 29.143362611677173), (9, 12.866433454112563), (2, 20.170208506781968), (5, 9.7252637542045), (7, 8.82381634330375)]
New position of object Informational Sign:1: (17.583857910851926, -2.014501874403768, 1.0780029542726028)
New position of object Pedestrian:2: (-1.0269659451493283, -0.04124471308752753, -0.0514944533023709)
New position of object Trash Can:1: (18.776779375792664, 1.6096205558116763, 0.27152554435099846)
New position of object Pedestrian:1: (-1.6828791916360828, 1.5091047260742645, 0.06923623299585174)
New position of object Railing:2: (13.834488866675088, -10.845641764452456, 0.14166769809631263)
New position of object Bollard:4: (12.571099098591645, 11.53301418907786, -0.5763085409244334)
New position of object Railing:1: (17.31611765917384, -2.6337886665694565, 0.16945709081030025)
New position of object Bollard:1: (7.830040904813835, 6.664666609612681, -0.572763398199813)
New position of object Fence:1: (3.3752865064931576, 7.7635120509961855, 0.5442086641997606)
New position of object Fence:2: (6.672991216791246, 9.1971972875564, 0.49396297558411045)
New position of object Bollard:6: (13.73250262236214, 14.45323845546141, -0.6354212830861483)
New position of object Bollard:3: (10.017299227126536, 9.000580361775988, -0.5530425052258694)
New position of object Bollard:2: (5.622964573075446, 4.371928542281713, -0.4875752033523337)
New position of object Fence:5: (-4.211663423417448, -8.567656844418583, 1.6199189284858533)
New position of object Fence:8: (-0.2668339714103283, -6.478265312819866, 0.6284896741380004)
New position of object Fence:9: (3.8769984193434333, -10.077686684110681, 1.3961354808327886)
New position of object Fence:6: (-9.070447936318836, -5.1448869308256135, 0.7750757411962212)
New position of object Fence:7: (-7.371866500175184, -3.8524705148761598, 0.7395857196512194)
New position of object Fence:4: (-2.3038977623678463, -7.42731623117756, 1.6253128691818874)

After Updating position of all the atoms:
Atom 0: [(3, 14.564728745221355), (7, 15.603369888836788), (15, 20.514484238232228), (16, 9.566746099983874), (18, 17.012370918886152), (11, 18.314491315013534), (8, 13.44947014924638), (9, 13.597146120038307), (5, 13.115542821545125), (14, 24.9366846831952), (13, 26.711199880706413), (10, 22.636610470454507), (12, 15.80838488795832), (2, 19.6047002869591), (4, 1.0652257067371018), (6, 17.195829262622244), (1, 18.748536898899587), (17, 3.9588928914639157)]
Atom 1: [(8, 14.335925560852125), (12, 11.301820200559087), (11, 6.522228444905175), (9, 8.060490779483892), (18, 20.727269164374093), (3, 17.8945248084313), (13, 9.465623211630653), (2, 1.682286499726637), (6, 9.022978271554495), (15, 7.665456722157038), (16, 18.46044507980028), (10, 9.230614615161198), (5, 11.21300034682055), (7, 12.102113866143887), (14, 7.369204818762029), (17, 19.9712217129525), (4, 18.65608212782548), (0, 18.74919392447339)]
Atom 2: [(7, 11.433552000027904), (3, 17.465687019836523), (8, 13.962914676457142), (16, 19.916593206129352), (13, 9.886253822408001), (18, 20.17424075537574), (0, 19.612255667038298), (6, 8.111336001606377), (14, 7.782123674564116), (5, 10.934398699844007), (10, 10.495616774619686), (15, 9.086550071870887), (9, 7.938222657788313), (17, 20.460905480776674), (11, 8.140836681610175), (4, 19.56856735442993), (12, 12.956941397343169), (1, 1.6877148660363566)]
Atom 3: [(17, 11.734693500034178), (0, 14.539590397371134), (5, 6.710578615468561), (9, 9.918835594180061), (10, 26.20599555123688), (16, 22.425786181812537), (2, 17.43764279012253), (8, 3.545954865269082), (6, 9.9158335630541), (18, 3.1714919297834667), (14, 25.151909410418703), (1, 17.86466545711762), (11, 22.09221265908026), (15, 24.13351508857004), (4, 14.94388505874856), (13, 27.265657702590307), (12, 23.32811964960305), (7, 6.341187490309205)]
Atom 4: [(13, 26.385395701424574), (7, 15.865357663196027), (14, 24.636354957550168), (10, 22.248281443595285), (8, 13.740642552003502), (1, 18.52670558547231), (11, 17.91308734390358), (9, 13.595732852075127), (17, 4.4889277615253835), (0, 1.1316609736727574), (6, 17.333054434136095), (5, 13.261869835188598), (12, 15.314515664565032), (16, 8.919475466658023), (18, 17.491676610220395), (3, 14.958932805134303), (2, 19.44570624123067), (15, 20.145627528378796)]
Atom 5: [(9, 3.124184969497441), (11, 15.429926131735616), (16, 18.524975208429034), (12, 17.281073101011096), (13, 20.568201103157836), (10, 19.47310860686445), (18, 9.80425859735781), (3, 6.795473016597824), (7, 2.9422771866359074), (2, 10.839171122502416), (15, 17.43456306531581), (1, 11.121489932609197), (0, 13.160164942419124), (14, 18.459286664989172), (17, 12.087075642047195), (8, 3.249903496613353), (4, 13.304052539248149), (6, 4.630803865177301)]
Atom 6: [(15, 16.216270656892128), (7, 3.6826350998757693), (13, 17.855869920586258), (10, 18.001563201645812), (11, 14.670294609886145), (1, 8.98047420789707), (12, 17.860639619751986), (14, 15.764755797223222), (2, 8.05780677518219), (9, 4.2283741799774965), (16, 21.3508210373197), (5, 4.722279602224744), (0, 17.256245073079818), (8, 6.904102219294878), (18, 12.41867694713616), (4, 17.395145132501803), (17, 16.587667684802412), (3, 10.001383624528097)]
Atom 7: [(6, 3.5962250128540862), (5, 2.98167415587375), (17, 14.287144111714925), (0, 15.655360513593017), (13, 21.21510518831905), (14, 19.10705359877545), (1, 12.038923319869976), (18, 8.906045889315516), (8, 3.5673734743323315), (15, 18.876178150434775), (3, 6.4334437358104575), (10, 20.810835470870458), (16, 21.28676954863192), (9, 5.010290387932333), (12, 19.47137785744967), (2, 11.362558264854709), (11, 17.09938984308617), (4, 15.91708745922192)]
Atom 8: [(13, 23.703466671358772), (10, 22.642330794242675), (18, 6.598560662572184), (7, 3.5098824425245727), (15, 20.586594744140626), (16, 20.22192106834749), (17, 11.490634960551093), (12, 20.09445271762157), (11, 18.564976727437863), (3, 3.596617324872796), (1, 14.282224768164255), (0, 13.462732125204509), (5, 3.200153268156311), (4, 13.75330138032282), (2, 13.906962754650417), (9, 6.323752399288529), (6, 6.844752085751325), (14, 21.590979830283317)]
Atom 9: [(7, 5.034798070761893), (17, 13.462147793775795), (3, 9.978256091653325), (4, 13.647036093632142), (18, 12.93906006639186), (8, 6.382701676055099), (14, 15.353360746075303), (6, 4.197555638335223), (13, 17.455340526385157), (1, 7.992986957307494), (2, 7.8664574169486885), (11, 12.346871338794623), (5, 3.1835657379815), (0, 13.649194037468423), (15, 14.312646166445449), (16, 17.303165140915638), (10, 16.324379797238667), (12, 14.653879874439449)]
Atom 10: [(13, 5.881658507407628), (4, 22.377667202696063), (11, 4.65317415070231), (2, 10.504308176246528), (3, 26.277775951636173), (14, 5.694612798698791), (15, 2.3163966128858124), (8, 22.711849287015212), (5, 19.540577696745167), (16, 18.24933024725187), (7, 20.864647751036685), (17, 25.1766487510187), (9, 16.388847101759236), (12, 8.333524001804197), (0, 22.765813475839796), (6, 18.039568711646737), (18, 29.275267290948506), (1, 9.25395183444443)]
Atom 11: [(9, 12.396049144734718), (3, 22.151077931882888), (17, 20.693006802582662), (2, 8.131176336507353), (0, 18.40582643889215), (4, 18.00419116871357), (6, 14.700352626542786), (13, 8.774136246037903), (1, 6.517316413405879), (15, 2.3745259480477094), (8, 18.621333930577453), (12, 5.61655577839976), (10, 4.572763753367974), (18, 25.213225616233665), (16, 14.770182073709902), (7, 17.1434943582461), (5, 15.483509008707541), (14, 7.493446273237504)]
Atom 12: [(10, 8.23144699033772), (3, 23.37734617680762), (7, 19.49750350875299), (0, 15.905789974091205), (8, 20.136605034254476), (5, 17.315007984394327), (6, 17.868572031641843), (16, 10.06553825843644), (9, 14.676107928959976), (13, 13.739054829552733), (11, 5.5422433341834765), (4, 15.41188773351539), (15, 6.63089498662564), (17, 18.97001240325747), (18, 26.51460869377548), (14, 12.795891171200262), (1, 11.263865515538358), (2, 12.920009127168493)]
Atom 13: [(11, 8.905223423797816), (7, 21.29859808724114), (10, 6.003074282008952), (15, 7.294303293712244), (14, 2.2070013172699223), (9, 17.551650501538845), (1, 9.561798194658794), (12, 13.869195929791994), (0, 26.839208179311342), (3, 27.355715733781906), (16, 23.61219899482742), (2, 9.967446329870215), (18, 30.10067399068975), (17, 28.65911727810525), (5, 20.661770210691444), (4, 26.512699454557307), (6, 17.93255056321146), (8, 23.79496238236484)]
Atom 14: [(2, 7.846045761742069), (15, 6.353623399895887), (5, 18.531875842781965), (0, 25.025603605651217), (1, 7.4437230607691935), (10, 5.744114567731905), (3, 25.222343153525927), (12, 12.873279920835369), (9, 15.427647208976694), (13, 2.1346612445670923), (6, 15.826260484182217), (4, 24.724619187220753), (11, 7.575528224951948), (18, 27.971128350936812), (16, 22.3376690375594), (7, 19.17321539481783), (8, 21.662291874525238), (17, 26.717133086073442)]
Atom 15: [(0, 20.618460978490603), (10, 2.2226055939557), (18, 27.22197144957723), (5, 17.496063345008594), (2, 9.092120659564928), (6, 16.2537129345943), (12, 6.729075970904512), (4, 20.24950438162893), (14, 6.264849687435979), (11, 2.458451345103925), (9, 14.370860089644351), (1, 7.6809042522936455), (16, 16.563021325639728), (7, 18.927201009670178), (17, 22.975942096381498), (8, 20.650252150032244), (3, 24.199314000447544), (13, 7.191563664566042)]
Atom 16: [(2, 19.835163690260153), (5, 18.525203103531037), (14, 22.254662424966263), (0, 9.639684834007769), (4, 9.033311577174226), (11, 14.685229249132346), (13, 23.482226709849034), (3, 22.45743336239911), (1, 18.374850921413625), (8, 20.22966759298933), (6, 21.31644571936864), (9, 17.28384221808127), (15, 16.45918193659126), (7, 21.266754177155267), (10, 18.10789155979498), (12, 9.962977216397357), (17, 13.400621552873547), (18, 25.330985540327685)]
Atom 17: [(6, 16.513801588992933), (14, 26.630178129330535), (5, 12.0190720577199), (18, 13.837722759119437), (0, 3.8997090690743734), (16, 13.325621483798342), (2, 20.45359721240673), (12, 18.880002039357002), (15, 22.877332136039055), (8, 11.462352673641421), (13, 28.537262821724735), (9, 13.397972932996268), (1, 19.87506042234019), (11, 20.605594276078097), (3, 11.755343378091814), (10, 25.05704290236198), (7, 14.217472273085185), (4, 4.38440813311858)]
Atom 18: [(17, 13.828441751159126), (5, 9.772657352819099), (4, 17.47731735129415), (16, 25.311017539013584), (0, 16.998683235686663), (3, 3.1432566276535137), (7, 8.873453603182359), (13, 30.015646657744195), (15, 27.158808856422368), (1, 20.69475598457853), (2, 20.141527665263528), (12, 26.46526235500353), (14, 27.90374950328807), (10, 29.207438219337575), (8, 6.55355464250608), (9, 12.883542814955518), (6, 12.386116899575475), (11, 25.156398709121756)]
New position of object Informational Sign:1: (17.484359688559177, -2.013467870879909, 1.1215723423152655)
New position of object Pedestrian:2: (-1.021282495299701, -0.03670265374190329, -0.054058573910442054)
New position of object Trash Can:1: (18.682185741746263, 1.5883987378855906, 0.2819391095648637)
New position of object Pedestrian:1: (-1.6900611380049817, 1.5101055548485007, 0.07165080861456163)
New position of object Railing:2: (13.717467568412605, -10.853553005749637, 0.11032897023495242)
New position of object Bollard:4: (12.448784491655598, 11.539281901084424, -0.48597947523801366)
New position of object Railing:1: (17.238210994798596, -2.6222488267517594, 0.1783567198155852)
New position of object Bollard:1: (7.729919331720485, 6.648986243464416, -0.535336984533026)
New position of object Fence:1: (3.287492896109388, 7.758665157227812, 0.5776268662456635)
New position of object Fence:2: (6.5778175245184265, 9.190873754801089, 0.5182490142222999)
New position of object Bollard:6: (13.610925312486398, 14.480227435426544, -0.5289526746036417)
New position of object Bollard:3: (9.947596640306184, 8.983005280867333, -0.5028466632423183)
New position of object Bollard:2: (5.496555370125382, 4.3675134299936955, -0.46486959919924264)
New position of object Fence:5: (-4.314300945171841, -8.56052238137123, 1.5936837452468748)
New position of object Fence:8: (-0.35795676658792175, -6.486278203517324, 0.616142722033535)
New position of object Fence:9: (3.7704527839100344, -10.089481621794233, 1.3814315384518814)
New position of object Fence:6: (-9.200577096219092, -5.126241607611485, 0.7891076978344499)
New position of object Fence:7: (-7.476370828211795, -3.8591835133253642, 0.730327021806965)
New position of object Fence:4: (-2.411609768312964, -7.428320832017219, 1.6122036185505078)

After Updating position of all the atoms:
Atom 0: [(9, 13.566699571471561), (13, 26.741048094976712), (18, 16.979866762811863), (12, 15.81983851673747), (4, 1.1487500694950894), (14, 24.9270901801643), (8, 13.411583996440031), (6, 17.175233077500575), (1, 18.653013874661294), (17, 3.9395047854145973), (10, 22.669873429206167), (16, 9.60671982596074), (3, 14.509655589274221), (5, 13.091472905722997), (2, 19.51663329773501), (11, 18.310718802629022), (7, 15.587129146963662), (15, 20.52166273796727)]
Atom 1: [(17, 19.869062357846186), (4, 18.521745582846297), (16, 18.372953388932117), (5, 11.114105030634365), (10, 9.260556708343747), (6, 8.973911751055622), (0, 18.648016018115428), (8, 14.274864472525186), (15, 7.686778220956201), (7, 12.031919368961587), (12, 11.2657702361308), (11, 6.521410443833482), (13, 9.569225392790651), (18, 20.68744912370639), (9, 7.985611109750275), (14, 7.451165871039808), (3, 17.857321474538942), (2, 1.6859514386563454)]
Atom 2: [(10, 10.50318557547607), (12, 12.923751031929081), (4, 19.452924146705243), (6, 8.061398792552085), (17, 20.373482616419828), (3, 17.443028409730037), (16, 19.841397305407636), (1, 1.689876728035566), (14, 7.841318213320462), (13, 9.962622190612361), (18, 20.146466518185754), (5, 10.845142333917007), (9, 7.872935259151123), (7, 11.36707401060182), (15, 9.09220376922937), (8, 13.912574933800885), (0, 19.523737320185532), (11, 8.13324745776883)]
Atom 3: [(16, 22.436670779688285), (6, 9.88160367805856), (14, 25.12501260141206), (13, 27.25856038311196), (11, 22.080783545618218), (10, 26.197219671810185), (15, 24.121173971482154), (8, 3.515910059614742), (9, 9.897614575097085), (12, 23.330478006047414), (2, 17.343652598479355), (7, 6.309154895690567), (17, 11.767117991468918), (5, 6.715817002429913), (1, 17.766054112031863), (0, 14.547105100028274), (18, 3.1876963302413572), (4, 14.99988195191659)]
Atom 4: [(1, 18.443106256714614), (12, 15.34889377910429), (13, 26.436060813753393), (14, 24.647197359959673), (3, 14.964254119885672), (9, 13.574827138241819), (17, 4.452566147164486), (2, 19.374396114978257), (18, 17.450630124886647), (15, 20.176133661734738), (11, 17.93036759484848), (0, 1.1492863621394556), (8, 13.702797886876557), (16, 8.952911846787115), (10, 22.305225635604817), (6, 17.32566166192299), (7, 15.856316807988925), (5, 13.241021267106078)]
Atom 5: [(0, 13.150382750157545), (2, 10.747677003095552), (10, 19.462598840145372), (9, 3.1026651958008578), (12, 17.273018632178115), (13, 20.568543125462195), (4, 13.29935219403539), (3, 6.795963226821519), (6, 4.62281447020098), (11, 15.415164264597864), (1, 11.023320659220646), (14, 18.438274248458995), (8, 3.2806120112942927), (15, 17.42091227879841), (18, 9.846185841043589), (17, 12.09254421665612), (16, 18.50963258906399), (7, 2.9444753307265743)]
Atom 6: [(15, 16.21651399609205), (14, 15.762824778743244), (0, 17.24359264545918), (2, 8.004783134970669), (18, 12.465433231120938), (7, 3.6793984856125617), (9, 4.249596251645922), (5, 4.712242402573063), (12, 17.864851528129076), (11, 14.673991131092155), (3, 9.967626854582734), (13, 17.867829867253715), (10, 17.996458216803422), (4, 17.393830149271537), (1, 8.92929623079112), (17, 16.587832490913826), (8, 6.936213654139429), (16, 21.340510863959427)]
Atom 7: [(17, 14.295775554061379), (8, 3.6074799344759425), (10, 20.808459452090297), (12, 19.476717636068244), (6, 3.589008687170985), (16, 21.281918279860182), (13, 21.2237651310054), (5, 2.9830477956648385), (9, 5.014544792581118), (15, 18.87524026936739), (1, 11.967540409880945), (0, 15.64780918464907), (2, 11.293868587727804), (14, 19.098992226378975), (11, 17.099220047249634), (4, 15.915696052632539), (3, 6.402479895305374), (18, 8.956168614254338)]
Atom 8: [(2, 13.842303140207148), (3, 3.5764193446571086), (11, 18.56516638764827), (18, 6.606066144145354), (15, 20.58948348606357), (14, 21.592982207274478), (9, 6.321764344194821), (1, 14.208196629632807), (13, 23.72586022751286), (12, 20.093986018897535), (0, 13.429964859530585), (6, 6.8573620051549), (17, 11.47123103270546), (10, 22.649867998412915), (16, 20.200914727566783), (7, 3.5272166043768554), (4, 13.722208955464502), (5, 3.2197504768153586)]
Atom 9: [(16, 17.308816083358764), (12, 14.654354675701427), (7, 5.039886395297484), (14, 15.317151500884728), (11, 12.33057207678486), (6, 4.1793140503788075), (5, 3.1934305121535926), (1, 7.877061346130496), (0, 13.67264322554183), (4, 13.679802385696835), (8, 6.412174020698988), (18, 12.965881796380952), (2, 7.7524248301982475), (15, 14.29454226477352), (10, 16.30688460057606), (3, 9.988403195108326), (13, 17.441926797279034), (17, 13.49600126023957)]
Atom 10: [(18, 29.269360667417775), (9, 16.359237557150138), (1, 9.285177866398852), (5, 19.517303193707033), (15, 2.308002932785417), (12, 8.332958545281995), (2, 10.517640698154793), (16, 18.237406793740806), (0, 22.76550938074299), (13, 5.9124968327024385), (6, 18.03151472025224), (14, 5.678375026191649), (17, 25.170611311919686), (11, 4.652889747041726), (4, 22.40037978073089), (8, 22.70622217208564), (3, 26.255059791705605), (7, 20.85442085989863)]
Atom 11: [(18, 25.219739663889243), (10, 4.572825671380954), (13, 8.816580552213699), (9, 12.379365606575089), (3, 22.139288879228385), (14, 7.493137584838296), (8, 18.621366753999627), (5, 15.46851050968921), (15, 2.385511122266056), (12, 5.607267516812803), (2, 8.12484625769521), (6, 14.70405379700591), (7, 17.143151452384934), (17, 20.68427244309757), (4, 18.02075191258965), (0, 18.401351794322586), (16, 14.746067508323936), (1, 6.518143567896992)]
Atom 12: [(14, 12.785286568216945), (13, 13.773358897436562), (16, 10.056968228140125), (15, 6.6365907836435305), (18, 26.535920383201983), (0, 15.917310309727503), (7, 19.502781450468927), (11, 5.532857061470152), (10, 8.230796451016603), (1, 11.228522780367348), (3, 23.379565364914694), (17, 18.972125687492028), (8, 20.13622028127895), (5, 17.30686809882805), (2, 12.887325576713557), (4, 15.446276763723706), (6, 17.872764074138054), (9, 14.676272140991792)]
Atom 13: [(3, 27.350692464366855), (15, 7.318358377790665), (7, 21.30753138059022), (4, 26.564120770796976), (12, 13.900799082130177), (2, 10.048069367155493), (5, 20.665232976133606), (6, 17.9448443463304), (10, 6.0263854567542205), (1, 9.670325552606446), (16, 23.632596295420825), (0, 26.867931522235352), (14, 2.2291540249822557), (11, 8.94827082284971), (18, 30.108396729540026), (8, 23.820003175384148), (17, 28.684352501399196), (9, 17.541651761131458)]
Atom 14: [(6, 15.838512788299921), (17, 26.72353430830678), (0, 25.031935743454785), (13, 2.140508966766053), (15, 6.347207919714762), (18, 27.974878691899598), (3, 25.211187063174318), (12, 12.873678300088413), (7, 19.179916111305047), (16, 22.32676394291701), (1, 7.542863254119665), (8, 21.68034069628887), (5, 18.52713678479514), (10, 5.7312003916575796), (4, 24.751671323759233), (9, 15.407915229114641), (11, 7.588575842559263), (2, 7.921142549053016)]
Atom 15: [(1, 7.703600386411496), (17, 22.9786649848578), (3, 24.186848560685444), (12, 6.734458397050026), (0, 20.625492776385897), (13, 7.215755887605733), (18, 27.226653629744384), (5, 17.48236590470875), (11, 2.469225035304693), (9, 14.352526430755509), (16, 16.55702203408871), (2, 9.09886815266153), (4, 20.27978552823521), (7, 18.926282478182657), (6, 16.254066065866734), (14, 6.258454451813994), (10, 2.214149283260599), (8, 20.65320908548623)]
Atom 16: [(6, 21.30126925874293), (7, 21.255691224778484), (14, 22.229960223923), (11, 14.661934472219757), (3, 22.426413500799846), (4, 8.973199228928154), (15, 16.453523079019654), (13, 23.5014861163134), (18, 25.3177815685814), (12, 9.954401037005265), (8, 20.206878018234416), (5, 18.49368612243467), (9, 17.253804117114534), (10, 18.137197171135373), (2, 19.75483459415239), (1, 18.282834250820617), (17, 13.397016077153076), (0, 9.662256185495366)]
Atom 17: [(1, 19.773227089796183), (7, 14.218281282470253), (11, 20.59748805777896), (13, 28.56202016144519), (16, 13.346355467888348), (6, 16.507633808248723), (2, 20.36633005219372), (14, 26.620032623386162), (18, 13.81466662758234), (0, 3.8875717725300616), (3, 11.703732116799547), (15, 22.88019821380635), (9, 13.374731697570832), (12, 18.882069650292525), (5, 12.011163950428246), (4, 4.439105843422191), (10, 25.081147991747883), (8, 11.433192425294688)]
Atom 18: [(0, 17.022623521493184), (16, 25.342069049614835), (13, 30.021497238633984), (4, 17.49720498533732), (7, 8.862194925242937), (17, 13.877120558449775), (14, 27.89219525330033), (12, 26.486722014432424), (11, 25.163272716614976), (10, 29.214162459205696), (3, 3.1625272519413743), (5, 9.793600497871155), (9, 12.883591711267899), (1, 20.61718431190142), (15, 27.163632360956814), (8, 6.552958172694631), (6, 12.368394180144568), (2, 20.067510371225023)]
New position of object Informational Sign:1: (17.398959296449, -2.0160306482805552, 1.143307380082531)
New position of object Pedestrian:2: (-1.014865842552556, -0.03334004098682897, -0.0484615789635392)
New position of object Trash Can:1: (18.587948574349284, 1.5674336226792054, 0.28360825504210124)
New position of object Pedestrian:1: (-1.697046516975643, 1.50900757216092, 0.07302541058634388)
New position of object Railing:2: (13.619941796244845, -10.826476430839813, 0.03761795336723245)
New position of object Railing:1: (17.13914461386384, -2.616827299655194, 0.18022678390707886)
New position of object Bollard:1: (7.6310559722215885, 6.648523367085356, -0.49468282310278117)
New position of object Fence:1: (3.195648950658601, 7.756468610744141, 0.5858858543099421)
New position of object Fence:2: (6.4784891416962225, 9.18908928445174, 0.5449189124981098)
New position of object Bollard:6: (13.548075446619116, 14.456227144227885, -0.44774295679208875)
New position of object Bollard:3: (9.752873811547921, 9.008977445352269, -0.4300902701916527)
New position of object Bollard:2: (5.412746084371143, 4.382657232796215, -0.42637273965315614)
New position of object Fence:5: (-4.392093596080958, -8.563008497414353, 1.5867192916162847)
New position of object Fence:8: (-0.4486340907693851, -6.4942730543198035, 0.6038281711257225)
New position of object Fence:9: (3.6638275869352306, -10.10112180334947, 1.3660466256380215)
New position of object Fence:6: (-9.292354623121167, -5.12698843976934, 0.7693803071543985)
New position of object Fence:7: (-7.568983887058856, -3.867389183744393, 0.7285532071679754)
New position of object Fence:4: (-2.5190752504237537, -7.429417180008942, 1.5979721177411628)

After Updating position of all the atoms:
Atom 0: [(3, 14.522579129269822), (15, 20.541942346942886), (16, 9.62923814003878), (7, 15.591103665512694), (5, 13.091627037026315), (9, 13.601584004127092), (1, 18.56493286290665), (10, 22.682567783104787), (4, 1.1508563216761893), (17, 3.921802724159249), (13, 26.783095525560913), (11, 18.318544807149255), (8, 13.386986962658948), (12, 15.842143273523474), (2, 19.441522200619723), (6, 17.175510370928468), (14, 24.94693997409504), (18, 17.008003584149034)]
Atom 1: [(15, 7.706779054319088), (7, 11.960607081558592), (0, 18.558564910728474), (11, 6.520248410945013), (18, 20.610392511939434), (14, 7.549479229670393), (5, 11.016433178511184), (3, 17.759135137880246), (8, 14.201286295819187), (2, 1.6889464112144814), (4, 18.437155671955395), (13, 9.677036601623803), (10, 9.289550684957053), (9, 7.870166016118731), (6, 8.922870752530782), (16, 18.2796025879442), (12, 11.228083192479714), (17, 19.76646256659009)]
Atom 2: [(5, 10.754402384964648), (9, 7.759400420839226), (1, 1.690847633871482), (18, 20.07358771838829), (15, 9.09700550731739), (14, 7.9151822741395454), (13, 10.042025526427544), (4, 19.380979107244908), (11, 8.124821992410045), (3, 17.350026642647858), (6, 8.009898608611454), (12, 12.889159273704236), (10, 10.514649589870617), (8, 13.848826111103962), (7, 11.299675526776722), (16, 19.75959362149696), (0, 19.448106231099974), (17, 20.286172250891358)]
Atom 3: [(16, 22.436670779688285), (6, 9.88160367805856), (14, 25.12501260141206), (13, 27.25856038311196), (11, 22.080783545618218), (10, 26.197219671810185), (15, 24.121173971482154), (8, 3.515910059614742), (9, 9.897614575097085), (12, 23.330478006047414), (2, 17.343652598479355), (7, 6.309154895690567), (17, 11.767117991468918), (5, 6.715817002429913), (1, 17.766054112031863), (0, 14.547105100028274), (18, 3.1876963302413572), (4, 14.99988195191659)]
Atom 4: [(9, 13.592168666910506), (7, 15.845431300779937), (0, 1.1644674835818605), (15, 20.18497026450925), (13, 26.46599395263543), (11, 17.92515633740245), (10, 22.3064048685682), (17, 4.429194070106554), (8, 13.665323541224105), (18, 17.471707059053124), (1, 18.338342357876574), (6, 17.311182104589182), (2, 19.283052192053304), (12, 15.36246649222702), (16, 8.933278491530745), (14, 24.652984803314315), (5, 13.225008602367286), (3, 14.92778404717158)]
Atom 5: [(15, 17.419863611978617), (0, 13.159386138508799), (14, 18.443071803124592), (3, 6.865136770168281), (7, 2.9323859958581973), (9, 3.1240979468927494), (2, 10.66538378558614), (11, 15.4136715363892), (10, 19.45168114550423), (18, 9.853709979669226), (16, 18.480414374880827), (12, 17.279608591718475), (4, 13.293079988198), (1, 10.936104243744325), (6, 4.609642400474958), (13, 20.581474195538608), (8, 3.2888042083637044), (17, 12.102756111216564)]
Atom 6: [(4, 17.3836388203371), (18, 12.447079150197991), (2, 7.951871742071824), (0, 17.249535799663406), (14, 15.774544167070859), (13, 17.879371965846534), (10, 17.990530816616687), (17, 16.59272170368621), (3, 10.053809676651126), (15, 16.219510131803464), (5, 4.6976597127167325), (7, 3.6743920750838606), (16, 21.314134405137693), (11, 14.679402776913193), (9, 4.22886209178758), (1, 8.87760949358178), (12, 17.872918958147658), (8, 6.948275203363055)]
Atom 7: [(5, 2.9771894880869385), (4, 15.911072931634898), (17, 14.310727655762289), (0, 15.657887784305352), (14, 19.105756094746646), (13, 21.232556247543055), (11, 17.10143886843494), (6, 3.582055276646042), (10, 20.799830283469305), (1, 11.897717091539981), (12, 19.48580279269052), (2, 11.227008590485074), (18, 8.945445145362052), (16, 21.257482710411626), (15, 18.876209212986723), (8, 3.629736926438597), (9, 5.023092721660641), (3, 6.498506242734423)]
Atom 8: [(18, 6.639005674804908), (9, 6.297669766063344), (15, 20.550678814869173), (11, 18.53176856313537), (12, 20.095325609568647), (14, 21.53562178360991), (7, 3.4212100413556854), (17, 11.573438819727436), (13, 23.67539149990223), (3, 3.6977694137219195), (6, 6.752642722859966), (5, 3.174590776270533), (0, 13.508849206093485), (10, 22.59797316271738), (16, 20.214306722101455), (2, 13.696837190262567), (1, 14.066035804028447), (4, 13.787270188137551)]
Atom 9: [(18, 12.948391841419381), (11, 12.349963862322639), (7, 5.018067835826542), (8, 6.343466025553117), (13, 17.47700672974059), (15, 14.313474103975004), (10, 16.316309957883472), (1, 7.8075632466580025), (2, 7.684816960650233), (6, 4.162065638038329), (3, 10.036267537010977), (12, 14.676787339851348), (17, 13.49131267296533), (4, 13.670009845442634), (5, 3.171705277063801), (0, 13.677587851778615), (14, 15.342595217525076), (16, 17.2884671273816)]
Atom 10: [(0, 22.75762551861193), (17, 25.147689636961868), (4, 22.381454619041488), (11, 4.639944778775366), (5, 19.500745164470526), (6, 18.025005897600735), (16, 18.219671265316716), (7, 20.842070260550532), (18, 29.25532278827744), (13, 5.963980590216669), (14, 5.68965229564774), (1, 9.31851531926022), (2, 10.535656392927974), (9, 16.363914014809442), (3, 26.306146320008576), (8, 22.647788274890576), (12, 8.306589352228592), (15, 2.282647966939768)]
Atom 11: [(16, 14.73137493905113), (0, 18.40875559562966), (13, 8.860154903433704), (15, 2.396359698504857), (5, 15.466777805766016), (9, 12.39857669028513), (14, 7.506582611220612), (7, 17.14515560815108), (10, 4.560330487836051), (18, 25.217794080379814), (2, 8.117437153603598), (4, 18.015104314956663), (1, 6.518416657254648), (6, 14.709342569168815), (12, 5.5973999050104215), (8, 18.58737547046169), (3, 22.19775193856212), (17, 20.675713649267916)]
Atom 12: [(6, 17.8807543873885), (11, 5.522922769817178), (7, 19.511760920046783), (10, 8.204410708538033), (9, 14.698684915992912), (0, 15.939640988271186), (13, 13.804897657727276), (1, 11.1915698310192), (16, 10.070505062892805), (4, 15.459786605619861), (18, 26.533970221851003), (15, 6.641942287844688), (14, 12.785536897604594), (5, 17.313342498717677), (2, 12.853247804996416), (8, 20.136992947539646), (3, 23.428882623526807), (17, 18.975148110183863)]
Atom 13: [(15, 7.304185900619699), (7, 21.300703682693435), (12, 13.891028431130492), (11, 8.950322205444369), (9, 17.55286794185455), (0, 26.874599877753223), (17, 28.676864675547993), (10, 6.0404333441557965), (2, 10.10989903211741), (1, 9.75350910562695), (18, 30.110944312984397), (8, 23.748368097618176), (6, 17.94344919588724), (5, 20.655806933867513), (14, 2.2150963035465265), (4, 26.556960721024403), (16, 23.621874750147782), (3, 27.42293976337596)]
Atom 14: [(9, 15.42473445051289), (12, 12.862420994572297), (10, 5.733927248258154), (16, 22.313154381444996), (18, 27.9833661824691), (11, 7.59048459754873), (13, 2.1350090940761475), (1, 7.632833559581272), (3, 25.289358521255398), (8, 21.614579024476164), (4, 24.745831586562034), (5, 18.523550817436853), (0, 25.039922848636362), (17, 26.71928873937911), (15, 6.329263784510605), (7, 19.179073231995584), (6, 15.843350154905004), (2, 7.988429585793449)]
Atom 15: [(4, 20.28833732519161), (16, 16.566308819546805), (14, 6.240633776035612), (18, 27.227186949346375), (5, 17.481212160084326), (6, 16.257106709032172), (3, 24.252653964659466), (2, 9.104758686998766), (0, 20.645570323340188), (11, 2.4798272758387734), (10, 2.1893728837640203), (13, 7.201739786541933), (8, 20.613941609698998), (1, 7.724982000415176), (12, 6.739442300701759), (17, 22.982108943022094), (7, 18.927224919484086), (9, 14.37139045890872)]
Atom 16: [(8, 20.154249840483097), (1, 18.184520819654768), (11, 14.647650316458815), (2, 19.666610034869933), (18, 25.313046915540596), (15, 16.46321435983526), (0, 9.650257885808829), (6, 21.271074202973846), (4, 8.967777315102367), (10, 18.143675239901594), (3, 22.402520158709226), (12, 9.968020370370555), (5, 18.45026931170562), (13, 23.533667295967447), (17, 13.35479722760812), (9, 17.236566614603316), (7, 21.225381714581125), (14, 22.22785241090003)]
Atom 17: [(12, 18.885101812754908), (0, 3.872207932149601), (11, 20.589322051464155), (3, 11.735389171065739), (13, 28.587811681188683), (5, 12.016224339492581), (10, 25.075981011007766), (6, 16.508232455956836), (14, 26.626987758965154), (16, 13.342882738124523), (8, 11.413364793098445), (7, 14.227267607240206), (2, 20.279198464455916), (18, 13.862584891139061), (1, 19.67086881051363), (9, 13.408401920184966), (15, 22.88384177615293), (4, 4.402988581223978)]
Atom 18: [(0, 16.991057188480195), (6, 12.374485333960106), (4, 17.457929768531127), (11, 25.16144103370669), (8, 6.551537347733057), (14, 27.90823279235973), (5, 9.796609672894729), (2, 20.007884396523668), (9, 12.907726882446761), (13, 30.041705585292505), (7, 8.871706112320407), (10, 29.206209477882883), (1, 20.547171139244274), (12, 26.484705078492908), (17, 13.858434045006067), (3, 3.1174464207913397), (15, 27.164100798251372), (16, 25.28746408895246)]
New position of object Informational Sign:1: (17.29933059188372, -2.0223447735102145, 1.14428604040209)
New position of object Pedestrian:2: (-1.006487171283382, -0.03281420473452634, -0.0899586054277953)
New position of object Trash Can:1: (18.493348333701416, 1.5514629025371045, 0.27976179228366976)
New position of object Pedestrian:1: (-1.7039750530464275, 1.506016544299011, 0.07280609520888787)
New position of object Railing:2: (13.497450269830072, -10.846870392219975, 0.08925316919647563)
New position of object Railing:1: (17.026313760601983, -2.614521619968407, 0.1661122958956986)
New position of object Bollard:1: (7.542498519994229, 6.665820092883992, -0.48030112813139414)
New position of object Fence:1: (3.100972097274223, 7.758446448141069, 0.5701753307189392)
New position of object Fence:2: (6.377952546415468, 9.193366361473641, 0.5599733512196969)
New position of object Bollard:6: (13.43844408072292, 14.486636837542385, -0.4260351434582396)
New position of object Bollard:3: (9.71780767405701, 9.00204256684075, -0.4416866908976182)
New position of object Bollard:2: (5.311463809670521, 4.3636253778187, -0.4294755978639283)
New position of object Fence:5: (-4.453717105100903, -8.570197283040114, 1.5967809449426977)
New position of object Fence:8: (-0.5373876594463738, -6.500935042656348, 0.5953340082042864)
New position of object Fence:9: (3.5603996366157027, -10.110098230156042, 1.352556568962314)
New position of object Fence:6: (-9.345625101153946, -5.146592210058989, 0.8424252088151571)
New position of object Fence:7: (-7.65046410280754, -3.876329956298619, 0.7357293517941765)
New position of object Fence:4: (-2.614984038036532, -7.432685416402398, 1.4787852860221031)

After Updating position of all the atoms:
Atom 0: [(17, 3.9099631057970456), (2, 19.35149585919048), (12, 15.850639048725506), (13, 26.774933971481133), (6, 17.171221209015112), (3, 14.494939847512317), (8, 13.457999130673327), (4, 1.143887787975558), (18, 16.974975815618944), (9, 13.59345103196359), (10, 22.66040406597364), (14, 24.94013006557805), (5, 13.089908608097181), (11, 18.31066595276833), (15, 20.547785116559357), (16, 9.606005954814286), (1, 18.460459846618697), (7, 15.59314286089039)]
Atom 1: [(18, 20.54009790269921), (10, 9.329404820508877), (0, 18.45493309953024), (2, 1.6972478873482366), (15, 7.736069311815502), (6, 8.87624022323636), (12, 11.193864796130647), (17, 19.663220933969868), (16, 18.178334477386947), (11, 6.522498801505705), (8, 14.058219465914839), (5, 10.927544326009132), (9, 7.798468957164437), (7, 11.894176887557178), (4, 18.330686749314022), (13, 9.764459735847922), (3, 17.751466878405402), (14, 7.6446249091483365)]
Atom 2: [(12, 12.853460112856403), (16, 19.670130878852017), (14, 7.981342118720145), (9, 7.69233130511537), (17, 20.198434791361933), (1, 1.6973455061214753), (8, 13.704258934478135), (7, 11.234109557102077), (0, 19.357764031431874), (4, 19.289181925304455), (15, 9.101235936374321), (18, 20.0150935631687), (6, 7.958499685984155), (13, 10.10274592627919), (5, 10.672873293426052), (10, 10.531057865110862), (11, 8.115571393219954), (3, 17.357397782028396)]
Atom 3: [(16, 22.436670779688285), (6, 9.88160367805856), (14, 25.12501260141206), (13, 27.25856038311196), (11, 22.080783545618218), (10, 26.197219671810185), (15, 24.121173971482154), (8, 3.515910059614742), (9, 9.897614575097085), (12, 23.330478006047414), (2, 17.343652598479355), (7, 6.309154895690567), (17, 11.767117991468918), (5, 6.715817002429913), (1, 17.766054112031863), (0, 14.547105100028274), (18, 3.1876963302413572), (4, 14.99988195191659)]
Atom 4: [(18, 17.432309755463272), (6, 17.292221872590147), (10, 22.274442620731204), (7, 15.834308605901377), (0, 1.17560005192495), (13, 26.4452023495075), (15, 20.18057663685156), (12, 15.363758050780762), (8, 13.724580748198298), (14, 24.63360881576359), (9, 13.571532875298928), (17, 4.418204803814978), (5, 13.21028090282703), (2, 19.178406082178824), (11, 17.905805449292945), (3, 14.889901007011721), (1, 18.218471256759827), (16, 8.957139675691776)]
Atom 5: [(2, 10.603149239609929), (18, 9.836587634020185), (4, 13.28477866357037), (17, 12.110138593584036), (12, 17.308478523153763), (14, 18.459868011659704), (13, 20.592336368848038), (3, 6.9153672552754), (9, 3.1227530087745525), (11, 15.434428670456116), (1, 10.86780682051034), (6, 4.606665827848949), (8, 3.221593772993774), (0, 13.165077451077213), (10, 19.458270288631162), (16, 18.506219777888962), (7, 2.924051897954177), (15, 17.442195968433076)]
Atom 6: [(15, 16.22690666803326), (9, 4.211099601104083), (14, 15.780782566114123), (4, 17.36884780054628), (18, 12.45144137378544), (1, 8.83236893577028), (5, 4.693025687818156), (2, 7.901124791842286), (3, 10.138627927729146), (7, 3.668105532438987), (13, 17.87928024478843), (10, 17.988031761400936), (8, 6.841940913491466), (16, 21.31843941868391), (17, 16.599284049694234), (11, 14.688119342505814), (12, 17.886150942837496), (0, 17.250706187572536)]
Atom 7: [(17, 14.326898550490741), (12, 19.501115403020005), (5, 2.9709978890650777), (15, 18.88257073928267), (16, 21.27251547108527), (0, 15.665570401175195), (13, 21.229105956076154), (18, 8.951193114893135), (8, 3.5219765462980885), (2, 11.1646868684208), (3, 6.591838707182563), (1, 11.835318725445342), (10, 20.79271385045667), (4, 15.904997380099633), (6, 3.577387329059857), (14, 19.108343477631667), (9, 5.004740197661873), (11, 17.10865976048901)]
Atom 8: [(7, 3.4920710055783073), (12, 20.120871342799372), (15, 20.58869547046263), (0, 13.47337802809854), (10, 22.621555286337596), (6, 6.808297078375271), (3, 3.7279725948883824), (4, 13.73783987137967), (9, 6.314468360240397), (11, 18.56301261419985), (17, 11.534372072943189), (5, 3.1923966605565863), (18, 6.627530049404398), (16, 20.212544148206273), (14, 21.582977030045235), (13, 23.71671290513453), (1, 14.027218165366302), (2, 13.671584751693455)]
Atom 9: [(15, 14.300480375914242), (10, 16.288705642358547), (2, 7.59174535802704), (7, 5.044086182614521), (18, 12.981647860595299), (17, 13.497161000293747), (11, 12.334520779677506), (16, 17.281164180403355), (8, 6.397728454805248), (5, 3.2062750379951384), (12, 14.668589441138208), (4, 13.648698466694805), (1, 7.704573796708683), (3, 10.120997270305738), (0, 13.673561732622273), (13, 17.457964341054677), (14, 15.329597655976768), (6, 4.172575426411609)]
Atom 10: [(11, 4.619102355015061), (5, 19.502812226484767), (7, 20.83132810885262), (16, 18.157651019983156), (0, 22.721668253728208), (13, 5.996056369363437), (2, 10.555267205983851), (18, 29.25472297751342), (12, 8.263867135923316), (1, 9.360309522293065), (17, 25.11474380943285), (14, 5.7074609544186545), (4, 22.336262251742554), (3, 26.35191841693818), (15, 2.2459340525120255), (6, 18.020872735011523), (9, 16.332429167090478), (8, 22.6665188816103)]
Atom 11: [(10, 4.541186905807941), (15, 2.40716596152244), (5, 15.485638263194483), (8, 18.616840709939044), (2, 8.10834355972987), (0, 18.398577040354958), (17, 20.666630371981483), (9, 12.3813557967871), (16, 14.701018589854728), (12, 5.586192996752873), (14, 7.5097707457777245), (3, 22.25442278210698), (7, 17.150343352322373), (1, 6.5212167187008045), (6, 14.716258192165315), (13, 8.863829190412009), (4, 17.993666889852516), (18, 25.235792858557065)]
Atom 12: [(17, 18.977245676709842), (2, 12.817391489750959), (5, 17.339201666631325), (16, 10.044090002868273), (6, 17.89156457625103), (11, 5.512831000882545), (10, 8.164374294617678), (18, 26.56573971320569), (13, 13.797273998749475), (14, 12.775913824487047), (15, 6.648781436198937), (8, 20.1595364147921), (4, 15.457107165535785), (9, 14.687768362205505), (7, 19.524101459398057), (0, 15.944069630498202), (1, 11.157462008607697), (3, 23.475077426583194)]
Atom 13: [(8, 23.7749296233673), (15, 7.2376739246472725), (6, 17.93131129018961), (2, 10.160921822173933), (12, 13.836983072478892), (10, 6.018379193289362), (14, 2.192209209658793), (9, 17.51833969218038), (1, 9.826560256682313), (17, 28.638941571193936), (0, 26.829195028743747), (3, 27.480526620803484), (7, 21.282506547027673), (18, 30.1029314683042), (11, 8.915175006646045), (5, 20.65166842703886), (4, 26.501847859301733), (16, 23.555605105361668)]
Atom 14: [(10, 5.74395261944781), (7, 19.1740534497723), (12, 12.842266485784574), (3, 25.359681690777695), (8, 21.653998519843135), (1, 7.719896592691371), (6, 15.8426263756875), (18, 27.98732381967798), (9, 15.403445773307805), (2, 8.047971987746106), (4, 24.715581918863677), (5, 18.532182036809388), (15, 6.300717654449374), (17, 26.705201187205354), (16, 22.276459497323476), (11, 7.583147051253596), (13, 2.1209717135192068), (0, 25.021919089731096)]
Atom 15: [(4, 20.266188392568466), (12, 6.732000935340406), (18, 27.235961215000682), (17, 22.97203242795466), (8, 20.637011603214564), (16, 16.528702244220664), (7, 18.92465908554565), (3, 24.30458736080538), (13, 7.136715310034066), (5, 17.486575682225453), (11, 2.4423455184688296), (9, 14.339560085206465), (10, 2.1653626749765675), (1, 7.733454177570784), (2, 9.094344814112763), (6, 16.256328426727254), (14, 6.209336177298466), (0, 20.63888569659)]
Atom 16: [(10, 18.096801089493553), (9, 17.250125319121175), (0, 9.666418195888692), (13, 23.506484839987063), (3, 22.418082143853322), (6, 21.27105959990738), (11, 14.618589535637934), (14, 22.201723144038855), (8, 20.212527397848557), (4, 9.000212397461203), (1, 18.092543474646924), (2, 19.58768536656782), (7, 21.234715132374333), (5, 18.461970807344912), (15, 16.44640717799153), (12, 9.944168017373713), (18, 25.308845739915625), (17, 13.368394050443978)]
Atom 17: [(2, 20.191497879375895), (4, 4.383881629607118), (7, 14.239399090264678), (12, 18.891199820175693), (8, 11.511485915350567), (1, 19.56758063345018), (3, 11.6995572598751), (6, 16.511069444290452), (16, 13.30496550385641), (13, 28.58123033437221), (9, 13.40210589862911), (11, 20.5824581688951), (14, 26.62349587211173), (10, 25.05502189037038), (15, 22.889207727615098), (18, 13.839000224772747), (0, 3.865899875673824), (5, 12.023692660236492)]
Atom 18: [(16, 25.3388159221368), (6, 12.374340719144566), (12, 26.520040717361383), (0, 17.027002880912914), (14, 27.91980256504358), (2, 19.9508947920012), (3, 3.1096495858229005), (13, 30.04683884093375), (15, 27.185519165495723), (1, 20.48373610657194), (11, 25.181543607934454), (5, 9.794401125423546), (10, 29.21070701518756), (8, 6.602135796083575), (17, 13.905715769068586), (4, 17.48350845850517), (9, 12.903574399977035), (7, 8.879271692567205)]
New position of object Informational Sign:1: (17.194479121027694, -2.006898772015237, 1.1002491127194218)
New position of object Pedestrian:2: (-0.9993563410499711, -0.034094220438730005, -0.08957350826092192)
New position of object Trash Can:1: (18.397911560058215, 1.5490419301786762, 0.2452125151893338)
New position of object Pedestrian:1: (-1.7112731255897309, 1.5024059087661774, 0.07517516725880391)
New position of object Railing:2: (13.41385697571354, -10.792617324232088, -0.011171013235386495)
New position of object Railing:1: (16.954727201863992, -2.617732773834133, 0.10076334481926069)
New position of object Bollard:1: (7.462399578421223, 6.697369580633154, -0.5209062040968395)
New position of object Fence:1: (3.003725746744589, 7.76752002636829, 0.5220786169769598)
New position of object Fence:2: (6.278197953477328, 9.207438894135331, 0.5356757040077202)
New position of object Bollard:6: (13.35116882306249, 14.458525393176789, -0.5288416605456584)
New position of object Bollard:3: (9.550729693786952, 9.048673384102747, -0.5035554229987151)
New position of object Bollard:2: (5.2189088021882775, 4.357357697640623, -0.45798923229220995)
New position of object Fence:5: (-4.504496820299181, -8.575862984236588, 1.6307511950824878)
New position of object Fence:8: (-0.620912743817243, -6.503942049178521, 0.598585100655763)
New position of object Fence:9: (3.4666033218725723, -10.111657918111655, 1.3464887431188672)
New position of object Fence:6: (-9.432772069318947, -5.080733575879938, 0.8407836359591929)
New position of object Fence:7: (-7.727418868481003, -3.885780251173763, 0.7609617385653367)
New position of object Fence:4: (-2.7099772061478653, -7.428133336969227, 1.486977744431036)

After Updating position of all the atoms:
Atom 0: [(17, 3.87584809835866), (13, 26.72641540077126), (9, 13.569439506616908), (4, 1.1269856726451266), (14, 24.91784202944694), (3, 14.440801552433417), (12, 15.862333494733779), (7, 15.579957769461483), (6, 17.15429642135702), (18, 16.984524125167546), (8, 13.3968269135193), (15, 20.542572404526933), (5, 13.071913444333958), (2, 19.24961774538409), (11, 18.29946449448959), (1, 18.346355994173802), (16, 9.635104222084607), (10, 22.62670614672407)]
Atom 1: [(6, 8.83015582558629), (18, 20.479622015777597), (10, 9.361701508027638), (8, 14.022601622328006), (5, 10.863001626895798), (15, 7.733637814629419), (3, 17.746905769659683), (2, 1.7014099542966203), (7, 11.831847967857103), (4, 18.21122630160528), (14, 7.725356607901391), (9, 7.69947544123324), (0, 18.33911896709524), (16, 18.086058427276686), (17, 19.560570939814674), (13, 9.831910268019648), (11, 6.51939748663888), (12, 11.153338986121112)]
Atom 2: [(13, 10.15289016473684), (4, 19.184747174664594), (15, 9.089701412470756), (16, 19.591071707964993), (14, 8.03997019899371), (10, 10.549579052408886), (8, 13.67975087888689), (6, 7.908272407871683), (0, 19.255998129068676), (18, 19.958842552077094), (1, 1.7014112616418267), (7, 11.172353106526394), (12, 12.816882980416196), (3, 17.365511968890452), (9, 7.600005480701491), (5, 10.611394329686515), (17, 20.109957641419395), (11, 8.10567940965797)]
Atom 3: [(16, 22.436670779688285), (6, 9.88160367805856), (14, 25.12501260141206), (13, 27.25856038311196), (11, 22.080783545618218), (10, 26.197219671810185), (15, 24.121173971482154), (8, 3.515910059614742), (9, 9.897614575097085), (12, 23.330478006047414), (2, 17.343652598479355), (7, 6.309154895690567), (17, 11.767117991468918), (5, 6.715817002429913), (1, 17.766054112031863), (0, 14.547105100028274), (18, 3.1876963302413572), (4, 14.99988195191659)]
Atom 4: [(2, 19.115328031273563), (9, 13.586246626569823), (16, 8.90949093221869), (14, 24.645540932128164), (3, 14.86838428849713), (5, 13.23299053542651), (12, 15.398393985486488), (11, 17.924785698103676), (6, 17.315079363289193), (10, 22.27086415112026), (0, 1.19564667053262), (18, 17.470009256948135), (8, 13.699869899417271), (1, 18.14002569342628), (13, 26.432058634006363), (17, 4.411990263878436), (7, 15.861308228711293), (15, 20.200403744324035)]
Atom 5: [(6, 4.619349814387371), (10, 19.482736810141834), (0, 13.156967900689633), (4, 13.313973434441959), (1, 10.82127377161968), (3, 6.95049417655018), (8, 3.2256253630088545), (12, 17.355876253263727), (13, 20.606984181825734), (17, 12.111054363225401), (2, 10.559319648235416), (18, 9.81808498696132), (7, 2.928194991508154), (11, 15.4737788853225), (15, 17.470285653879696), (9, 3.175097831755325), (14, 18.487317367997015), (16, 18.481864544708298)]
Atom 6: [(5, 4.702426145169688), (15, 16.233651246673567), (9, 4.221090992774632), (10, 17.99137142811574), (3, 10.220151831145278), (18, 12.447039693613595), (16, 21.28694167431356), (11, 14.701484978213054), (7, 3.6633154761546094), (14, 15.784063177953884), (13, 17.871300544684356), (4, 17.397167122362458), (8, 6.894329960065766), (1, 8.789992569957722), (12, 17.905552601760444), (2, 7.853826581104347), (17, 16.605031813457497), (0, 17.240969383943227)]
Atom 7: [(17, 14.339556158652226), (0, 15.660309925198877), (13, 21.21876883896201), (3, 6.675133657050164), (15, 18.891052873993615), (18, 8.947845734172134), (5, 2.9697048297160653), (1, 11.779629340306265), (16, 21.241914220513127), (4, 15.937757387059778), (2, 11.109061264266288), (11, 17.12334015601011), (10, 20.792890448537815), (6, 3.577110490213073), (14, 19.11106107655376), (9, 5.0327548441343835), (12, 19.524880603656463), (8, 3.5816672000825873)]
Atom 8: [(18, 6.611389848528095), (11, 18.567929123630197), (6, 6.749558488714604), (14, 21.55162653097025), (7, 3.4372477091197413), (10, 22.604436435949577), (13, 23.672546413225085), (3, 3.821277444814866), (12, 20.159060883083797), (16, 20.219866759600514), (5, 3.144845512351716), (9, 6.318744960663596), (1, 13.927396157440887), (0, 13.536054447081854), (17, 11.62229548517954), (15, 20.580803026177282), (2, 13.568853651251116), (4, 13.830741589470017)]
Atom 9: [(18, 12.968124842360282), (7, 5.062879726426667), (12, 14.674331663604564), (8, 6.38554550407965), (5, 3.2423548573420553), (6, 4.182914781174634), (4, 13.66358390166554), (13, 17.43966138972627), (11, 12.334786582555191), (16, 17.230164399999587), (15, 14.287270180055756), (2, 7.514149023398917), (10, 16.27585482247059), (0, 13.650866331954491), (14, 15.32446851960828), (3, 10.190776280679632), (17, 13.493229555572672), (1, 7.621509134425289)]
Atom 10: [(9, 16.314890458673222), (1, 9.391876302336918), (6, 18.01967616892814), (3, 26.391539358862847), (0, 22.67770447340557), (2, 10.57324071733417), (4, 22.323496008901664), (5, 19.52198432439049), (13, 5.984804001380898), (18, 29.224504868194487), (14, 5.725712612702113), (15, 2.2136411505593627), (12, 8.214245242295966), (16, 18.1294597575642), (8, 22.643518704061233), (17, 25.078949869962564), (7, 20.82574182623241), (11, 4.595146331484498)]
Atom 11: [(5, 15.519917126958825), (14, 7.505847464807112), (18, 25.21735901487743), (1, 6.517339392295109), (16, 14.688066558044376), (13, 8.833032452242477), (3, 22.305855658672957), (12, 5.572809758047061), (0, 18.38105688788494), (7, 17.15952147210512), (10, 4.521111421621909), (9, 12.376901760961358), (6, 14.724757627990968), (17, 20.656502633738043), (2, 8.097187866426397), (8, 18.61614542347289), (4, 18.007042192780656), (15, 2.369311489633787)]
Atom 12: [(0, 15.943723803705383), (6, 17.90415906084449), (10, 8.122678665135243), (3, 23.511714386504085), (18, 26.55024307272044), (4, 15.480317556109705), (14, 12.760937659527317), (7, 19.53944686519639), (8, 20.18805470412211), (9, 14.686018117548794), (17, 18.97705709497211), (11, 5.502977488290669), (2, 12.77940222734002), (5, 17.378059646183004), (15, 6.646811329982572), (13, 13.749878352032932), (1, 11.115950727731049), (16, 10.062544458568134)]
Atom 13: [(16, 23.565226529789516), (18, 30.046072573636323), (0, 26.80534067474049), (11, 8.929336328160305), (8, 23.702757808662092), (12, 13.854956617598786), (3, 27.509775214256052), (2, 10.175727381355294), (10, 6.093264745251724), (17, 28.615652700910246), (6, 17.88422968555711), (9, 17.47673110770723), (1, 9.87201266437113), (4, 26.512527619388862), (14, 2.1536587865704337), (5, 20.640366716523687), (7, 21.238633252642344), (15, 7.240231847469923)]
Atom 14: [(10, 5.756790448704813), (4, 24.723513928277654), (13, 2.0838700830757464), (18, 27.972915497884713), (1, 7.799084616701811), (6, 15.843419367586868), (9, 15.396186698948394), (8, 21.620210735208154), (7, 19.17395222555792), (15, 6.263608927124263), (17, 26.68962681276549), (0, 24.994925703719606), (16, 22.254305912800334), (3, 25.427673641552364), (12, 12.822266858666827), (11, 7.575194167343426), (5, 18.55739287278121), (2, 8.105360134828153)]
Atom 15: [(0, 20.6331462681598), (1, 7.751358077992265), (2, 9.096434882801827), (17, 22.971169426656854), (14, 6.184665347464982), (16, 16.539112156485544), (7, 18.93236730386652), (3, 24.360694924697597), (9, 14.336942798260784), (12, 6.735813859973163), (18, 27.222229335875063), (5, 17.522519227359673), (11, 2.4510327116778745), (13, 7.150092533419778), (8, 20.63425103318048), (4, 20.291923107334664), (6, 16.263004424114396), (10, 2.1350069774833234)]
Atom 16: [(18, 25.282670107167686), (5, 18.42525360008941), (12, 9.970767611655894), (2, 19.492167979581012), (8, 20.1413674906208), (11, 14.609025019387877), (4, 8.94217662219211), (7, 21.195983131446408), (13, 23.46487269318597), (1, 17.985902380492636), (14, 22.183293569940076), (0, 9.628977566740124), (6, 21.232887819941666), (10, 18.076915220044945), (3, 22.35778457237584), (17, 13.312516132022434), (9, 17.191144423398043), (15, 16.444842852487998)]
Atom 17: [(0, 3.8502014877076394), (3, 11.650392666307377), (18, 13.871851105201051), (2, 20.102671975724924), (12, 18.902738431509203), (11, 20.578393301111152), (5, 12.022802546967732), (1, 19.464644969283444), (4, 4.3843812339119035), (9, 13.40269371272998), (6, 16.512379060185328), (8, 11.461380915107105), (10, 25.028437268934166), (7, 14.24830463895418), (14, 26.61189849573585), (15, 22.885255282073913), (13, 28.546313352399242), (16, 13.330322069598383)]
Atom 18: [(4, 17.463694581577467), (9, 12.905569984965778), (3, 3.055833309364507), (1, 20.40016059398528), (2, 19.87719864264362), (5, 9.742340875512506), (14, 27.907609107274407), (15, 27.169352473881336), (17, 13.882490244974553), (12, 26.514450537494827), (10, 29.186543174449085), (6, 12.36703539519507), (11, 25.168527049934863), (13, 30.023082178584865), (7, 8.873219458677411), (8, 6.556074592462848), (0, 16.986322843207482), (16, 25.25652630981784)]
New position of object Informational Sign:1: (17.102034292086323, -1.985783228944376, 1.0641579870448503)
New position of object Pedestrian:2: (-0.9922732172250157, -0.04044793867794638, -0.09836653613727028)
New position of object Trash Can:1: (18.301839851683674, 1.5466945597752577, 0.22660680107970776)
New position of object Pedestrian:1: (-1.7185786027334267, 1.4968546754514973, 0.08448069035008848)
New position of object Railing:2: (13.33588187314124, -10.822571286418304, -0.01659666956794742)
New position of object Railing:1: (16.85582928878219, -2.6006733774006765, 0.148875992505843)
New position of object Bollard:7: (18.09082803492474, 8.918281601915536, -0.4101450565698622)
New position of object Bollard:1: (7.369416649532724, 6.70968440804228, -0.5350981700325814)
New position of object Fence:1: (2.9079591137670135, 7.7777417065382535, 0.4852320590602565)
New position of object Fence:2: (6.186336590390674, 9.2232790686707, 0.5177353625825012)
New position of object Bollard:6: (13.239707965707915, 14.463019894853025, -0.5193740757001943)
New position of object Bollard:3: (9.507778547516644, 8.997338655355257, -0.5065611329666464)
New position of object Bollard:2: (5.133063837862153, 4.364507290351061, -0.4631478432568874)
New position of object Fence:5: (-4.563696743582085, -8.580264302607679, 1.6518810394124304)
New position of object Fence:8: (-0.7051618980821601, -6.506587588778192, 0.6022381114447157)
New position of object Fence:9: (3.3726321125986267, -10.113213493611083, 1.3405627060523853)
New position of object Fence:6: (-9.540587925745761, -5.09382220410258, 0.8412645014603803)
New position of object Fence:7: (-7.811947987272855, -3.894760387184018, 0.7717425611930921)
New position of object Fence:4: (-2.8047938047628307, -7.423846410933997, 1.4951175908319518)

After Updating position of all the atoms:
Atom 0: [(14, 24.903888469521767), (10, 22.596290973409538), (2, 19.1594907675089), (4, 1.1615458849245313), (15, 20.55027374152758), (12, 15.87559535461077), (17, 3.852915582398382), (11, 18.295719960549334), (9, 13.55584893617946), (6, 17.15176603948414), (7, 15.579568290073949), (8, 13.462509395263092), (1, 18.242821305998056), (16, 9.608293873408149), (3, 14.386905387493945), (18, 16.94172145041664), (13, 26.715623937838192), (5, 13.070276531788112), (19, 11.047620212782661)]
Atom 1: [(11, 6.511559437009982), (13, 9.87565204037346), (2, 1.7109867286508145), (14, 7.8030258631418254), (4, 18.132205433255958), (9, 7.61897663578962), (10, 9.390360630261155), (17, 19.45825763795142), (3, 17.745490111177553), (8, 13.92591881478093), (16, 17.97646619029329), (12, 11.108485820252657), (0, 18.235672647316207), (15, 7.748659175987695), (5, 10.819344563141316), (7, 11.780711840921292), (18, 20.399506515444344), (6, 8.793026990249567), (19, 21.083661784118647)]
Atom 2: [(4, 19.121256357119087), (12, 12.776397792469846), (3, 17.37498047282104), (6, 7.862117670047653), (0, 19.165176861053215), (15, 9.088744698769542), (7, 11.117784006884088), (10, 10.564654932394259), (18, 19.886637714257485), (1, 1.7100444288561225), (13, 10.165896034757637), (17, 20.020984964166605), (9, 7.523661518859813), (16, 19.494380672779865), (14, 8.095464575995), (8, 13.578404242066165), (5, 10.568926574341521), (11, 8.092090082999347), (19, 21.159745357410543)]
Atom 3: [(16, 22.436670779688285), (6, 9.88160367805856), (14, 25.12501260141206), (13, 27.25856038311196), (11, 22.080783545618218), (10, 26.197219671810185), (15, 24.121173971482154), (8, 3.515910059614742), (9, 9.897614575097085), (12, 23.330478006047414), (2, 17.343652598479355), (7, 6.309154895690567), (17, 11.767117991468918), (5, 6.715817002429913), (1, 17.766054112031863), (0, 14.547105100028274), (18, 3.1876963302413572), (4, 14.99988195191659), (19, 6.221579282741895)]
Atom 4: [(8, 13.765806435312358), (11, 17.912963369584137), (10, 22.229763301482876), (1, 18.032488631079005), (2, 19.021106997734066), (9, 13.57204480738325), (3, 14.82441973860574), (6, 17.306631306993314), (12, 15.398718682546187), (0, 1.1297999503663927), (14, 24.624423619632847), (15, 20.19692228426871), (18, 17.428660559300248), (7, 15.857724114753683), (5, 13.233999122102908), (17, 4.392908994383924), (16, 8.945223095992612), (13, 26.41438994450387), (19, 11.598450338376983)]
Atom 5: [(9, 3.1881139788656516), (10, 19.476362176829333), (18, 9.789072214583943), (15, 17.48029925638997), (6, 4.61474766515766), (4, 13.309493134980402), (13, 20.57232492266156), (0, 13.148863975947807), (11, 15.483233697242854), (1, 10.75513266520328), (7, 2.9284966117013136), (3, 7.009094254364772), (12, 17.370373595175273), (16, 18.5269409457271), (17, 12.114228646812554), (8, 3.1984357070381266), (2, 10.49519554322013), (14, 18.489404676444607)]
Atom 6: [(3, 10.301445790320079), (15, 16.24140815174415), (11, 14.711637447870766), (13, 17.825836576317677), (17, 16.60916613627699), (7, 3.661296006365847), (14, 15.786862770654475), (8, 6.835156837446515), (4, 17.38872385993627), (9, 4.234286437547368), (12, 17.918829910390627), (1, 8.756511227914794), (16, 21.32990971814696), (10, 17.991584239515962), (18, 12.438723616544195), (5, 4.699619507227347), (2, 7.811209560560898), (0, 17.237556223654913)]
Atom 7: [(5, 2.970908108925284), (8, 3.5203214296392), (11, 17.137405412370423), (14, 19.118033013112413), (13, 21.181730175937286), (17, 14.345735423321367), (6, 3.5830704164576512), (18, 8.935208361640333), (1, 11.735785375776219), (9, 5.056198749997553), (16, 21.289378218475633), (2, 11.062234300792412), (10, 20.792839658836662), (0, 15.655481838357572), (15, 18.90379234608634), (12, 19.54286492560594), (4, 15.930473411762767), (3, 6.752004614295439)]
Atom 8: [(12, 20.12668233949566), (3, 3.887340354613119), (16, 20.192158635150083), (10, 22.577187177256654), (18, 6.618242422702631), (7, 3.483132075549276), (17, 11.549248758251025), (4, 13.745447633075186), (9, 6.318717133238562), (15, 20.56803060777901), (13, 23.63793377905815), (11, 18.549971400344095), (1, 13.859989047990673), (0, 13.445030501760893), (14, 21.55535657227767), (5, 3.1315759490203967), (2, 13.514351084483243), (6, 6.784444488048668)]
Atom 9: [(0, 13.635068995528343), (6, 4.183381963454247), (12, 14.683706424769204), (14, 15.328330118649587), (4, 13.649598702058924), (10, 16.270223460848023), (16, 17.266527947667704), (17, 13.484527865527216), (3, 10.246837594232817), (11, 12.343367222627112), (13, 17.409089235182208), (2, 7.447706537205355), (15, 14.296246206291565), (18, 12.949934255741839), (8, 6.372059318709881), (1, 7.553572003376803), (7, 5.06746273281927), (5, 3.2413433112110313)]
Atom 10: [(2, 10.587717789381585), (1, 9.420557101890335), (0, 22.654723576488703), (9, 16.31157946191134), (18, 29.200488260003706), (15, 2.1888067484691405), (8, 22.61940351174836), (3, 26.434657266586928), (7, 20.828241876615216), (6, 18.021405929873236), (11, 4.5788745455065785), (5, 19.518314601670586), (12, 8.180718183722188), (14, 5.730711595723885), (13, 6.050825467066431), (16, 18.116475185070335), (17, 25.04834258477572), (4, 22.289249140672627)]
Atom 11: [(12, 5.5636378505984565), (4, 17.99583603233417), (3, 22.357636923101133), (6, 14.73466651402726), (13, 8.84653281994928), (18, 25.207971902435048), (7, 17.17348529542885), (15, 2.3772452973221614), (1, 6.510318099478086), (2, 8.083945462533926), (8, 18.598529976675174), (16, 14.70243455859939), (14, 7.497060573915798), (9, 12.385500831510537), (0, 18.37790189838105), (5, 15.529397864460428), (17, 20.646127185531373), (10, 4.504461848395258)]
Atom 12: [(8, 20.15601874609472), (5, 17.392592795963584), (9, 14.695471775461083), (7, 19.55745183649157), (13, 13.767861471686246), (3, 23.54874423754279), (11, 5.493748958403391), (14, 12.740800361558616), (18, 26.54825414763439), (17, 18.975658019905502), (0, 15.957067602847067), (15, 6.650505915759863), (10, 8.089015270125946), (1, 11.07174429920592), (4, 15.48079398198808), (16, 10.080248798516976), (6, 17.917415814934856), (2, 12.739381910766424)]
Atom 13: [(17, 28.629967717784), (6, 17.91005974308057), (18, 30.054338973321656), (8, 23.732208359266576), (12, 13.86343533807554), (5, 20.66798000004756), (15, 7.247288931721885), (4, 26.52293412657892), (0, 26.824222382375567), (16, 23.598461015419637), (3, 27.60351839999464), (14, 2.1802284109668464), (9, 17.50650006341462), (10, 6.13040157876534), (11, 8.95085430210865), (7, 21.270171947936916), (1, 9.974626925814563), (2, 10.256391827379606)]
Atom 14: [(13, 2.104941466609982), (10, 5.768858364046681), (18, 27.961532458294936), (5, 18.56437217757292), (1, 7.881673569819609), (17, 26.680264620778704), (2, 8.165230696018039), (0, 24.98872172777511), (7, 19.18591801138428), (3, 25.500760903543433), (6, 15.85073505080153), (8, 21.628989927803747), (4, 24.709549969441692), (12, 12.809666170688107), (11, 7.573426015152332), (16, 22.267616630509163), (15, 6.247110661823463), (9, 15.40499230876353)]
Atom 15: [(16, 16.563756280615102), (18, 27.212481151570167), (11, 2.4590753658814495), (3, 24.41713807570889), (8, 20.621868844135978), (2, 9.096629474852772), (6, 16.27094637655495), (1, 7.767817939631713), (10, 2.110833168959797), (9, 14.346068118182352), (13, 7.157336034249708), (4, 20.288308578560766), (17, 22.968885676896292), (14, 6.16841248652845), (7, 18.945249761786066), (12, 6.739226475070067), (0, 20.640737928400483), (5, 17.532627521706836)]
Atom 16: [(13, 23.49713607301907), (17, 13.33111488760767), (15, 16.46974616087015), (3, 22.38436373815265), (6, 21.275223061164684), (1, 17.932007653649798), (14, 22.18977929310546), (9, 17.219475113663485), (8, 20.234398202173562), (5, 18.48514133995156), (18, 25.286290315992456), (11, 14.622623672895337), (4, 8.968232261922072), (10, 18.056593397084168), (2, 19.452898315735684), (12, 9.98829609002699), (7, 21.2442278023368), (0, 9.666475978516162), (19, 20.30925075164542)]
Atom 17: [(3, 11.602492750372306), (2, 20.013734885459012), (15, 22.88301830534617), (11, 20.56749093728545), (18, 13.849015180949861), (7, 14.26010139653608), (13, 28.522074175739696), (9, 13.398939653917187), (12, 18.901205277923392), (14, 26.595481332212803), (5, 12.024212834985146), (0, 3.823535627890746), (6, 16.517211273321482), (8, 11.549664590358129), (10, 24.991334200215693), (16, 13.27431853827392), (4, 4.37869890306479), (1, 19.36200991881089), (19, 7.402045287275845)]
Atom 18: [(9, 12.901991930112393), (6, 12.346951537960198), (8, 6.551637891317863), (0, 16.970216929981316), (4, 17.45544384043001), (10, 29.159388993671044), (5, 9.724956480876571), (14, 27.89154234310266), (1, 20.32429863335986), (12, 26.512446285641502), (16, 25.29077214967891), (7, 8.847628364182206), (2, 19.80495943290246), (15, 27.15953781872184), (13, 29.964139895282575), (17, 13.89291642748583), (3, 3.029012875072184), (11, 25.159096413340908)]
Atom 19: [(15, 26.523156956767156), (13, 30.904462642800695), (16, 20.30925075164542), (8, 8.541604485676139), (5, 10.858554677906808), (2, 21.159745357410543), (6, 15.159615715290672), (7, 11.85396213474211), (0, 11.047620212782661), (1, 21.083661784118647), (10, 28.648892781821502), (11, 24.269152474804244), (18, 7.291965413727284), (9, 13.65615687738786), (14, 28.84263102126033), (4, 11.598450338376983), (12, 24.06433686806988), (3, 6.221579282741895), (17, 7.402045287275845)]
New position of object Informational Sign:1: (17.037518956999158, -1.9906771918448651, 1.037161594546242)
New position of object Pedestrian:2: (-0.9859804901804132, -0.0500502783376362, -0.09134024031680768)
New position of object Trash Can:1: (18.205837768142914, 1.5440567050359775, 0.2042942652528772)
New position of object Pedestrian:1: (-1.7254153274725788, 1.4893749793878488, 0.083052378650323)
New position of object Railing:2: (13.2660718751657, -10.858319327935556, 0.005465243081288512)
New position of object Railing:1: (16.773668461728853, -2.6141281556325566, 0.1205800649705161)
New position of object Bollard:7: (18.021082433928456, 8.879332268012634, -0.38106700202797544)
New position of object Bollard:1: (7.2691432877865125, 6.70753703467715, -0.5314717085108622)
New position of object Fence:1: (2.8152714546319473, 7.7885459149863285, 0.46840962801645186)
New position of object Fence:2: (6.105152532947756, 9.23991273715957, 0.5065673640989297)
New position of object Bollard:6: (13.14825027608844, 14.44789738460257, -0.5101143532198316)
New position of object Bollard:3: (9.43221106641247, 8.98581879150779, -0.48622333945787716)
New position of object Bollard:2: (5.042885285149264, 4.375813599300982, -0.4580941115615509)
New position of object Fence:5: (-4.63243786661025, -8.58286022298247, 1.6609607234443005)
New position of object Fence:8: (-0.7903665960671482, -6.508702727099932, 0.6061739207126282)
New position of object Fence:9: (3.278639780934032, -10.114752572484369, 1.3347915275649573)
New position of object Fence:6: (-9.61451403527289, -5.081571398029254, 0.8628670712935553)
New position of object Fence:7: (-7.902880950632948, -3.9005684458106433, 0.77225083484427)
New position of object Fence:4: (-2.8992763956756598, -7.419844499082899, 1.5031747686445136)

After Updating position of all the atoms:
Atom 0: [(11, 18.313528580657326), (1, 18.170476716949306), (13, 26.759365652212164), (14, 24.923723387417592), (6, 17.186363645341284), (10, 22.59232298877797), (18, 16.957898438165408), (8, 13.40956981979492), (9, 13.577752019220718), (16, 9.6340477929862), (2, 19.101352703430045), (7, 15.61316039040793), (4, 1.092775270914247), (5, 13.101163878211052), (3, 14.367889050526362), (17, 3.8429813045482604), (15, 20.57781395565074), (12, 15.899584292623624), (19, 11.006174409061563)]
Atom 1: [(16, 17.921175659672468), (2, 1.7206184731759022), (17, 19.35641232096483), (12, 11.059615895959391), (3, 17.747148238742305), (7, 11.739154252857613), (0, 18.162766351280307), (14, 7.881658455851166), (13, 9.97450225425559), (5, 10.756560579142382), (18, 20.326894274831652), (9, 7.554420090875316), (4, 18.024803971768208), (10, 9.412939249767241), (6, 8.761822219954388), (15, 7.758724104413596), (11, 6.499752614739368), (8, 13.861696636719843), (19, 21.00205359617365)]
Atom 2: [(18, 19.814976538102943), (8, 13.524119464343057), (11, 8.077492697417474), (1, 1.716684824967787), (9, 7.4567725558237825), (15, 9.08870186625031), (6, 7.821346642567329), (3, 17.384831517678784), (5, 10.504746989894308), (16, 19.453447616042933), (4, 19.02617880180112), (14, 8.155310394578258), (10, 10.578974432021688), (7, 11.072399928134779), (17, 19.93169685821227), (13, 10.246477127320025), (0, 19.10677341870584), (12, 12.735441853289077), (19, 21.08912158835061)]
Atom 3: [(16, 22.436670779688285), (6, 9.88160367805856), (14, 25.12501260141206), (13, 27.25856038311196), (11, 22.080783545618218), (10, 26.197219671810185), (15, 24.121173971482154), (8, 3.515910059614742), (9, 9.897614575097085), (12, 23.330478006047414), (2, 17.343652598479355), (7, 6.309154895690567), (17, 11.767117991468918), (5, 6.715817002429913), (1, 17.766054112031863), (0, 14.547105100028274), (18, 3.1876963302413572), (4, 14.99988195191659), (19, 6.221579282741895)]
Atom 4: [(17, 4.398706437699206), (13, 26.440657288667484), (18, 17.450713556407994), (9, 13.584762308114533), (7, 15.88626885956112), (15, 20.207397848951754), (3, 14.811871997286229), (8, 13.711769536798387), (2, 18.948779574058538), (6, 17.33152693882579), (14, 24.62755707914203), (11, 17.913479440339582), (1, 17.945042113956664), (5, 13.259085444237536), (12, 15.404947704602414), (16, 8.960087796543446), (0, 1.1394866776147774), (10, 22.208620333181074), (19, 11.571833212925482)]
Atom 5: [(9, 3.1713233751462773), (14, 18.480973786601066), (0, 13.173484899023318), (12, 17.367353296417452), (3, 7.0835380282849885), (15, 17.472471800513663), (8, 3.2023897053514614), (4, 13.328713824583211), (1, 10.677348481335054), (17, 12.116689599036446), (2, 10.41676244196314), (11, 15.475397594809786), (16, 18.569080847582416), (13, 20.584546340789224), (18, 9.787507513174337), (10, 19.45507651380768), (7, 2.932961609629351), (6, 4.60423196531026)]
Atom 6: [(13, 17.8538984577609), (0, 17.26930824877485), (5, 4.690982540215915), (2, 7.774695565660846), (12, 17.93165613706337), (18, 12.417455299967841), (16, 21.3808121997519), (8, 6.870327434864554), (15, 16.249804400006926), (14, 15.796501197577973), (10, 17.99410248363212), (7, 3.664010425735656), (4, 17.41187698762506), (3, 10.38188096793287), (1, 8.729629232964697), (9, 4.238396083076629), (11, 14.722846292219774), (17, 16.611229149843567)]
Atom 7: [(2, 11.025787658675117), (6, 3.5960032222995264), (16, 21.34171505066679), (15, 18.922083506773994), (0, 15.681974238614417), (11, 17.156392629458853), (3, 6.820111011400455), (9, 5.065064884605175), (4, 15.952570445095436), (13, 21.22162043862147), (17, 14.343784446746582), (14, 19.138329155347716), (1, 11.70235334812716), (5, 2.9741093275362327), (10, 20.801317218599866), (18, 8.901420417089241), (12, 19.5628656127411), (8, 3.558529939701297)]
Atom 8: [(16, 20.217073578207053), (11, 18.546313229407442), (12, 20.12035483239766), (3, 3.952200544167969), (18, 6.606347004626084), (5, 3.1418907354233525), (14, 21.560445720219867), (9, 6.311871304296393), (0, 13.440419407158684), (7, 3.4813094661902855), (17, 11.525327024227217), (4, 13.741323671151266), (15, 20.5656780135117), (1, 13.796433518095892), (13, 23.663592629393754), (6, 6.791809498903293), (10, 22.561564684883454), (2, 13.454120982695942)]
Atom 9: [(16, 17.31803946797141), (13, 17.43674355914056), (3, 10.303562430591406), (12, 14.695469305439156), (11, 12.352773229607479), (1, 7.487990518316704), (5, 3.22467721564855), (18, 12.928515750851671), (0, 13.66159696163915), (10, 16.266479890031455), (2, 7.377957753552935), (7, 5.071335513578794), (8, 6.36546305775924), (4, 13.667678057222124), (14, 15.334980625007173), (6, 4.179403595716394), (15, 14.305001901773695), (17, 13.480390333351068)]
Atom 10: [(4, 22.275994325842575), (16, 18.118361691948444), (0, 22.659060686761237), (14, 5.733957936529254), (8, 22.607150004442147), (12, 8.156333820688285), (6, 18.02535689475375), (13, 6.077435741866462), (17, 25.02525040047285), (11, 4.566760137524527), (18, 29.176741315571107), (5, 19.500016467696273), (1, 9.443307451160713), (9, 16.31041074642419), (7, 20.839378772063988), (15, 2.170506802099441), (2, 10.601438428793179), (3, 26.481656162906173)]
Atom 11: [(0, 18.396516202951137), (9, 12.394845283984935), (15, 2.3844550299471106), (4, 17.99718978054468), (2, 8.069524104734391), (10, 4.491794314622532), (8, 18.595016077703537), (6, 14.745539104645466), (12, 5.555392245582711), (14, 7.4941785917098285), (18, 25.19345605630694), (17, 20.636477945040905), (13, 8.866990909766184), (5, 15.52156340664186), (7, 17.192352793199785), (3, 22.409767283553297), (16, 14.72628527447439), (1, 6.499152425840615)]
Atom 12: [(13, 13.776280691294767), (9, 14.707260421064817), (1, 11.023568847971347), (14, 12.728175987470872), (0, 15.981111993503461), (5, 17.389551010067642), (6, 17.930237715467012), (11, 5.485553025948123), (3, 23.58609696500734), (15, 6.653934520899423), (7, 19.57749214916404), (18, 26.535573518380932), (4, 15.487074456269786), (10, 8.064628327472866), (17, 18.974380031479882), (8, 20.149798042222166), (2, 12.698944628000223), (16, 10.102910458245194)]
Atom 13: [(11, 8.94249256263663), (5, 20.639407522346012), (18, 30.023801691631835), (17, 28.60602454670703), (4, 26.51368404521096), (14, 2.1601084253358684), (0, 26.831229345593126), (6, 17.89678975823287), (15, 7.228989042276414), (10, 6.141421648421626), (8, 23.716855794565937), (12, 13.848792032364685), (2, 10.296762873406854), (16, 23.61413064556177), (1, 10.03385805710942), (9, 17.493610955793226), (3, 27.656125782276753), (7, 21.268280944445088)]
Atom 14: [(10, 5.780091653122663), (1, 7.963403272655858), (12, 12.804645339158462), (9, 15.414444909736813), (18, 27.954620096328338), (11, 7.577453821340545), (7, 19.20853548565688), (3, 25.57659884587017), (2, 8.227245356994569), (16, 22.29625128182614), (17, 26.67642612559506), (4, 24.718650738121507), (0, 25.014823802401576), (6, 15.862109096877445), (5, 18.558607540610236), (15, 6.239111836898104), (8, 21.636731465656744), (13, 2.081505967296599)]
Atom 15: [(2, 9.097740880326736), (11, 2.466229995910275), (6, 16.27949431083371), (1, 7.779270286596171), (12, 6.7422200145928635), (13, 7.139462976909488), (9, 14.354861816081609), (17, 22.966594419441254), (0, 20.668063161865255), (8, 20.619628412374286), (7, 18.963662036114194), (18, 27.19879740835409), (5, 17.524823940526367), (14, 6.160812631343928), (4, 20.298552585118276), (10, 2.0931676153385026), (3, 24.473826457354495), (16, 16.594719873779425)]
Atom 16: [(15, 16.501133053129443), (10, 18.049954810772064), (1, 17.88711960531041), (17, 13.351395107654682), (0, 9.691402762576079), (11, 14.645445713010783), (12, 10.010884989626016), (9, 17.2655688643597), (4, 9.00531185334801), (7, 21.29919403499581), (6, 21.326590141328214), (18, 25.32679157338711), (3, 22.417895025907452), (8, 20.214699940781717), (14, 22.21173688325448), (5, 18.539080530622687), (2, 19.422056096551156), (13, 23.53872806176019), (19, 20.306019381294075)]
Atom 17: [(7, 14.266643262997443), (1, 19.260178215578293), (3, 11.555287403818491), (18, 13.859500387177695), (5, 12.027403435458728), (0, 3.8148368974878926), (11, 20.557167636282227), (6, 16.521587274410216), (4, 4.359401511165894), (14, 26.58623524581669), (15, 22.880912356102993), (10, 24.96095120814053), (8, 11.47662674454714), (12, 18.89992181130633), (9, 13.390214288974036), (2, 19.92483252236698), (13, 28.536490784269294), (16, 13.29280824744599), (19, 7.360913661465935)]
Atom 18: [(7, 8.818274866535155), (5, 9.71995542496071), (1, 20.251971201567812), (2, 19.735781671492102), (13, 29.974796216846418), (6, 12.33186614030508), (16, 25.31174250325874), (3, 2.991634821780383), (11, 25.14447846690688), (10, 29.132173314012753), (9, 12.881000554515715), (12, 26.499733652019476), (15, 27.145786915332216), (8, 6.554512757854604), (0, 16.963113152846457), (14, 27.88236292930219), (17, 13.877992477212674), (4, 17.45434467419343)]
Atom 19: [(15, 26.51472844992819), (16, 20.306019381294075), (18, 7.352430765815447), (9, 13.65618560125647), (14, 28.841842413329204), (10, 28.61892102517016), (4, 11.571833212925482), (0, 11.006174409061563), (6, 15.177960084239892), (7, 11.873809593952865), (8, 8.5150465263995), (5, 10.871480185304002), (11, 24.256249618766944), (1, 21.00205359617365), (13, 30.925536587444327), (3, 6.175503464088747), (12, 24.04699357873212), (17, 7.360913661465935), (2, 21.08912158835061)]
New position of object Informational Sign:1: (16.916985942110294, -2.0193103835356734, 1.023692050684442)
New position of object Pedestrian:2: (-0.9797891351449799, -0.06131714109021402, -0.09327993399839253)
New position of object Trash Can:1: (18.10958391537921, 1.5411711221653066, 0.18680205570280686)
New position of object Service Vehicle:1: (11.990262726193926, 16.73761327384998, 0.03586550443878481)
New position of object Pedestrian:1: (-1.732052425109888, 1.480207630829729, 0.07509851654963337)
New position of object Railing:2: (13.21107516440955, -10.811412889230358, 0.016254920877340345)
New position of object Railing:1: (16.66083321838775, -2.57454389487728, 0.09993927857242793)
New position of object Bollard:7: (17.894987423932868, 8.921100692997987, -0.3515594508639064)
New position of object Bollard:1: (7.17712388061458, 6.705880026391907, -0.5310698971741922)
New position of object Fence:1: (2.7245240297529065, 7.7991967886249896, 0.4684507793445971)
New position of object Fence:2: (6.030961506987651, 9.256196461070848, 0.5024597497545873)
New position of object Bollard:6: (13.024981276962684, 14.501292307833687, -0.5166454198240237)
New position of object Bollard:3: (9.315209077735211, 9.020324958498515, -0.48426483077822)
New position of object Bollard:2: (4.940780111341468, 4.3831540810358325, -0.458942056016464)
New position of object Fence:5: (-4.7105637806107445, -8.583866631514578, 1.6591223020766506)
New position of object Fence:8: (-0.8771401524275468, -6.510209679183445, 0.6100525982674129)
New position of object Fence:9: (3.1840041639172227, -10.116220108196849, 1.3311053966594655)
New position of object Fence:6: (-9.762136667204242, -5.022546937347734, 0.8755258361193674)
New position of object Fence:7: (-7.9974165152980845, -3.9002147791255286, 0.7653795024689214)
New position of object Fence:4: (-2.9941764314049593, -7.41617811998861, 1.5098830076603955)

After Updating position of all the atoms:
Atom 0: [(2, 18.99301979846131), (17, 3.876872034018324), (18, 16.962454488783028), (12, 15.863084603291917), (13, 26.70812232720165), (7, 15.61836306693367), (16, 9.61738210092106), (1, 18.04542849166037), (9, 13.567887359427726), (14, 24.892331091229483), (11, 18.272364349328406), (8, 13.394572318094324), (10, 22.5358373339895), (3, 14.355464362346003), (5, 13.101804000261629), (4, 1.090852575248065), (15, 20.54458384708646), (6, 17.186062237398605), (20, 19.418305487882062), (19, 11.069796660937298)]
Atom 1: [(15, 7.77052275199404), (0, 18.038179567736147), (11, 6.487981002428002), (7, 11.707651022701258), (18, 20.255679566259605), (6, 8.737180897938979), (3, 17.74978030053885), (16, 17.87538986310032), (10, 9.43588361184291), (2, 1.72965243782725), (9, 7.489581147456927), (12, 11.011138401902), (17, 19.25497481852548), (4, 17.937330816459983), (8, 13.799087698106437), (13, 10.03372533015192), (5, 10.679620077612503), (14, 7.963554129802056), (20, 21.223642168960836), (19, 20.904729814328924)]
Atom 2: [(4, 18.95329416342004), (15, 9.08915515845246), (13, 10.286433996050837), (6, 7.786397113237253), (1, 1.7235283526767449), (14, 8.21692748131916), (16, 19.421324075136297), (3, 17.395284399723604), (8, 13.464399742634864), (0, 18.998239077554548), (11, 8.061730707023315), (5, 10.426620948136664), (18, 19.746565780720942), (17, 19.842044423298542), (9, 7.387056875455203), (7, 11.037253746209256), (10, 10.592097491949012), (12, 12.693973569459953), (19, 20.994514041046376)]
Atom 3: [(16, 22.436670779688285), (6, 9.88160367805856), (14, 25.12501260141206), (13, 27.25856038311196), (11, 22.080783545618218), (10, 26.197219671810185), (15, 24.121173971482154), (8, 3.515910059614742), (9, 9.897614575097085), (12, 23.330478006047414), (2, 17.343652598479355), (7, 6.309154895690567), (17, 11.767117991468918), (5, 6.715817002429913), (1, 17.766054112031863), (0, 14.547105100028274), (18, 3.1876963302413572), (4, 14.99988195191659), (19, 6.221579282741895), (20, 5.2445413005614325)]
Atom 4: [(1, 17.819797961818093), (14, 24.608665094143625), (3, 14.740581191431591), (18, 17.391777122351087), (13, 26.405702395863635), (0, 1.1077985620011603), (7, 15.848316208455376), (6, 17.29823636558638), (10, 22.179721516491977), (9, 13.54974482198188), (16, 8.930500799666577), (8, 13.646924571916125), (17, 4.364118905987085), (15, 20.20009643293539), (2, 18.83453926416738), (12, 15.409825053391506), (11, 17.896319571188066), (5, 13.219665123215648), (19, 11.570515640907852)]
Atom 5: [(8, 3.207109321798524), (6, 4.6040070953085905), (17, 12.112317722791573), (0, 13.168566565156777), (16, 18.535470958229684), (3, 7.1522173083899565), (4, 13.284019856267445), (9, 3.160618515783867), (12, 17.367017537797643), (14, 18.482476561176693), (18, 9.777199105080262), (11, 15.472537779763854), (1, 10.607631568927308), (7, 2.9406012030606123), (2, 10.34642520767532), (15, 17.470205701652006), (13, 20.563223853603773), (10, 19.442641932517432)]
Atom 6: [(2, 7.742443004441001), (5, 4.692550325490586), (8, 6.878411141579692), (3, 10.462333166661598), (11, 14.733954402237963), (12, 17.943443712680253), (10, 17.99774319860335), (16, 21.36649312301077), (17, 16.61151043493351), (7, 3.6750189652583667), (4, 17.377313091959284), (9, 4.237078805773321), (0, 17.266654310922096), (13, 17.841569820501626), (15, 16.25782896564116), (18, 12.40229326343188), (14, 15.808812024682954), (1, 8.707764159484073)]
Atom 7: [(3, 6.883163741364733), (5, 2.980937039722971), (1, 11.67568370860643), (10, 20.815430672550484), (8, 3.5523368225128342), (9, 5.071202541617598), (6, 3.6133825491411993), (13, 21.22457032691912), (2, 10.996045890301732), (4, 15.909827550932299), (14, 19.165730241196986), (11, 17.17769833627225), (12, 19.583199879811612), (15, 18.943096939305406), (17, 14.33577256530904), (0, 15.681653794048266), (16, 21.31899088384383), (18, 8.867630135283203)]
Atom 8: [(0, 13.488309528520954), (6, 6.770225287442647), (15, 20.577238476907233), (11, 18.559698737581435), (18, 6.618493888883347), (9, 6.310698951855904), (12, 20.146968184484667), (3, 4.020502691621247), (14, 21.563648629312844), (7, 3.437374415089899), (1, 13.733756973885137), (17, 11.564129956838734), (5, 3.1512306117040465), (16, 20.216976001572007), (13, 23.64344861366429), (2, 13.386868318676637), (4, 13.738284906934478), (10, 22.561271606363643)]
Atom 9: [(6, 4.17626582850402), (16, 17.30602374451034), (18, 12.951230031970482), (4, 13.641171295096418), (7, 5.085207070038567), (17, 13.487447728372093), (8, 6.374921471809225), (1, 7.412163883389685), (2, 7.296505429685829), (5, 3.2251343688390746), (3, 10.372127369721591), (14, 15.332825059693583), (10, 16.25601480005941), (11, 12.35366582657381), (15, 14.304795138313729), (13, 17.412202487266512), (0, 13.660866049244277), (12, 14.702703424235288)]
Atom 10: [(16, 18.134114757498928), (17, 25.008863574503362), (7, 20.85632002323249), (9, 16.302707189465774), (11, 4.558832250665305), (5, 19.490777631061068), (1, 9.466965874501904), (15, 2.1587100659420058), (6, 18.030612758616343), (2, 10.614436019211947), (18, 29.192603291310853), (12, 8.141018103612966), (13, 6.078554301414472), (3, 26.532730760873633), (8, 22.610262586115397), (0, 22.61079559294706), (4, 22.25487859195488), (14, 5.736785843103022)]
Atom 11: [(10, 4.4828269108359375), (7, 17.21374472151003), (14, 7.496503811673548), (18, 25.219469550565634), (8, 18.608573819542205), (0, 18.35674801125074), (4, 17.981384560709305), (6, 14.75639350984114), (16, 14.742142162838991), (3, 22.462539932788008), (5, 15.518967645090756), (12, 5.548737049078494), (2, 8.053807773450243), (17, 20.627640792323803), (1, 6.487944854302548), (9, 12.395818640933735), (13, 8.85700992800497), (15, 2.3904262596972545)]
Atom 12: [(0, 15.945194842797601), (18, 26.5759464774581), (7, 19.598018865554618), (13, 13.761141044954602), (14, 12.722643811434015), (9, 14.714699571913348), (1, 10.975751540802953), (6, 17.94205834260372), (15, 6.656301650385194), (10, 8.04859648003975), (11, 5.478697063207809), (3, 23.6241130886836), (8, 20.1765854357856), (5, 17.38953003490815), (17, 18.973063309626653), (2, 12.65789484771718), (4, 15.492500491537726), (16, 10.13677846386019)]
Atom 13: [(2, 10.363819460170005), (1, 10.133213403721166), (12, 13.919612836808371), (0, 26.84803468092459), (15, 7.296562881831876), (16, 23.706914125943232), (10, 6.230201442496697), (9, 17.504964381546284), (14, 2.174013174054668), (3, 27.73937436049099), (6, 17.90194172812836), (7, 21.2942161462295), (8, 23.72754522517847), (4, 26.547459218898773), (18, 30.039493735396665), (5, 20.65122414065534), (11, 9.012590057306266), (17, 28.642443042521617)]
Atom 14: [(13, 2.094277656553696), (0, 24.98663595860058), (16, 22.31873576805123), (10, 5.791266853267917), (12, 12.805582237601866), (8, 21.638598914802458), (17, 26.67431168514115), (15, 6.238843474531322), (18, 27.967843318869633), (9, 15.41136252580057), (1, 8.044968934049528), (6, 15.872126724224428), (4, 24.702823602044777), (2, 8.287353035299644), (5, 18.55900601585775), (3, 25.651337053768867), (7, 19.234231813453906), (11, 7.585152293075601)]
Atom 15: [(4, 20.29159352102265), (3, 24.53116331795773), (17, 22.964175348264703), (13, 7.206744411518739), (8, 20.631437920399446), (16, 16.62434128871108), (10, 2.081286707654968), (7, 18.985154479190857), (6, 16.287901941634175), (12, 6.744783439125252), (2, 9.099299037319406), (11, 2.472309889134008), (0, 20.63533256518783), (14, 6.160251214082942), (18, 27.22307368956382), (9, 14.354931133821882), (1, 7.792423731789995), (5, 17.522938254950105)]
Atom 16: [(4, 8.938592268443061), (0, 9.59425717465585), (3, 22.36932909293914), (7, 21.278867500687628), (13, 23.548999086164613), (10, 18.057199712342204), (6, 21.312804746676857), (14, 22.229045044063866), (15, 16.530489834492847), (12, 10.043761597480318), (11, 14.65952559047147), (5, 18.507300325097358), (18, 25.264872196175222), (2, 19.349017022437362), (9, 17.250976242583313), (8, 20.16091963413532), (1, 17.803291438579123), (17, 13.2894998426243), (19, 20.284141927619178)]
Atom 17: [(12, 18.898024788904156), (10, 24.937295546784846), (3, 11.509105275891054), (0, 3.847038255851403), (9, 13.386175784479573), (5, 12.030062632533731), (18, 13.845002953227263), (6, 16.523467804118148), (7, 14.264615141054572), (11, 20.547128049568574), (1, 19.158564090685555), (4, 4.365268323874929), (13, 28.51216213427966), (16, 13.31314595974398), (15, 22.878042959419595), (8, 11.45305817950659), (2, 19.83533820734666), (14, 26.582016631628804), (20, 16.382940142978555), (19, 7.402651230224513)]
Atom 18: [(17, 13.939611310528992), (3, 3.0176893122464588), (9, 12.893510140965192), (15, 27.169797476718138), (6, 12.328338021477599), (11, 25.170308927231073), (14, 27.897404004119046), (13, 29.965619526855942), (5, 9.745054993750594), (0, 17.04261286078704), (16, 25.31899796795951), (12, 26.53994455301668), (2, 19.68930803090977), (10, 29.144545242514965), (8, 6.582504948580229), (4, 17.469509954548684), (1, 20.208474128254274), (7, 8.801472509256177)]
Atom 19: [(5, 10.85545006416437), (16, 20.284141927619178), (18, 7.2871211653243915), (2, 20.994514041046376), (7, 11.825321539254258), (12, 24.059200061274293), (3, 6.044341813702731), (13, 30.892107859461394), (11, 24.2515678183211), (1, 20.904729814328924), (17, 7.402651230224513), (9, 13.632590134812409), (8, 8.464095136077582), (6, 15.144400395205688), (14, 28.830334055205885), (4, 11.570515640907852), (10, 28.59936669615554), (0, 11.069796660937298), (15, 26.511656617327542)]
Atom 20: [(7, 9.543143903621342), (10, 30.332845029318324), (17, 16.382940142978555), (3, 5.2445413005614325), (16, 27.6254250523459), (1, 21.223642168960836), (6, 12.823937220899007), (11, 26.53414677691243), (15, 28.415385582278205), (8, 8.179640747092922), (4, 19.934343313514628), (12, 28.26002715319496), (14, 28.674273720452753), (2, 20.509286242032612), (9, 14.188873831430568), (0, 19.418305487882062), (5, 11.100147279587112), (18, 2.623323850414143), (13, 30.71688672782394)]
New position of object Informational Sign:1: (16.80907869163755, -1.972648475468624, 1.0373694658947534)
New position of object Pedestrian:2: (-0.9741103026609288, -0.07215550578322905, -0.08926658656414298)
New position of object Trash Can:1: (18.012519788200226, 1.5383247488824239, 0.1950397965146293)
New position of object Service Vehicle:1: (11.89454874969574, 16.688148552765124, 0.029581842533576375)
New position of object Pedestrian:1: (-1.7389774132039264, 1.4696246875133196, 0.07122574194256101)
New position of object Railing:2: (13.109182928147906, -10.796721466413567, 0.02600630919889735)
New position of object Railing:1: (16.5437783152824, -2.5407404147229737, 0.13244292563391932)
New position of object Bike:1: (19.04399856395923, 6.292212493372349, 0.007022501887295973)
New position of object Bollard:7: (17.84040010385218, 8.917793552992192, -0.394086987036819)
New position of object Bollard:1: (7.100861071955936, 6.713656370369778, -0.5423582525684576)
New position of object Fence:1: (2.633634408779166, 7.8088999625305, 0.4795994829629314)
New position of object Fence:2: (5.9582396035524745, 9.270962388481685, 0.5070769814554807)
New position of object Bollard:6: (12.940239956624335, 14.470820436357641, -0.5956445095546555)
New position of object Bollard:3: (9.193093640947563, 9.04852315368363, -0.4952308266144455)
New position of object Bollard:2: (4.8252558230457225, 4.382024934699013, -0.4691569817733162)
New position of object Fence:5: (-4.7984868381903, -8.583583237581825, 1.6447966746763816)
New position of object Fence:8: (-0.9660354657238415, -6.511217256751719, 0.6131792604435748)
New position of object Fence:9: (3.0876287747221305, -10.117526238405814, 1.3329162370316576)
New position of object Fence:6: (-9.867680310746302, -5.01708110752284, 0.8621259168642845)
New position of object Fence:7: (-8.093020750023307, -3.89084641018092, 0.7503020322870384)
New position of object Fence:4: (-3.0908533159316143, -7.412941952605371, 1.5126340456052105)

After Updating position of all the atoms:
Atom 0: [(9, 13.5459102868331), (8, 13.391001368190786), (4, 1.123846151547154), (6, 17.151889352514814), (2, 18.884430723725178), (12, 15.875978572054427), (11, 18.264019228608472), (18, 16.974247566255645), (16, 9.597502834486273), (14, 24.882758987839722), (1, 17.926945475847077), (13, 26.746169064638423), (10, 22.52087463287171), (7, 15.573724572475099), (5, 13.059533394222711), (3, 14.279531505188242), (15, 20.54322753381827), (17, 3.8420966829292915), (20, 19.32339478903694), (21, 8.6234800710739), (19, 11.032425798853014)]
Atom 1: [(4, 17.812607318970784), (16, 17.792196904026326), (10, 9.458708928109834), (5, 10.610352235024708), (0, 17.919904941976178), (17, 19.153757378419243), (11, 6.476649756775928), (15, 7.78284104599133), (12, 10.963147642230828), (18, 20.21243673825655), (6, 8.71487989176168), (2, 1.735316529057122), (13, 10.132453164386359), (8, 13.736787030382068), (9, 7.414335578915623), (3, 17.75266077040101), (14, 8.044332656857817), (7, 11.680724358229535), (20, 21.131121666629355), (21, 21.005692900094655), (19, 20.854205844210693)]
Atom 2: [(17, 19.7520047416868), (5, 10.357508981046823), (10, 10.603038655329568), (9, 7.3067702856756895), (18, 19.701381415380222), (1, 1.7285443728008376), (3, 17.40692568841095), (6, 7.75526375082034), (16, 19.34763494140734), (13, 10.352114540672101), (14, 8.275571601729165), (11, 8.04430571056783), (0, 18.88949611536171), (15, 9.088605549659677), (8, 13.398383609043998), (12, 12.651278353720949), (7, 11.008570006034585), (4, 18.83903275830304), (21, 21.33526577450102), (19, 20.953371073405854)]
Atom 3: [(16, 22.436670779688285), (6, 9.88160367805856), (14, 25.12501260141206), (13, 27.25856038311196), (11, 22.080783545618218), (10, 26.197219671810185), (15, 24.121173971482154), (8, 3.515910059614742), (9, 9.897614575097085), (12, 23.330478006047414), (2, 17.343652598479355), (7, 6.309154895690567), (17, 11.767117991468918), (5, 6.715817002429913), (1, 17.766054112031863), (0, 14.547105100028274), (18, 3.1876963302413572), (4, 14.99988195191659), (19, 6.221579282741895), (20, 5.2445413005614325), (21, 8.442253074760865)]
Atom 4: [(1, 17.692356773225903), (18, 17.413619026319285), (0, 1.1009108884957015), (11, 17.87381317736892), (8, 13.648837834875662), (5, 13.178560397348287), (2, 18.717530094120683), (10, 22.14942848743021), (7, 15.805820109894995), (9, 13.524777946627339), (3, 14.676459010779002), (13, 26.43317421146037), (16, 8.942538641376832), (12, 15.40481254936798), (15, 20.18412518988876), (6, 17.262647295680342), (14, 24.58696855999685), (17, 4.335884280219205), (21, 9.180843569695327), (19, 11.543676299204392)]
Atom 5: [(2, 10.296557582650419), (6, 4.620872082802236), (10, 19.45174757376548), (7, 2.9497186052096307), (21, 11.963192187193172), (0, 13.122382439572975), (16, 18.521239207719887), (15, 17.486386107751656), (3, 7.203480077864477), (4, 13.238878447600863), (13, 20.593920367913313), (8, 3.198035633293314), (9, 3.1787023985971206), (12, 17.38091989414942), (11, 15.48700060056546), (17, 12.09926068877551), (18, 9.784842096202489), (1, 10.557352773172996), (14, 18.501957326613205)]
Atom 6: [(12, 17.953771156456888), (13, 17.845389538749366), (16, 21.356779071435763), (4, 17.341501581852736), (9, 4.2355066235126095), (3, 10.544442293521218), (1, 8.68622275805893), (7, 3.6928337572529077), (2, 7.711868403347234), (8, 6.858573101818986), (0, 17.231744479744506), (17, 16.61057504238008), (5, 4.711695045265454), (21, 16.487077411953965), (10, 18.001425436133893), (15, 16.264585503878074), (18, 12.400028586447254), (14, 15.817846945875381), (11, 14.743793845762157)]
Atom 7: [(9, 5.085183049742181), (17, 14.324689275517443), (12, 19.601996078540328), (1, 11.64933272163812), (14, 19.191325276813757), (5, 2.9911055148119967), (0, 15.634599588557077), (11, 17.19820956423585), (2, 10.968043856156832), (21, 13.429821033432122), (16, 21.309137822148152), (6, 3.631994115002851), (10, 20.831358414755346), (3, 6.946841547200897), (13, 21.250185728605917), (8, 3.5092480334946528), (4, 15.865380663713902), (18, 8.851169216485625), (15, 18.963439327785085)]
Atom 8: [(21, 10.241573837274826), (15, 20.582429918163797), (12, 20.16759888130445), (5, 3.1354841751871003), (9, 6.312618776146801), (4, 13.738179267237678), (13, 23.64687597485603), (18, 6.591850744707862), (16, 20.234652887770842), (11, 18.566244301610613), (14, 21.55858510863705), (17, 11.604388444871947), (1, 13.664685221562253), (7, 3.393874010411522), (0, 13.484002225903227), (2, 13.314306310792047), (3, 4.099205732899956), (6, 6.746366815330649), (10, 22.557794587155822)]
Atom 9: [(13, 17.408221150991555), (2, 7.201614170988503), (14, 15.314715175435195), (10, 16.235016856485014), (18, 12.948079442805573), (0, 13.647838899737913), (17, 13.506728656257366), (16, 17.299218978805406), (4, 13.623889750464329), (3, 10.456806378635665), (12, 14.701488392800469), (6, 4.176938557032605), (15, 14.29187585243315), (21, 14.35437942031108), (7, 5.112572192629829), (11, 12.341911847951458), (5, 3.2588714038332127), (8, 6.39178321571257), (1, 7.322341672493884)]
Atom 10: [(4, 22.23275612975491), (7, 20.875496864889577), (16, 18.11637655624056), (3, 26.588310903765922), (11, 4.554836226064724), (9, 16.28472345937833), (14, 5.739378516835911), (8, 22.61051122383961), (21, 28.15023468857485), (6, 18.036286097509006), (5, 19.50342705745727), (0, 22.604431299386622), (18, 29.175118401851034), (2, 10.625615887426058), (15, 2.153270175840554), (17, 24.9979367068856), (12, 8.134343279810611), (13, 6.157156549878301), (1, 9.49090266060726)]
Atom 11: [(3, 22.516351042346404), (2, 8.036478769319936), (9, 12.38439469551083), (12, 5.543851767821786), (8, 18.615638553840824), (4, 17.96077315769588), (18, 25.20102491535175), (13, 8.925041254376819), (6, 14.76621901288002), (16, 14.72488000769067), (21, 23.763347854445513), (15, 2.395075687934952), (17, 20.619299858094408), (0, 18.350292292496803), (7, 17.234675433063064), (1, 6.477268838311047), (10, 4.477345058198034), (14, 7.50205427307444), (5, 15.534071235414808)]
Atom 12: [(13, 13.830563689509631), (15, 6.657097975849349), (3, 23.663409660475384), (2, 12.615468948031731), (16, 10.129208624925333), (4, 15.4892472395291), (18, 26.558992560964526), (8, 20.1979274238483), (10, 8.03996703957072), (9, 14.714068093715126), (0, 15.95946645378649), (6, 17.95246547705073), (14, 12.722235998776922), (7, 19.617234979517235), (21, 22.926911180815306), (1, 10.928394276942148), (5, 17.404349912963006), (11, 5.473178195609711), (17, 18.97118859734284)]
Atom 13: [(12, 13.93112405941215), (21, 31.056665934315106), (3, 27.82004934391449), (14, 2.1805129966983503), (7, 21.324492674482332), (17, 28.64827930943591), (2, 10.429702102867594), (1, 10.220226239718732), (8, 23.72755242749467), (16, 23.707374021078106), (4, 26.53732931643524), (6, 17.91465842818735), (9, 17.492795110582744), (5, 20.676415893812447), (18, 30.035056652566134), (0, 26.850488845156267), (10, 6.247338106830286), (15, 7.308919981995925), (11, 9.02960122137686)]
Atom 14: [(2, 8.340842986383455), (18, 27.952825213752128), (7, 19.254357605536335), (8, 21.628416205321134), (9, 15.38861105474476), (4, 24.681499230372815), (10, 5.803089977996692), (6, 15.875089793505053), (17, 26.66989805788002), (3, 25.721256078485506), (16, 22.310292588790425), (5, 18.57365054734856), (21, 28.994223051170177), (0, 24.977518844563775), (15, 6.245249419185062), (11, 7.594673480192373), (12, 12.810851056428039), (13, 2.1048338963263404), (1, 8.1219555309454)]
Atom 15: [(13, 7.21724976235454), (6, 16.295440816601594), (14, 6.165061731011571), (12, 6.746904148885342), (0, 20.63564788040297), (5, 17.540091667049847), (2, 9.099737164907175), (1, 7.806012572204997), (7, 19.00657496071457), (9, 14.342716738784373), (10, 2.0745795296772633), (11, 2.4772923190903624), (3, 24.58986759210101), (17, 22.961132083122468), (16, 16.616293212814064), (21, 26.07776432621069), (18, 27.20918679924352), (4, 20.277130828765223), (8, 20.637507301757285)]
Atom 16: [(10, 18.030728413761985), (17, 13.27496326987272), (4, 8.956778990574431), (6, 21.303639907143875), (11, 14.64009995471599), (9, 17.244900728348323), (1, 17.70222446782761), (7, 21.27081906684402), (12, 10.033720109140024), (18, 25.3039732401668), (14, 22.21704339629397), (15, 16.521142395009914), (3, 22.35162862010884), (8, 20.183407621633904), (13, 23.604237648173914), (5, 18.488935000672306), (0, 9.621660368404948), (2, 19.259625081697408), (21, 18.090164755964356), (19, 20.278633997180297)]
Atom 17: [(7, 14.255447717961788), (6, 16.522593215771714), (9, 13.393697188307788), (15, 22.873417330195558), (5, 12.026498547270887), (14, 26.578558766229825), (18, 13.907572188655195), (11, 20.537049319167977), (1, 19.056930471020813), (0, 3.8058800200379412), (13, 28.547147663978876), (2, 19.745022040926372), (12, 18.89454779805832), (16, 13.2514849823446), (3, 11.46464485532349), (10, 24.918684210841537), (4, 4.330333609821081), (8, 11.49282365251143), (20, 16.339342313912336), (21, 4.868135952819291), (19, 7.4049480338262335)]
Atom 18: [(16, 25.275752516520313), (15, 27.154733980622037), (21, 10.222949894641825), (1, 20.133646241867172), (2, 19.620275977232517), (5, 9.709520046353894), (14, 27.887860796161156), (11, 25.15108990288642), (3, 2.9744702179701092), (4, 17.404275411680263), (17, 13.914116898612033), (10, 29.123074043492394), (12, 26.522048653593146), (0, 16.971220275977466), (9, 12.875210983645585), (6, 12.31923098094663), (7, 8.775126627866493), (8, 6.546843152230453), (13, 29.959199223650657)]
Atom 19: [(5, 10.891133346896977), (4, 11.543676299204392), (14, 28.865870293260926), (18, 7.3741940165095725), (16, 20.278633997180297), (1, 20.854205844210693), (6, 15.181730454965068), (13, 30.94907181006977), (21, 2.9160270876505057), (11, 24.277106361431315), (3, 5.995845586591858), (12, 24.08484807432334), (7, 11.848255253519863), (15, 26.542481266037168), (9, 13.673600742737046), (17, 7.4049480338262335), (10, 28.619394642745373), (2, 20.953371073405854), (8, 8.526284464196713), (0, 11.032425798853014)]
Atom 20: [(14, 28.63760438629647), (13, 30.67705890647373), (8, 8.106327788821197), (15, 28.37047749694469), (9, 14.142363410141261), (4, 19.843732968818152), (12, 28.214211487396568), (0, 19.32339478903694), (6, 12.778709746029538), (17, 16.339342313912336), (5, 11.055049194883038), (11, 26.488050293834334), (7, 9.478353272653731), (16, 27.53106062086175), (1, 21.131121666629355), (18, 2.5216229212238366), (2, 20.419789382603945), (10, 30.282997139119058), (3, 5.204210653580214)]
Atom 21: [(7, 13.355515432714068), (10, 28.076794618719283), (9, 14.239466201834727), (2, 21.33526577450102), (16, 18.090164755964356), (18, 10.192732145680534), (13, 30.960805964520997), (0, 8.6234800710739), (14, 28.908455658062653), (3, 8.442253074760865), (1, 21.005692900094655), (6, 16.395400781743156), (5, 11.886268506474538), (17, 4.868135952819291), (11, 23.6879173111317), (4, 9.180843569695327), (15, 25.997302168390295), (12, 22.858899324373233), (8, 10.11599257279667), (19, 2.9160270876505057)]
New position of object Informational Sign:1: (16.713354213899738, -1.9851141147836273, 1.0537422886491625)
New position of object Pedestrian:2: (-0.9681545008165351, -0.08070722261192742, -0.10468184821960565)
New position of object Trash Can:1: (17.915029704862473, 1.5347608399605202, 0.2082621497551155)
New position of object Service Vehicle:1: (11.793671243780235, 16.66146712394825, 0.029009663686940024)
New position of object Pedestrian:1: (-1.7460087305620604, 1.4581999918455342, 0.07760536733213538)
New position of object Railing:2: (12.974385144809506, -10.816377531640182, 0.024426518544197445)
New position of object Railing:1: (16.475155665231366, -2.6067239572994616, 0.16438432418259588)
New position of object Bike:1: (18.73433359712418, 6.303641365902564, 0.022146682589201216)
New position of object Bollard:7: (17.733560088166907, 8.91938148761255, -0.4027199260617279)
New position of object Fence:1: (2.542548171710809, 7.816862588093161, 0.4921548777874428)
New position of object Fence:2: (5.883694970317013, 9.282793863507699, 0.5106734625800198)
New position of object Bollard:6: (12.801392835836577, 14.475252016491108, -0.561406784299687)
New position of object Bollard:3: (9.084455656135692, 9.03820362599369, -0.5195093797150815)
New position of object Bollard:2: (4.713961137173214, 4.380252259213188, -0.46917727933845443)
New position of object Fence:5: (-4.89290686276907, -8.5820300099574, 1.626069040917832)
New position of object Fence:8: (-1.0561754591825725, -6.511623645493316, 0.6161512814614981)
New position of object Fence:9: (2.9912088059124464, -10.118797352842257, 1.3345242802582986)
New position of object Fence:6: (-9.852103342228979, -5.109081610077597, 0.8442684225219229)
New position of object Fence:7: (-8.185684742624328, -3.87085603979183, 0.743170067274124)
New position of object Fence:4: (-3.1872425973301794, -7.410038719609634, 1.5148920841848694)

After Updating position of all the atoms:
Atom 0: [(15, 20.539681900318314), (6, 17.160736041867583), (1, 17.827290342426068), (21, 8.66265901306002), (13, 26.754082624515846), (18, 16.96333251339456), (9, 13.57153510896707), (11, 18.25487674232658), (14, 24.88132091392355), (17, 3.852249029520014), (12, 15.870553197218564), (7, 15.577887901996078), (16, 9.57552693170425), (8, 13.442276152832825), (5, 13.062012451952716), (2, 18.798646265975073), (10, 22.508852602968226), (4, 1.0891598077731566), (3, 14.26417139619743), (20, 19.311870685455965), (19, 11.04853504096572)]
Atom 1: [(12, 10.920338922792599), (0, 17.821460729143915), (8, 13.665516439802307), (14, 8.124769358797877), (17, 19.051957748609066), (13, 10.222722926298209), (18, 20.135328105803328), (9, 7.322050505938207), (2, 1.740298961124392), (21, 21.002686824695264), (16, 17.692412773750565), (4, 17.685468114252046), (15, 7.802770475659997), (7, 11.653450504883734), (3, 17.753416207674242), (6, 8.692535277990308), (5, 10.55764886621087), (11, 6.4704550350661885), (10, 9.488467813232855), (20, 21.05189947739696), (19, 20.756795322389003)]
Atom 2: [(13, 10.416635112398241), (0, 18.803120369806685), (12, 12.607033539647812), (17, 19.661621629903724), (5, 10.308796338044333), (10, 10.611838748217654), (4, 18.721934774895104), (21, 21.344719771223527), (16, 19.257790154322116), (18, 19.633325157281604), (15, 9.086532543542678), (8, 13.326856632402052), (3, 17.419471718656535), (6, 7.724911870994936), (1, 1.7339323073280095), (14, 8.327627500630605), (7, 10.980853542750497), (11, 8.025385284899683), (9, 7.21312825314742), (19, 20.86512743943463)]
Atom 3: [(16, 22.436670779688285), (6, 9.88160367805856), (14, 25.12501260141206), (13, 27.25856038311196), (11, 22.080783545618218), (10, 26.197219671810185), (15, 24.121173971482154), (8, 3.515910059614742), (9, 9.897614575097085), (12, 23.330478006047414), (2, 17.343652598479355), (7, 6.309154895690567), (17, 11.767117991468918), (5, 6.715817002429913), (1, 17.766054112031863), (0, 14.547105100028274), (18, 3.1876963302413572), (4, 14.99988195191659), (19, 6.221579282741895), (20, 5.2445413005614325), (21, 8.442253074760865)]
Atom 4: [(15, 20.19272681389685), (1, 17.62731478978017), (10, 22.146835732157783), (14, 24.608688758358106), (6, 17.32548103021896), (16, 8.92599541982289), (8, 13.758935449036638), (7, 15.868282661791227), (5, 13.238065328578395), (21, 9.26362707229496), (2, 18.66927875516927), (11, 17.87852434869253), (3, 14.722232155635568), (0, 1.1108982554043345), (12, 15.39491779716043), (18, 17.456110546522037), (17, 4.384867026434909), (9, 13.600152646008034), (13, 26.462079891404116), (19, 11.60845793589912)]
Atom 5: [(2, 10.296557582650419), (6, 4.620872082802236), (10, 19.45174757376548), (7, 2.9497186052096307), (21, 11.963192187193172), (0, 13.122382439572975), (16, 18.521239207719887), (15, 17.486386107751656), (3, 7.203480077864477), (4, 13.238878447600863), (13, 20.593920367913313), (8, 3.198035633293314), (9, 3.1787023985971206), (12, 17.38091989414942), (11, 15.48700060056546), (17, 12.09926068877551), (18, 9.784842096202489), (1, 10.557352773172996), (14, 18.501957326613205), (20, 11.013985082317621), (19, 10.859972860205453)]
Atom 6: [(5, 4.802655293922669), (2, 7.680895886130056), (18, 12.39235478057502), (8, 6.835325399457831), (16, 21.359766614150764), (7, 3.7123546242545835), (12, 17.96235772684167), (10, 18.0053881215993), (4, 17.403337081537142), (21, 16.26913216595988), (13, 17.85667271186844), (9, 4.234735460211103), (11, 14.75190421885668), (3, 10.627637102427432), (0, 17.239659845516556), (1, 8.663305157234268), (15, 16.270326868283977), (17, 16.60899111752456), (14, 15.819368389117207)]
Atom 7: [(10, 20.847126285619236), (5, 3.0316392547159103), (9, 5.108610106646882), (21, 13.200489427878935), (1, 11.619021297999492), (12, 19.61801441040851), (16, 21.318794853667487), (6, 3.648638016035257), (4, 15.9266942530639), (15, 18.9814129187894), (8, 3.466820699960202), (0, 15.637844905523465), (2, 10.937284662784569), (17, 14.313507041629672), (13, 21.27711837302271), (14, 19.2080921030481), (18, 8.828045441650394), (11, 17.21569347287231), (3, 7.013234329849379)]
Atom 8: [(16, 20.239362900875594), (0, 13.497731217904777), (21, 10.044469439453827), (3, 4.192281634878054), (15, 20.567156981815316), (7, 3.3713454347973353), (9, 6.310571969911977), (5, 3.055926944317646), (4, 13.80921777809371), (2, 13.23298756692414), (6, 6.731395994557323), (17, 11.610785635452388), (18, 6.586263932683252), (13, 23.635638403482123), (12, 20.157762771425574), (11, 18.549389346684187), (1, 13.578718198466412), (10, 22.537694763731285), (14, 21.536909052696174)]
Atom 9: [(3, 10.539425034223838), (14, 15.294344969606097), (13, 17.39846286088154), (7, 5.1345203182651895), (18, 12.93538085490998), (10, 16.217786012591635), (11, 12.331178585412015), (21, 14.160214292412638), (0, 13.668306672575113), (12, 14.699594530493785), (6, 4.177257992447568), (8, 6.38750863763813), (1, 7.233218822991572), (5, 3.338775449093743), (15, 14.280130758951046), (16, 17.303635643860233), (17, 13.52124095362421), (4, 13.694704585437197), (2, 7.111158232522762)]
Atom 10: [(0, 22.598171938290324), (9, 16.26968750580406), (15, 2.1510535487695726), (14, 5.745859405834375), (16, 18.077546606251822), (21, 27.97145457410572), (18, 29.146381366426475), (3, 26.646992344130638), (2, 10.63517400384245), (1, 9.522167236377516), (17, 24.9912305410261), (4, 22.23589217536828), (7, 20.89332875333604), (5, 19.557877391079543), (13, 6.167725726104991), (6, 18.041491937794873), (8, 22.592981280244345), (11, 4.553518434700845), (12, 8.132197507148527)]
Atom 11: [(21, 23.584912708838857), (3, 22.570640809026155), (1, 6.47178755275875), (6, 14.774021274715688), (14, 7.5102371059977955), (15, 2.3991602734888233), (10, 4.4751563389613), (17, 20.611096579459467), (0, 18.342217947231187), (12, 5.539620839013543), (16, 14.688011270340198), (7, 17.25214628958254), (5, 15.581637295507624), (18, 25.176731163932963), (9, 12.373575681629728), (4, 17.966633127895456), (2, 8.01772975687087), (13, 8.940737031598452), (8, 18.598904610954538)]
Atom 12: [(15, 6.659193358769014), (18, 26.54621497848123), (2, 12.571712001969393), (5, 17.428236518187983), (17, 18.96824491521511), (13, 13.842026519842324), (6, 17.961035050680593), (1, 10.886281529408826), (11, 5.468919574260401), (16, 10.092907612012217), (9, 14.71202414910339), (0, 15.954087756491584), (14, 12.727483389417584), (7, 19.63331220419542), (3, 23.70300336971468), (21, 22.7873826189288), (10, 8.037781540373862), (8, 20.188010909774917), (4, 15.47957677463319)]
Atom 13: [(10, 6.104605844527512), (7, 21.32727628595855), (16, 23.543448008579865), (3, 27.861571478450152), (5, 20.714798317121147), (1, 10.252297431000267), (6, 17.911767180114296), (14, 2.1417979015215463), (21, 30.791403130895972), (11, 8.909966830179947), (15, 7.174188943852665), (8, 23.676968474515082), (0, 26.74932872762829), (9, 17.433956272536275), (2, 10.460675395616024), (12, 13.794501424986189), (17, 28.55799054791505), (4, 26.454651822609456), (18, 29.97837446349374)]
Atom 14: [(10, 5.8152434979879235), (4, 24.700001467208878), (9, 15.360710858385616), (7, 19.261879606016944), (13, 2.078551031235858), (5, 18.637676061227264), (18, 27.9058959157166), (15, 6.252659809562404), (21, 28.787630322625386), (8, 21.59851685263464), (2, 8.385179884681643), (16, 22.282401547491517), (12, 12.818323597563738), (1, 8.196146882431199), (0, 24.972277002126308), (6, 15.866970624986568), (11, 7.603925955843722), (3, 25.783026985502232), (17, 26.659972149275294)]
Atom 15: [(12, 6.748567819918263), (21, 25.900749278177784), (10, 2.072489924403642), (5, 17.594206974250323), (7, 19.024747647317554), (16, 16.583812679242534), (11, 2.4811956438725082), (1, 7.8272902013081955), (13, 7.082690764418649), (3, 24.648845451880003), (14, 6.172988967458139), (18, 27.18296213825202), (8, 20.62227057334216), (4, 20.28560103500107), (2, 9.098824430030108), (0, 20.631922342455237), (9, 14.330963437909995), (17, 22.95697317292333), (6, 16.30138083368578)]
Atom 16: [(4, 9.013234981987148), (15, 16.4890879731026), (6, 21.30819724770518), (13, 23.58163551521866), (14, 22.188408408747765), (12, 9.997424167999778), (7, 21.28286810540278), (21, 18.153356786051347), (17, 13.303923604805874), (2, 19.166587521415906), (5, 18.4965299074387), (9, 17.252343924911806), (8, 20.228259649098195), (10, 17.98571511857571), (0, 9.64523686552638), (1, 17.59732075414815), (3, 22.3676614557055), (11, 14.601930063596207), (18, 25.294822297191118), (19, 20.30596917885566)]
Atom 17: [(8, 11.533589865169755), (6, 16.521485643637273), (3, 11.421569499296142), (16, 13.236118626889525), (4, 4.3006731339522135), (10, 24.90679329147691), (0, 3.814233913629307), (14, 26.573477561864706), (5, 12.01376848138073), (12, 18.89159758505928), (18, 13.882954902959094), (15, 22.869409541788794), (7, 14.244400100733275), (9, 13.412978408319297), (2, 19.654592783683576), (11, 20.52794055367535), (13, 28.55228793883511), (21, 4.893711711496208), (1, 18.95474391155589), (20, 16.31932608488655), (19, 7.412074772186381)]
Atom 18: [(17, 13.935493682901086), (5, 9.630098245161513), (2, 19.531484128870495), (16, 25.29900496457504), (12, 26.509440096665102), (8, 6.517176419864665), (21, 10.115114500117045), (10, 29.091802651556318), (14, 27.849787620997798), (6, 12.275505521105153), (11, 25.126751221992023), (7, 8.715820184288306), (15, 27.1285489538474), (1, 20.042080253656234), (0, 16.99575833927165), (4, 17.487630177612775), (13, 29.930993523335296), (9, 12.864699941992418), (3, 2.958030162439098)]
Atom 19: [(11, 24.265413712644776), (2, 20.86512743943463), (21, 2.832694059671918), (3, 5.899123954836057), (17, 7.412074772186381), (13, 30.945973829087585), (12, 24.08151973397272), (1, 20.756795322389003), (10, 28.6048813507985), (9, 13.682702122445875), (4, 11.60845793589912), (0, 11.04853504096572), (8, 8.541943746754372), (15, 26.53430917543304), (14, 28.85210003139138), (16, 20.30596917885566), (6, 15.16639087852227), (5, 10.859972860205453), (7, 11.815646916617139), (18, 7.337002942619773)]
Atom 20: [(11, 26.45986906312793), (3, 5.189524895216999), (13, 30.657261575103472), (0, 19.311870685455965), (5, 11.013985082317621), (2, 20.34518219343596), (7, 9.428699328806884), (10, 30.252653523917076), (8, 8.061932017476627), (17, 16.31932608488655), (18, 2.5502442156140304), (14, 28.60766283257966), (9, 14.127692096081857), (15, 28.343030625896994), (16, 27.489683531749176), (4, 19.781278775362676), (1, 21.05189947739696), (12, 28.188824617675316), (21, 12.652634953982417), (6, 12.746656477336458)]
Atom 21: [(7, 13.125118253881661), (0, 8.59371948462747), (13, 30.772382456032695), (14, 28.708269409656555), (6, 16.177378677055994), (15, 25.820631175529048), (10, 27.893656752605352), (9, 14.049784109538868), (5, 11.654375192156378), (18, 10.032746435590344), (17, 4.84232581573182), (1, 20.711446825979824), (16, 18.06300247531387), (12, 22.71986430665949), (11, 23.509029376797365), (8, 9.94169580188728), (4, 9.193406695428996), (2, 21.045802423152075), (3, 8.196233986604126), (19, 2.832694059671918)]
New position of object Informational Sign:1: (16.600916243861597, -2.051077416578485, 1.0700321872573715)
New position of object Pedestrian:2: (-0.9627825600760715, -0.08482900452611908, -0.10206291460432396)
New position of object Trash Can:1: (17.816878554192428, 1.5303641595912465, 0.23112245015773686)
New position of object Service Vehicle:1: (11.682414568194972, 16.680334275384148, 0.0398435234506761)
New position of object Pedestrian:1: (-1.7525576116278145, 1.4458604356169804, 0.07293341110164109)
New position of object Railing:2: (12.843886976395773, -10.83367301664531, 0.02431438300223815)
New position of object Railing:1: (16.351098060808177, -2.5971358874419277, 0.12434816018639666)
New position of object Bike:1: (18.624570343770465, 6.308004693713253, 0.005101814792134507)
New position of object Bollard:7: (17.614930992244616, 8.90780989942325, -0.3411334642785258)
New position of object Fence:1: (2.449940276447112, 7.822286190294096, 0.49899922134101155)
New position of object Fence:2: (5.802657210776907, 9.290428931253492, 0.5105718996610122)
New position of object Bollard:6: (12.767915593024618, 14.480188692668683, -0.528470948936427)
New position of object Bollard:2: (4.6112784352575495, 4.379989750656308, -0.4644286969618485)
New position of object Fence:5: (-4.9927895222395655, -8.579389988239008, 1.605220930237679)
New position of object Fence:8: (-1.1475282463536303, -6.511470256719088, 0.6189694925887685)
New position of object Fence:9: (2.894713226786319, -10.120024207928747, 1.3359333720288074)
New position of object Fence:6: (-9.954467033798043, -5.112877833458285, 0.8518745523616935)
New position of object Fence:7: (-8.274376110822484, -3.846977788657533, 0.742266311888816)
New position of object Fence:4: (-3.283371675169331, -7.407480785856269, 1.5166423449093525)

After Updating position of all the atoms:
Atom 0: [(10, 22.471024687332836), (4, 1.069933106901785), (12, 15.823469833883351), (13, 26.630144651259734), (21, 8.68624542414254), (6, 17.185688667396136), (11, 18.21744680098294), (7, 15.608598662357608), (17, 3.9150705980836453), (16, 9.543348737939827), (5, 13.025797847186393), (15, 20.505794227474244), (2, 18.705870600945378), (9, 13.60260522433853), (1, 17.71819851446313), (18, 17.035772238920885), (3, 14.29542712774564), (14, 24.85546260978156), (8, 13.490588430499269), (20, 19.39378073997862), (19, 11.095802161666219)]
Atom 1: [(3, 17.752111904068126), (17, 18.949701021921115), (2, 1.7397305565264576), (16, 17.590530890243414), (11, 6.467475799892773), (9, 7.2316763376723), (7, 11.619038628036853), (6, 8.66470820910172), (0, 17.712240271099194), (15, 7.824414565665844), (18, 20.041444071190575), (4, 17.62136878433452), (13, 10.254690693142996), (8, 13.577591159777525), (12, 10.880181584227586), (14, 8.198703278206766), (21, 20.707592004096455), (10, 9.52022804438094), (5, 10.556306740603777), (20, 20.99980589558026), (19, 20.641127634328146)]
Atom 2: [(21, 21.05500715406383), (15, 9.086501839026019), (6, 7.695021036686983), (3, 17.431800194717862), (4, 18.673010866879547), (13, 10.448199077561496), (7, 10.950867335563805), (11, 8.006346648631094), (12, 12.563289422340517), (14, 8.372682720533735), (9, 7.1218258967537915), (16, 19.163707257095385), (17, 19.570257956898686), (8, 13.245207440675763), (10, 10.622269554675682), (0, 18.710232036927337), (18, 19.544434145774197), (1, 1.7312938826870907), (5, 10.320430234656394), (19, 20.75937754362626)]
Atom 3: [(16, 22.436670779688285), (6, 9.88160367805856), (14, 25.12501260141206), (13, 27.25856038311196), (11, 22.080783545618218), (10, 26.197219671810185), (15, 24.121173971482154), (8, 3.515910059614742), (9, 9.897614575097085), (12, 23.330478006047414), (2, 17.343652598479355), (7, 6.309154895690567), (17, 11.767117991468918), (5, 6.715817002429913), (1, 17.766054112031863), (0, 14.547105100028274), (18, 3.1876963302413572), (4, 14.99988195191659), (19, 6.221579282741895), (20, 5.2445413005614325), (21, 8.442253074760865)]
Atom 4: [(18, 17.450991254666217), (13, 26.33317148134112), (12, 15.379419961258582), (21, 9.214884289953792), (10, 22.12197704669091), (16, 8.952713567849072), (2, 18.549684942090394), (17, 4.3813433832608375), (8, 13.733163144810757), (7, 15.838197674785839), (15, 20.170384273729624), (5, 13.141622208040566), (3, 14.677835634258866), (6, 17.299210851066317), (14, 24.57761204677979), (9, 13.581574782619086), (1, 17.496668540124006), (11, 17.848760632542565), (0, 1.1202264312374575), (19, 11.583510883147845)]
Atom 5: [(2, 10.296557582650419), (6, 4.620872082802236), (10, 19.45174757376548), (7, 2.9497186052096307), (21, 11.963192187193172), (0, 13.122382439572975), (16, 18.521239207719887), (15, 17.486386107751656), (3, 7.203480077864477), (4, 13.238878447600863), (13, 20.593920367913313), (8, 3.198035633293314), (9, 3.1787023985971206), (12, 17.38091989414942), (11, 15.48700060056546), (17, 12.09926068877551), (18, 9.784842096202489), (1, 10.557352773172996), (14, 18.501957326613205), (20, 11.013985082317621), (19, 10.859972860205453)]
Atom 6: [(18, 12.35066740183035), (3, 10.712755284554783), (10, 18.008033776232484), (13, 17.851603883281275), (15, 16.27370858845822), (2, 7.648615951846371), (0, 17.264400029888716), (14, 15.80840643965485), (5, 4.893316841590066), (16, 21.361279634612472), (1, 8.633100460109956), (17, 16.607312631398784), (12, 17.96868254622098), (9, 4.232109849352115), (7, 3.731472932917763), (8, 6.821481459638208), (21, 16.25286562160173), (4, 17.37661956760691), (11, 14.75694898470899)]
Atom 7: [(3, 7.086710249217934), (11, 17.226711765123234), (17, 14.305181290141071), (21, 13.173906433909325), (13, 21.27272397158445), (12, 19.62909077379643), (10, 20.858192954538243), (5, 3.0714413556467806), (4, 15.89757750294765), (9, 5.123963558133393), (1, 11.577649073585176), (15, 18.992961258065357), (0, 15.669880669517097), (14, 19.207999234743983), (8, 3.448896357198028), (18, 8.775752336612422), (16, 21.32591949234941), (6, 3.660093970987227), (2, 10.900002446884377)]
Atom 8: [(16, 20.239362900875594), (0, 13.497731217904777), (21, 10.044469439453827), (3, 4.192281634878054), (15, 20.567156981815316), (7, 3.3713454347973353), (9, 6.310571969911977), (5, 3.055926944317646), (4, 13.80921777809371), (2, 13.23298756692414), (6, 6.731395994557323), (17, 11.610785635452388), (18, 6.586263932683252), (13, 23.635638403482123), (12, 20.157762771425574), (11, 18.549389346684187), (1, 13.578718198466412), (10, 22.537694763731285), (14, 21.536909052696174), (20, 8.09100902492274), (19, 8.53333639036335)]
Atom 9: [(11, 12.325377442762546), (10, 16.208444565899764), (3, 10.615198053512804), (15, 14.273731550651844), (12, 14.699513083457965), (21, 14.153093323910232), (17, 13.527454746134808), (8, 6.458428976104125), (4, 13.669319851323428), (5, 3.413223492909896), (18, 12.982636473449157), (7, 5.146107509226453), (6, 4.177197717230832), (13, 17.347754202806048), (16, 17.305208695274793), (0, 13.691771612767715), (2, 7.028248864702582), (14, 15.274063559158208), (1, 7.150948989927978)]
Atom 10: [(2, 10.646720337121259), (5, 19.614936858615298), (8, 22.650892155903573), (12, 8.135556589099414), (11, 4.555309725998906), (15, 2.1530307447698225), (18, 29.18457565508872), (17, 24.987521552157386), (14, 5.753955467534628), (16, 18.047938552649796), (7, 20.906227657829394), (0, 22.565314549920732), (21, 27.96380855034693), (6, 18.045302291481658), (3, 26.708473970039872), (13, 6.019553119599185), (4, 22.215802606373742), (1, 9.555801407938636), (9, 16.262444285176823)]
Atom 11: [(3, 22.625434487622588), (5, 15.629733931855982), (17, 20.60267583116993), (16, 14.655877705980457), (8, 18.648913817759006), (13, 8.81969847125123), (1, 6.469600952547942), (21, 23.57226451124696), (9, 12.36776079674687), (15, 2.4021942482266994), (12, 5.536602913373985), (10, 4.476049395851423), (6, 14.778793811431886), (7, 17.263164422362138), (2, 7.998957912273542), (18, 25.211226512431903), (0, 18.305896417961907), (4, 17.93790919964384), (14, 7.518238895605005)]
Atom 12: [(15, 6.660798316572971), (5, 17.452577486853976), (6, 17.967325459737086), (21, 22.783319581388017), (11, 5.465840735914758), (18, 26.573042791359963), (8, 20.218636771136854), (13, 13.70520385786566), (16, 10.06060123921406), (14, 12.734939744248459), (9, 14.711842321529808), (17, 18.96373313315635), (0, 15.907187272016005), (10, 8.04106766566331), (4, 15.464025355946804), (7, 19.644415258349785), (2, 12.528446940250946), (3, 23.742897575510284), (1, 10.846808278771542)]
Atom 13: [(0, 26.73220147256626), (21, 30.788227607269), (3, 27.94619752554238), (9, 17.435828924459738), (16, 23.51972148933755), (8, 23.761615634347706), (14, 2.1640299430900503), (6, 17.925186471528946), (11, 8.92034059546289), (17, 28.561611178611848), (7, 21.350847704906336), (12, 13.798813757901836), (5, 20.801322390261156), (18, 30.034984298979136), (2, 10.530674961903662), (1, 10.346094016196664), (4, 26.43560113061216), (10, 6.099383658453244), (15, 7.177176809713994)]
Atom 14: [(13, 2.106471551972865), (15, 6.258696443013504), (5, 18.69692949494953), (18, 27.933453860381988), (8, 21.655230737582826), (21, 28.761439482058194), (12, 12.823888200858324), (6, 15.85061079775984), (1, 8.26595763163401), (9, 15.335553489138295), (11, 7.609644058777685), (17, 26.64452372384321), (7, 19.2563756912468), (16, 22.2555701118157), (0, 24.942190327765807), (4, 24.664912442534362), (10, 5.823162923913814), (2, 8.425927814600323), (3, 25.839794122822898)]
Atom 15: [(21, 25.891257602126963), (2, 9.099963624461921), (5, 17.64874748507187), (10, 2.074446123737696), (7, 19.036498826669785), (12, 6.74976152210436), (1, 7.850259210298994), (11, 2.484044800427978), (6, 16.304976712934433), (14, 6.179560268359493), (8, 20.677756225394265), (18, 27.21941194353586), (9, 14.324615334736073), (17, 22.95121333198628), (16, 16.554585695893767), (13, 7.085946105572619), (0, 20.597947075722075), (3, 24.70811704940597), (4, 20.263027980820905)]
Atom 16: [(2, 19.074734604349413), (11, 14.568531751485096), (0, 9.609515082304837), (4, 8.993799125175723), (6, 21.311474239035803), (15, 16.46026151349646), (9, 17.256962376718114), (3, 22.382261225040974), (8, 20.231671938742732), (10, 17.950748449765452), (17, 13.328271834894302), (18, 25.315737424983826), (7, 21.29208908623255), (1, 17.497935378425666), (21, 18.121393719492385), (5, 18.47193095026546), (12, 9.965087271102258), (13, 23.421170934481093), (14, 22.163945055729116), (19, 20.31311302719689)]
Atom 17: [(13, 28.461039111323668), (10, 24.898609308871684), (9, 13.427536137680832), (14, 26.562542619436496), (4, 4.349732448684516), (21, 4.865138221625665), (3, 11.380206649776898), (2, 19.56362272376552), (1, 18.85193711562479), (0, 3.874152507408917), (16, 13.264030157461756), (8, 11.540637385681693), (12, 18.887057553427837), (11, 20.518625267055153), (18, 13.905154483363882), (5, 11.928865043222062), (7, 14.23303149470225), (15, 22.863769887389807), (6, 16.519484527461273), (20, 16.345942326238642), (19, 7.402362142826393)]
Atom 18: [(2, 19.521770985335284), (16, 25.32001062228393), (9, 12.918142826119581), (13, 29.95478561110462), (6, 12.322498744793542), (5, 9.614297900277522), (17, 13.92002027845815), (11, 25.16091887651654), (14, 27.88245471031888), (12, 26.536104862854486), (10, 29.127523476442416), (8, 6.571389417946734), (21, 10.068251887811012), (4, 17.46139697163768), (15, 27.164765074000428), (3, 2.9584764562160184), (0, 17.04493665111379), (1, 20.021329528852558), (7, 8.748030678609773)]
Atom 19: [(0, 11.095802161666219), (1, 20.641127634328146), (7, 11.768096133875542), (16, 20.31311302719689), (10, 28.572139413418135), (18, 7.363089137421214), (3, 5.799542648171983), (5, 10.742460957024667), (4, 11.583510883147845), (12, 24.055620195534605), (2, 20.75937754362626), (8, 8.53333639036335), (17, 7.402362142826393), (11, 24.233974932954165), (6, 15.134769882156917), (15, 26.503725029531708), (21, 2.8103803294677894), (13, 30.85962411231703), (14, 28.812181271694097), (9, 13.672973217463005)]
Atom 20: [(7, 9.411186638875018), (9, 14.14604054152692), (18, 2.5447990224198342), (21, 12.546140079978214), (16, 27.527051891792354), (4, 19.87401552040244), (2, 20.298703170240596), (11, 26.46640736332185), (15, 28.348342870698865), (14, 28.593486353056143), (10, 30.256312419350444), (3, 5.224388213066468), (6, 12.739814506430273), (13, 30.64573715351335), (5, 10.984728481360001), (8, 8.09100902492274), (17, 16.345942326238642), (1, 20.99980589558026), (12, 28.202955729699426), (0, 19.39378073997862)]
Atom 21: [(5, 11.543835635932835), (12, 22.715835501732812), (2, 20.949281410651547), (13, 30.691611304762585), (18, 10.046604257816377), (9, 14.051555736163824), (6, 16.159991026427708), (16, 18.0901571038624), (11, 23.495701895592706), (14, 28.686995806026317), (15, 25.811225571927615), (8, 9.936950808394506), (3, 8.108498809580041), (1, 20.604470406986852), (4, 9.191540930791989), (17, 4.850701024372503), (10, 27.882116174795566), (7, 13.093314270177965), (0, 8.666227918816599), (19, 2.8103803294677894)]
New position of object Informational Sign:1: (16.509849419953916, -2.0354106024701135, 1.082764166850806)
New position of object Pedestrian:2: (-0.9578598929914257, -0.08470679338607034, -0.09151800538787783)
New position of object Trash Can:1: (17.717644359676832, 1.5270461420355756, 0.2621510830459738)
New position of object Service Vehicle:1: (11.605429631832926, 16.72355992194298, 0.04842243649052039)
New position of object Pedestrian:1: (-1.7594455088279943, 1.433200572719059, 0.07288939231095806)
New position of object Railing:2: (12.740605144916259, -10.834393803424163, 0.031966811907236964)
New position of object Railing:1: (16.276896815344053, -2.5724751491990077, 0.1136956749124727)
New position of object Bike:1: (18.543439946514766, 6.303641844884702, 0.0249328603323766)
New position of object Bollard:7: (17.557416360784252, 8.901221547443358, -0.38188120560273275)
New position of object Fence:1: (2.3539319291427994, 7.825112319495488, 0.49669481616464783)
New position of object Fence:2: (5.710643192089606, 9.293733849890636, 0.5065239882663525)
New position of object Bollard:6: (12.636791220908044, 14.46713328210209, -0.5483232369543207)
New position of object Bollard:2: (4.515059818074874, 4.381631974645802, -0.4626679680835708)
New position of object Fence:5: (-5.0963653999065635, -8.576211619101219, 1.5854661228786913)
New position of object Fence:8: (-1.2396414995075595, -6.510694722703281, 0.622306732230123)
New position of object Fence:9: (2.7989652489388135, -10.120785691889807, 1.3369469927128907)
New position of object Fence:6: (-10.067260371278405, -5.060475489495637, 0.8484132356188365)
New position of object Fence:7: (-8.358323931959664, -3.8285327650126106, 0.746015743642854)
New position of object Fence:4: (-3.378650340568349, -7.405478795663319, 1.5187034994054665)

After Updating position of all the atoms:
Atom 0: [(9, 13.606144160877676), (6, 17.18126923988289), (14, 24.852676910540108), (7, 15.596346050871954), (8, 13.428651650356093), (11, 18.22177822219571), (17, 3.8920904954938984), (16, 9.590047866991897), (5, 12.950531166948274), (10, 22.48244000880048), (1, 17.621051390105922), (15, 20.513873102099804), (2, 18.61866044545221), (12, 15.836571767731789), (3, 14.255717503251406), (18, 17.010678041778725), (13, 26.643651400215614), (21, 8.674444047618193), (4, 1.1221847136892564), (20, 19.417058773384724), (19, 11.083884939184959)]
Atom 1: [(4, 17.491681554398955), (14, 8.269297968714296), (11, 6.468698105699511), (8, 13.574195104121886), (9, 7.147578564342328), (2, 1.7324043335461174), (16, 17.49405352277189), (13, 10.349465376155948), (7, 11.574120857305704), (18, 20.018092343854665), (3, 17.748544353742414), (12, 10.843778524515628), (17, 18.846839385076464), (0, 17.615477643605637), (10, 9.556109182589386), (5, 10.552913447274758), (6, 8.630315789926593), (15, 7.849662649191639), (21, 20.59970071444218), (20, 20.985081772189325), (19, 20.582678972577646)]
Atom 2: [(15, 9.086496598384752), (21, 20.958922029835243), (6, 7.662957216660963), (16, 19.071860603070856), (0, 18.62305688494012), (9, 7.039772777583999), (7, 10.913890277863974), (12, 12.519324121659727), (1, 1.7244164415855021), (14, 8.412649388701363), (8, 13.258099419634595), (18, 19.53534626889813), (4, 18.553653235268367), (10, 10.632710058709204), (5, 10.332800965902507), (17, 19.478235462286452), (11, 7.986891810971208), (13, 10.517430207713431), (3, 17.44474172847774), (19, 20.715195052553295)]
Atom 3: [(16, 22.436670779688285), (6, 9.88160367805856), (14, 25.12501260141206), (13, 27.25856038311196), (11, 22.080783545618218), (10, 26.197219671810185), (15, 24.121173971482154), (8, 3.515910059614742), (9, 9.897614575097085), (12, 23.330478006047414), (2, 17.343652598479355), (7, 6.309154895690567), (17, 11.767117991468918), (5, 6.715817002429913), (1, 17.766054112031863), (0, 14.547105100028274), (18, 3.1876963302413572), (4, 14.99988195191659), (19, 6.221579282741895), (20, 5.2445413005614325), (21, 8.442253074760865)]
Atom 4: [(0, 1.1321656174850336), (16, 8.987287590503529), (13, 26.364426852093384), (2, 18.475842269747364), (7, 15.83021475702936), (11, 17.871249895253957), (18, 17.421787258921448), (9, 13.592558558376245), (6, 17.302723752532597), (17, 4.347857784241647), (12, 15.412404075291056), (14, 24.592365895106017), (1, 17.414589941835594), (8, 13.672601072604678), (10, 22.151912566863004), (15, 20.1977632990966), (21, 9.18620083946029), (5, 13.071429811555747), (3, 14.63406099805203), (19, 11.555563276504415)]
Atom 5: [(2, 10.296557582650419), (6, 4.620872082802236), (10, 19.45174757376548), (7, 2.9497186052096307), (21, 11.963192187193172), (0, 13.122382439572975), (16, 18.521239207719887), (15, 17.486386107751656), (3, 7.203480077864477), (4, 13.238878447600863), (13, 20.593920367913313), (8, 3.198035633293314), (9, 3.1787023985971206), (12, 17.38091989414942), (11, 15.48700060056546), (17, 12.09926068877551), (18, 9.784842096202489), (1, 10.557352773172996), (14, 18.501957326613205), (20, 11.013985082317621), (19, 10.859972860205453)]
Atom 6: [(3, 10.801238480038085), (5, 4.984807106937969), (11, 14.758481440232984), (2, 7.612885179948104), (17, 16.606152714778812), (8, 6.91405894719154), (9, 4.2294492750804045), (7, 3.747139097274423), (21, 16.267685809377873), (14, 15.787936047651906), (13, 17.860974969856965), (10, 18.00863243542524), (0, 17.261616076864726), (16, 21.36062080934173), (12, 17.972887657619896), (18, 12.401292760446418), (4, 17.38118133884305), (1, 8.595300913586465), (15, 16.27425505520277)]
Atom 7: [(16, 21.325737792628892), (21, 13.185342344940842), (13, 21.285333109823213), (3, 7.171478044880655), (17, 14.302070937685695), (18, 8.819048820434677), (5, 3.1128217920352252), (1, 11.5230957872168), (10, 20.861906973562775), (6, 3.663939998820714), (9, 5.127985282572136), (14, 19.191525257609047), (15, 18.99587357391569), (4, 15.89361336275632), (0, 15.662197225096314), (11, 17.229382935036117), (8, 3.535625929038431), (12, 19.634443802229622), (2, 10.852568708094315)]
Atom 8: [(16, 20.239362900875594), (0, 13.497731217904777), (21, 10.044469439453827), (3, 4.192281634878054), (15, 20.567156981815316), (7, 3.3713454347973353), (9, 6.310571969911977), (5, 3.055926944317646), (4, 13.80921777809371), (2, 13.23298756692414), (6, 6.731395994557323), (17, 11.610785635452388), (18, 6.586263932683252), (13, 23.635638403482123), (12, 20.157762771425574), (11, 18.549389346684187), (1, 13.578718198466412), (10, 22.537694763731285), (14, 21.536909052696174), (20, 8.09100902492274), (19, 8.53333639036335)]
Atom 9: [(12, 14.702330491937568), (7, 5.147571999035822), (13, 17.35629412781757), (1, 7.073809754963128), (0, 13.690937641869233), (21, 14.167827128292288), (17, 13.527093609152201), (2, 6.95337950319648), (4, 13.67598663677348), (15, 14.272924814128881), (14, 15.255541833548692), (10, 16.20689525776916), (6, 4.17712910854891), (8, 6.52428301157304), (18, 12.949409037772892), (3, 10.685339633909452), (5, 3.4829666160137007), (11, 12.324549460597112), (16, 17.304094890181005)]
Atom 10: [(13, 6.011155378820986), (16, 18.046336611724257), (5, 19.67434962874504), (1, 9.59401677100726), (17, 24.98611657286872), (9, 16.26284288110237), (3, 26.772303807180503), (4, 22.249208920170627), (21, 27.976520512563706), (11, 4.559669669523597), (0, 22.580152923257966), (2, 10.658858060368907), (8, 22.711103718592), (18, 29.154993483214675), (14, 5.7598950183977085), (15, 2.1581507637160087), (7, 20.911492101284008), (6, 18.04704353040545), (12, 8.142663048484621)]
Atom 11: [(21, 23.57826093481454), (12, 5.534384456900046), (4, 17.96099588420482), (16, 14.645482962370236), (13, 8.829200277093047), (18, 25.179257879615317), (14, 7.523115661553138), (10, 4.479771791621622), (6, 14.779881998572092), (9, 12.366751321049897), (17, 20.594020429415057), (0, 18.310778708344273), (2, 7.979820053493853), (1, 6.471651064259932), (3, 22.68045327043747), (8, 18.69917019471105), (5, 15.678134120623785), (7, 17.26556762589266), (15, 2.4043490724273506)]
Atom 12: [(21, 22.789727609099067), (13, 13.710013544168477), (18, 26.550006085973173), (14, 12.74100465381774), (6, 17.971069356356217), (16, 10.052284000685297), (10, 8.04883326196948), (8, 20.248967667623607), (11, 5.46386419819358), (1, 10.810972530481713), (2, 12.484852776722215), (4, 15.496063214381268), (3, 23.782359017912324), (17, 18.95769392853501), (0, 15.919366947104532), (5, 17.47674270064673), (7, 19.649199470948417), (15, 6.6625172713529235), (9, 14.714065133469571)]
Atom 13: [(11, 8.94880522307223), (16, 23.541526009660725), (10, 6.1329800511694135), (17, 28.56116376245355), (2, 10.573034276936358), (0, 26.749742106885833), (14, 2.1675511091430546), (1, 10.422232099162796), (9, 17.42172176886996), (7, 21.333130451748527), (6, 17.90106413579503), (15, 7.209445876407182), (4, 26.471580486642615), (5, 20.86405570054622), (21, 30.795997392398508), (12, 13.834202770185527), (3, 28.00544278533303), (18, 29.97919838506461), (8, 23.820835247274324)]
Atom 14: [(17, 26.624659111166586), (5, 18.755907344236295), (6, 15.83104640616919), (4, 24.675323922330705), (10, 5.821125742121821), (9, 15.316387646667094), (21, 28.75562245236995), (3, 25.89639551719377), (7, 19.24024618738224), (2, 8.466648288757893), (13, 2.1091780096523505), (18, 27.87833513297403), (0, 24.93501017547735), (1, 8.335740139822796), (11, 7.608215050909771), (16, 22.243128443577493), (8, 21.711863553190728), (12, 12.822899379747012), (15, 6.257625324608496)]
Atom 15: [(5, 17.703618636521433), (4, 20.289714271815658), (2, 9.10134362039326), (13, 7.11939840763106), (9, 14.323842824898078), (1, 7.876975459838951), (17, 22.94390062341764), (10, 2.079811918622737), (18, 27.187830495320895), (12, 6.750471193934698), (14, 6.1797037429712915), (7, 19.039523819334786), (0, 20.605341497425073), (6, 16.305762997933602), (11, 2.4858649447549603), (21, 25.898829742177163), (3, 24.767527229300857), (16, 16.546849897026515), (8, 20.733499810934113)]
Atom 16: [(5, 18.441003969148902), (6, 21.31167781040746), (11, 14.557214336248888), (12, 9.957521798739887), (14, 22.15757083080503), (10, 17.94529066770594), (3, 22.38157260293733), (15, 16.453444241219273), (1, 17.41318361784149), (21, 18.12411637636595), (7, 21.29254974090823), (13, 23.419528067287853), (2, 18.993341343647696), (9, 17.257167443826642), (18, 25.320800210416845), (0, 9.629822576596732), (17, 13.32775681310069), (8, 20.213650923718397), (4, 8.994254353954396), (19, 20.319140083879198)]
Atom 17: [(3, 11.338670492428093), (1, 18.74826094442853), (18, 13.889161241698591), (12, 18.88191048362337), (11, 20.50950517993446), (21, 4.873002538455521), (2, 19.471290641600984), (13, 28.463698163511395), (6, 16.51632320702405), (5, 11.843320831176595), (16, 13.288997533552148), (7, 14.223176297596224), (9, 13.43294581078421), (15, 22.85699442724659), (4, 4.346874261439528), (14, 26.546106531457387), (8, 11.469979381795513), (0, 3.850100324174168), (10, 24.893928877833876), (20, 16.38105246547199), (19, 7.403979572511815)]
Atom 18: [(13, 29.92828659755682), (2, 19.42989806926646), (17, 13.925436884838886), (12, 26.513898620376953), (11, 25.129103484426455), (7, 8.70909242521097), (9, 12.890553067672023), (6, 12.285996109933167), (14, 27.827130733716285), (8, 6.487926896481555), (5, 9.526959767726622), (10, 29.09608400643601), (4, 17.43665372915288), (3, 2.9345437437864503), (0, 17.029238990462247), (1, 19.919318751172636), (16, 25.308393602345536), (21, 10.092557365024462), (15, 27.133271275576817)]
Atom 19: [(10, 28.601261159719073), (15, 26.531426826078686), (17, 7.403979572511815), (21, 2.8080527963348967), (0, 11.083884939184959), (2, 20.715195052553295), (8, 8.475185467390794), (18, 7.354296741682673), (1, 20.582678972577646), (7, 11.795012403867519), (11, 24.257529213138408), (4, 11.555563276504415), (12, 24.078071770910924), (5, 10.684135098119604), (6, 15.171548552151755), (14, 28.828142434957616), (16, 20.319140083879198), (9, 13.71316295518174), (13, 30.900175770457864), (3, 5.750505930217863)]
Atom 20: [(21, 12.560016071747159), (0, 19.417058773384724), (15, 28.392590577478728), (16, 27.585058365429646), (2, 20.29395293132469), (7, 9.44124918756123), (5, 10.992648854802697), (14, 28.615295165215063), (4, 19.89513558918548), (6, 12.77727196319197), (8, 8.108178447079757), (1, 20.985081772189325), (13, 30.69698182852342), (9, 14.196650725404151), (10, 30.301217381384713), (11, 26.51094275934675), (12, 28.250880935570486), (3, 5.27954272834331), (17, 16.38105246547199), (18, 2.591697139029327)]
Atom 21: [(15, 25.819174784451924), (1, 20.521336568521733), (7, 13.095200918469915), (5, 11.463967132645882), (17, 4.8532543045780265), (10, 27.891863410957658), (11, 23.501366046885217), (6, 16.171943333840606), (4, 9.161361770794281), (13, 30.710771015827174), (2, 20.878952460009636), (8, 9.861370558552599), (12, 22.723075868041022), (3, 8.050949218953354), (14, 28.683530192616644), (18, 10.025909220009783), (16, 18.093789185624523), (9, 14.072847490438589), (0, 8.648369396741957), (19, 2.8080527963348967)]
New position of object Informational Sign:1: (16.436051632771754, -2.0082927644502693, 1.0895805898741906)
New position of object Pedestrian:2: (-0.9535215072394649, -0.08080952860404622, -0.08733612287376707)
New position of object Trash Can:1: (17.617017013293687, 1.5295696589951655, 0.2774812398359526)
New position of object Service Vehicle:1: (11.690879421533058, 16.667756175595333, -0.0010519970895021546)
New position of object Pedestrian:1: (-1.7762835577030458, 1.4206090018054889, 0.07612172741818501)
New position of object Railing:2: (12.658564765003899, -10.821647385603091, 0.031213828230417295)
New position of object Railing:1: (16.167600180257796, -2.555371892557364, 0.17410205761672404)
New position of object Bike:1: (18.622147101497905, 6.213080216304127, 0.057748048171694655)
New position of object Bollard:7: (17.43836408998168, 8.920933441061784, -0.3862860311993386)
New position of object Fence:1: (2.2527492637026327, 7.827039755975931, 0.491897312501053)
New position of object Fence:2: (5.606672758775769, 9.2950258051283, 0.5040062256008855)
New position of object Bollard:6: (12.57660027590568, 14.501339478034048, -0.5897905146359452)
New position of object Bollard:2: (4.4217188454860725, 4.386512334963311, -0.468143307205219)
New position of object Fence:5: (-5.201070398294522, -8.573579196438784, 1.571314903129926)
New position of object Fence:8: (-1.3316663664965098, -6.509142831474264, 0.6278127208531936)
New position of object Fence:9: (2.705761178630379, -10.120153035608963, 1.337160761132049)
New position of object Fence:6: (-10.142329165326785, -5.04442074370723, 0.8636041591811747)
New position of object Fence:7: (-8.437517493089, -3.823592461832087, 0.7559567728636434)
New position of object Fence:4: (-3.471834844523311, -7.404556138189989, 1.5230891216202918)

After Updating position of all the atoms:
Atom 0: [(2, 18.54598753399096), (8, 13.366383820540833), (13, 26.679571365819452), (21, 8.640764852880771), (18, 16.986958881403996), (12, 15.869589051866834), (17, 3.850420845847699), (15, 20.54108511786303), (6, 17.185850704372253), (11, 18.246098102285437), (1, 17.53976439539261), (7, 15.591989828479381), (16, 9.626781975204647), (3, 14.209766644517371), (5, 12.879495483232484), (10, 22.5172921065633), (14, 24.863474618567764), (9, 13.614354909545437), (4, 1.138412660866462), (20, 19.300283489240194), (19, 11.073879085321845)]
Atom 1: [(8, 13.568498817853675), (18, 19.913607136623263), (11, 6.475251442304928), (3, 17.74280833027067), (17, 18.743526242268548), (0, 17.53560887351829), (10, 9.598608209090903), (4, 17.41080489006174), (7, 11.517196904050287), (16, 17.412148423189702), (2, 1.7226178621392145), (9, 7.068213343945703), (12, 10.812532571418451), (21, 20.515977422346), (15, 7.881078162179116), (14, 8.340923434445706), (13, 10.427508620273372), (5, 10.547269349119535), (6, 8.589757891806292), (20, 20.985775490693438), (19, 20.478823290435574)]
Atom 2: [(16, 18.998081508852056), (11, 7.968179310765565), (17, 19.394651972001935), (7, 10.873151021504288), (6, 7.632379998209026), (12, 12.479037361429011), (4, 18.48954987067848), (14, 8.445442721934242), (5, 10.353867137808603), (10, 10.641310373709768), (9, 6.974163236805666), (8, 13.279238703527408), (21, 20.898272496418585), (15, 9.085617606102948), (13, 10.551833342138561), (18, 19.450924190992417), (3, 17.465854116346947), (1, 1.7198585592897546), (0, 18.560000519362312), (19, 20.631804861766483)]
Atom 3: [(16, 22.436670779688285), (6, 9.88160367805856), (14, 25.12501260141206), (13, 27.25856038311196), (11, 22.080783545618218), (10, 26.197219671810185), (15, 24.121173971482154), (8, 3.515910059614742), (9, 9.897614575097085), (12, 23.330478006047414), (2, 17.343652598479355), (7, 6.309154895690567), (17, 11.767117991468918), (5, 6.715817002429913), (1, 17.766054112031863), (0, 14.547105100028274), (18, 3.1876963302413572), (4, 14.99988195191659), (19, 6.221579282741895), (20, 5.2445413005614325), (21, 8.442253074760865)]
Atom 4: [(0, 1.0997557446049364), (13, 26.36281752307067), (15, 20.183840056632256), (18, 17.399833120894247), (16, 8.981372785856939), (5, 12.985913844355474), (7, 15.80695292230892), (9, 13.57605228376512), (2, 18.37936309611679), (8, 13.603787210918318), (6, 17.282243752372217), (11, 17.856582232296834), (17, 4.335694164814268), (1, 17.301000452384294), (21, 9.173275884030398), (10, 22.144947318335532), (12, 15.404807503668803), (14, 24.56560557832159), (3, 14.591934872333777), (19, 11.560037190026637)]
Atom 5: [(2, 10.296557582650419), (6, 4.620872082802236), (10, 19.45174757376548), (7, 2.9497186052096307), (21, 11.963192187193172), (0, 13.122382439572975), (16, 18.521239207719887), (15, 17.486386107751656), (3, 7.203480077864477), (4, 13.238878447600863), (13, 20.593920367913313), (8, 3.198035633293314), (9, 3.1787023985971206), (12, 17.38091989414942), (11, 15.48700060056546), (17, 12.09926068877551), (18, 9.784842096202489), (1, 10.557352773172996), (14, 18.501957326613205), (20, 11.013985082317621), (19, 10.859972860205453)]
Atom 6: [(9, 4.230848460884866), (16, 21.360401626006386), (11, 14.757521127913611), (21, 16.454498976007503), (8, 7.011567132211364), (17, 16.60616835262451), (1, 8.552763526304572), (14, 15.764257715882852), (7, 3.7561197963781336), (2, 7.579467647605342), (10, 18.00755493552295), (12, 17.976008988972236), (13, 17.832492540632796), (3, 10.894774854285721), (18, 12.369366523642759), (15, 16.272572441826227), (4, 17.36428925967265), (0, 17.27012035800117), (5, 5.080698302649567)]
Atom 7: [(16, 21.32213061073416), (17, 14.303915262567946), (10, 20.859187625811604), (14, 19.16526782288715), (11, 17.22517968954051), (3, 7.268510856930291), (0, 15.664716876408088), (21, 13.38282882426034), (13, 21.257262603023676), (5, 3.1608456930265247), (4, 15.87683691278518), (12, 19.635446210108203), (9, 5.125184556917403), (8, 3.6343521715967397), (1, 11.458277479020248), (6, 3.661138139579828), (18, 8.790941851857683), (15, 18.991379509612656), (2, 10.802664907663855)]
Atom 8: [(16, 20.239362900875594), (0, 13.497731217904777), (21, 10.044469439453827), (3, 4.192281634878054), (15, 20.567156981815316), (7, 3.3713454347973353), (9, 6.310571969911977), (5, 3.055926944317646), (4, 13.80921777809371), (2, 13.23298756692414), (6, 6.731395994557323), (17, 11.610785635452388), (18, 6.586263932683252), (13, 23.635638403482123), (12, 20.157762771425574), (11, 18.549389346684187), (1, 13.578718198466412), (10, 22.537694763731285), (14, 21.536909052696174), (20, 8.09100902492274), (19, 8.53333639036335)]
Atom 9: [(10, 16.212447431001877), (11, 12.328390158574214), (5, 3.5494943709346916), (18, 12.993329724188438), (2, 6.892607692266286), (1, 6.999656248267791), (12, 14.708955648376326), (15, 14.27740783533424), (7, 5.142246102390165), (21, 14.32707487929568), (3, 10.751567954621013), (16, 17.302690840931255), (13, 17.346740870542842), (4, 13.658988398394458), (6, 4.1789156455864935), (14, 15.241084003073325), (8, 6.586500201612382), (0, 13.699059395544861), (17, 13.521611263317157)]
Atom 10: [(17, 24.988251948990136), (0, 22.61636804771876), (2, 10.669984314801434), (9, 16.270262294266903), (8, 22.773289068952387), (13, 6.045187286577387), (21, 28.079919395455942), (18, 29.209036667794265), (6, 18.04729541817386), (3, 26.837977183905327), (1, 9.639498505568632), (4, 22.243900403994942), (14, 5.758891752314967), (11, 4.56607356276244), (5, 19.73587351456619), (15, 2.165280899305291), (16, 18.066330287863234), (12, 8.151646865143459), (7, 20.9101292359554)]
Atom 11: [(10, 4.486020668058005), (0, 18.33473980704966), (5, 15.726386674617261), (16, 14.651968907995396), (3, 22.735148872106706), (12, 5.532535866051876), (8, 18.749184725244916), (14, 7.521539657895366), (9, 12.37003890530726), (15, 2.405669954527249), (2, 7.9613448321472235), (18, 25.22623248749985), (7, 17.260580064404643), (17, 20.58631177453985), (4, 17.946099511529315), (21, 23.67138789602288), (6, 14.77811353282122), (1, 6.479035457231027), (13, 8.857646655360083)]
Atom 12: [(14, 12.741582217113443), (4, 15.48546830405296), (7, 19.64837407761033), (1, 10.779979554678704), (2, 12.44460255963487), (6, 17.972796643565932), (21, 22.841688777258558), (3, 23.81977047279168), (13, 13.747337579646933), (5, 17.499332384750865), (10, 8.060068510135448), (9, 14.718932490753422), (17, 18.95216373176977), (15, 6.665018944444378), (11, 5.462910443963154), (8, 20.277514572117678), (16, 10.062598617830211), (18, 26.59632492098977), (0, 15.949434126485135)]
Atom 13: [(12, 13.822472269488935), (1, 10.486939967981938), (16, 23.536142108618446), (9, 17.40194082594958), (4, 26.436398383689202), (8, 23.872632170969172), (21, 30.899447031314796), (10, 6.113252169210778), (14, 2.1621483031661306), (3, 28.057066590430612), (15, 7.19382384512956), (0, 26.75218615931021), (18, 30.004980481236494), (2, 10.60223831554168), (7, 21.30211490923219), (11, 8.934695705589146), (5, 20.917856421798017), (17, 28.533177007755306), (6, 17.873181883385037)]
Atom 14: [(9, 15.30569178416046), (17, 26.60308350308009), (21, 28.869495004984447), (8, 21.773198101182462), (10, 5.805322786627333), (1, 8.410098864429374), (15, 6.2453045677684615), (6, 15.814194946458622), (5, 18.8191509714878), (13, 2.0996172249734952), (18, 27.914285087956603), (4, 24.644649602727757), (12, 12.812382006903185), (0, 24.941953790783202), (3, 25.957617859369385), (7, 19.219804997529664), (16, 22.238316296251682), (11, 7.597481287851037), (2, 8.505049219268033)]
Atom 15: [(7, 19.03506940711593), (0, 20.630839344019165), (3, 24.826829768068578), (4, 20.274164891297975), (9, 14.328380654535138), (5, 17.75871324828276), (11, 2.4866857336530552), (13, 7.1063812154883035), (12, 6.750683557225127), (18, 27.23756216919621), (21, 25.994831843577806), (1, 7.910286716312314), (6, 16.304469732025012), (17, 22.9370838476918), (14, 6.1700726947232925), (16, 16.555723966266466), (8, 20.7893479560388), (2, 9.1023155600272), (10, 2.087868826613877)]
Atom 16: [(4, 9.008216952727704), (15, 16.464358526803835), (6, 21.309710883344312), (8, 20.186412117478582), (7, 21.28680568288381), (18, 25.295429724684357), (5, 18.4039108095488), (2, 18.927221250728042), (13, 23.458943808552313), (10, 17.963719746693688), (1, 17.339796557175834), (12, 9.970348480757076), (14, 22.161322261443434), (9, 17.253993605978813), (3, 22.36789340193837), (11, 14.563441937050023), (21, 18.10821157873912), (17, 13.3116287064868), (0, 9.64700818474343), (19, 20.317241087733287)]
Atom 17: [(12, 18.879298333744124), (2, 19.37778224400433), (6, 16.511925334989122), (0, 3.8171527493081863), (5, 11.753145434601327), (11, 20.5021541847732), (18, 13.887589944946157), (13, 28.46355340973585), (9, 13.42919813867099), (7, 14.21606287739492), (8, 11.393830848827017), (14, 26.526347720513108), (1, 18.643800947730394), (21, 4.869682265946303), (15, 22.851559492051607), (16, 13.293128395694279), (10, 24.894484938300412), (4, 4.318508939977159), (3, 11.291051272162854), (20, 16.25919366180026), (19, 7.423258207549547)]
Atom 18: [(0, 17.03771137403016), (8, 6.484278434888724), (2, 19.430754572247544), (7, 8.768237163973312), (16, 25.330732880579497), (10, 29.148564662061464), (11, 25.17664190843349), (13, 29.957928163679934), (15, 27.183164939324932), (17, 13.943628416620044), (14, 27.85748815660047), (4, 17.447355528980946), (3, 2.9666308661120984), (9, 12.938820450459046), (1, 19.898636273230792), (6, 12.340916702474225), (12, 26.562445520437155), (5, 9.520187909624285), (21, 10.279259905285157)]
Atom 19: [(6, 15.149936393339503), (17, 7.423258207549547), (14, 28.797571230062363), (0, 11.073879085321845), (11, 24.249129880227468), (8, 8.355793611497763), (18, 7.33768974199839), (21, 2.988474120488205), (16, 20.317241087733287), (3, 5.635742365378237), (1, 20.478823290435574), (12, 24.080460917931855), (15, 26.524117543038624), (10, 28.598110514436733), (4, 11.560037190026637), (13, 30.879826019050387), (5, 10.571679112268642), (9, 13.697550339661946), (2, 20.631804861766483), (7, 11.767562506081527)]
Atom 20: [(13, 30.76124655661678), (14, 28.681466588301134), (0, 19.300283489240194), (2, 20.322607915287037), (7, 9.507737059934362), (16, 27.522195911746614), (1, 20.985775490693438), (3, 5.206805463881008), (5, 10.97476122036679), (15, 28.44153698380974), (12, 28.25743007308872), (18, 2.457029926872396), (6, 12.869292549770469), (9, 14.235670836571394), (10, 30.357643822596238), (17, 16.25919366180026), (4, 19.77956581920251), (21, 12.42469825876646), (11, 26.548588162833216), (8, 8.079128357041995)]
Atom 21: [(13, 30.835050037731484), (16, 18.048461508398738), (7, 13.281519486007742), (3, 8.171564716703207), (0, 8.569402866079972), (2, 20.95385623917747), (15, 25.915914579264964), (10, 27.99330117702901), (12, 22.77728274807447), (18, 10.213774984449906), (4, 9.106266591171202), (14, 28.79676233319331), (17, 4.795189288250974), (8, 9.964040672586698), (5, 11.547758909534183), (6, 16.35378080631191), (1, 20.56309556017415), (9, 14.234990239335051), (11, 23.594571868065106), (19, 2.988474120488205)]
New position of object Informational Sign:1: (16.34222205787591, -1.9967632600016998, 1.091999727115355)
New position of object Pedestrian:2: (-0.9477627191944009, -0.0748892606831788, -0.11799265899589427)
New position of object Trash Can:1: (17.51659216944884, 1.530092317229406, 0.26363664541297405)
New position of object Service Vehicle:1: (11.646848060419241, 16.645453624081057, -0.036898606397067324)
New position of object Pedestrian:1: (-1.7947105621124564, 1.407983486881344, 0.07633859464453904)
New position of object Railing:2: (12.583764901543251, -10.803680018710441, 0.00906742269909655)
New position of object Railing:1: (16.075621386798527, -2.5486931338419296, 0.11274919388841156)
New position of object Bike:1: (18.412024202354512, 6.23726579834023, 0.00543933431949617)
New position of object Bollard:7: (17.348605283897815, 8.936403430854353, -0.4324649759751215)
New position of object Fence:1: (2.150975647650526, 7.8274640697379745, 0.48295884448390347)
New position of object Fence:2: (5.4978136073171875, 9.292559265651406, 0.5005890360756345)
New position of object Bollard:6: (12.481725003303435, 14.502787502759444, -0.6162308636792229)
New position of object Bollard:2: (4.332149942897484, 4.391784119632457, -0.4808963343147207)
New position of object Fence:5: (-5.308014678903067, -8.570474014757814, 1.5620420094952612)
New position of object Fence:8: (-1.4246642993034975, -6.507235933078604, 0.6332632561132643)
New position of object Fence:9: (2.612539141933297, -10.11952512732709, 1.3372841724362452)
New position of object Fence:6: (-10.213248363382938, -5.056670315656909, 0.8769057734265711)
New position of object Fence:7: (-8.515822954020212, -3.8285685874530024, 0.7655446087996054)
New position of object Fence:4: (-3.564689834216729, -7.404098796760714, 1.527018765164729)

After Updating position of all the atoms:
Atom 0: [(3, 14.172981092489977), (21, 8.583080137420009), (15, 20.543293621300187), (7, 15.591736766717885), (10, 22.52992900015046), (4, 1.088610369314753), (12, 15.874590725125312), (2, 18.46593314803788), (14, 24.849259989251536), (13, 26.66030446502601), (11, 18.24673590018201), (6, 17.186636442960737), (8, 13.305736692067876), (16, 9.621495601251072), (9, 13.611710048535834), (17, 3.8371299691409315), (1, 17.441458001501942), (5, 12.804112191596914), (18, 17.005755489741738), (20, 19.25754913732741), (19, 11.08471622183587)]
Atom 1: [(7, 11.451760361963336), (16, 17.339181652506344), (21, 20.55604084763671), (13, 10.497610566532085), (18, 19.88963126564253), (10, 9.652570480274214), (15, 7.923894625735076), (9, 6.989852784395528), (12, 10.787633320424042), (6, 8.547264177169163), (11, 6.488699922809001), (2, 1.7206516869961237), (3, 17.73391844021775), (17, 18.63817948581334), (5, 10.537778839649635), (14, 8.420985089217806), (8, 13.559317208787778), (0, 17.438499213952642), (4, 17.296640153233437), (20, 20.933243014865447), (19, 20.3975334517505)]
Atom 2: [(14, 8.482815080947638), (4, 18.394628312740867), (13, 10.579983164861485), (11, 7.949806461780705), (10, 10.65222207323598), (12, 12.439527728410994), (17, 19.31259703707084), (3, 17.488183453865794), (0, 18.481671807724016), (16, 18.93312111626603), (8, 13.301562005423866), (1, 1.718719543798396), (15, 9.08662135171314), (18, 19.452873163217372), (6, 7.599927859879736), (21, 20.974684194133957), (7, 10.82445431396468), (5, 10.37613344325226), (9, 6.914628639338067), (19, 20.576747301417537)]
Atom 3: [(16, 22.436670779688285), (6, 9.88160367805856), (14, 25.12501260141206), (13, 27.25856038311196), (11, 22.080783545618218), (10, 26.197219671810185), (15, 24.121173971482154), (8, 3.515910059614742), (9, 9.897614575097085), (12, 23.330478006047414), (2, 17.343652598479355), (7, 6.309154895690567), (17, 11.767117991468918), (5, 6.715817002429913), (1, 17.766054112031863), (0, 14.547105100028274), (18, 3.1876963302413572), (4, 14.99988195191659), (19, 6.221579282741895), (20, 5.2445413005614325), (21, 8.442253074760865)]
Atom 4: [(18, 17.419538537015317), (1, 17.203736623934358), (9, 13.573796647761519), (2, 18.303152175977342), (12, 15.413609269604057), (0, 1.1552636540121293), (11, 17.85956660085291), (16, 8.963739180311274), (5, 12.913814572520684), (10, 22.161323952176122), (7, 15.812199269752648), (14, 24.55469531537328), (17, 4.328470235008048), (6, 17.28789692322803), (15, 20.19087688398386), (8, 13.547410294981795), (21, 9.124499470161911), (13, 26.347170068818336), (3, 14.559651866302026), (19, 11.568283779095863)]
Atom 5: [(2, 10.296557582650419), (6, 4.620872082802236), (10, 19.45174757376548), (7, 2.9497186052096307), (21, 11.963192187193172), (0, 13.122382439572975), (16, 18.521239207719887), (15, 17.486386107751656), (3, 7.203480077864477), (4, 13.238878447600863), (13, 20.593920367913313), (8, 3.198035633293314), (9, 3.1787023985971206), (12, 17.38091989414942), (11, 15.48700060056546), (17, 12.09926068877551), (18, 9.784842096202489), (1, 10.557352773172996), (14, 18.501957326613205), (20, 11.013985082317621), (19, 10.859972860205453)]
Atom 6: [(11, 14.754256182000084), (14, 15.746041825240686), (18, 12.42517818955654), (12, 17.976495978358294), (15, 16.269981820488976), (17, 16.607443039530782), (1, 8.509436546241455), (0, 17.270722280751762), (7, 3.754467067810437), (10, 18.006424414388594), (13, 17.803248375815393), (3, 10.989144646795586), (16, 21.358539152767616), (4, 17.36944018843353), (9, 4.230959561909431), (21, 16.34559437657085), (5, 5.176215649915574), (8, 7.109428798551569), (2, 7.546092409132458)]
Atom 7: [(2, 10.748368825544532), (15, 18.981405706209987), (5, 3.2106448517496835), (12, 19.63030330655147), (0, 15.66524064086614), (16, 21.31457559077564), (4, 15.882559477343392), (8, 3.7375525087518717), (1, 11.387589270249087), (13, 21.22015178355329), (18, 8.856045368272744), (3, 7.371368683155322), (6, 3.6535105152455603), (11, 17.214870657225298), (14, 19.13875914727254), (10, 20.8521336173182), (21, 13.279940763855757), (9, 5.115243765009919), (17, 14.309544985300548)]
Atom 8: [(16, 20.239362900875594), (0, 13.497731217904777), (21, 10.044469439453827), (3, 4.192281634878054), (15, 20.567156981815316), (7, 3.3713454347973353), (9, 6.310571969911977), (5, 3.055926944317646), (4, 13.80921777809371), (2, 13.23298756692414), (6, 6.731395994557323), (17, 11.610785635452388), (18, 6.586263932683252), (13, 23.635638403482123), (12, 20.157762771425574), (11, 18.549389346684187), (1, 13.578718198466412), (10, 22.537694763731285), (14, 21.536909052696174), (20, 8.09100902492274), (19, 8.53333639036335)]
Atom 9: [(15, 14.285369429882337), (21, 14.208630622658628), (7, 5.132220020875538), (18, 12.987158215469401), (14, 15.234389531901384), (17, 13.511962335468281), (5, 3.6139493123605857), (16, 17.298304665157183), (6, 4.182156720102684), (0, 13.694136403909342), (8, 6.646436247226461), (12, 14.71552894096964), (2, 6.837543172069105), (1, 6.925340994008774), (4, 13.654001650537113), (13, 17.330902724738465), (11, 12.334433888465803), (3, 10.815105490575498), (10, 16.223270538166368)]
Atom 10: [(1, 9.69583797065219), (18, 29.216350006912627), (9, 16.28270576269776), (4, 22.262573661495377), (6, 18.046975663295733), (17, 24.9933986183989), (2, 10.682707267634722), (5, 19.79932674342264), (21, 28.005935349299524), (16, 18.097367645008504), (0, 22.631114943656556), (7, 20.904080112338512), (13, 6.024239674405734), (15, 2.1754167891595153), (14, 5.742512146284036), (8, 22.837285013477327), (11, 4.575283216644877), (12, 8.165334049401622), (3, 26.905400792038645)]
Atom 11: [(16, 14.665781291651266), (12, 5.532545193316845), (3, 22.790394722027333), (0, 18.336222449384955), (13, 8.842542955857132), (1, 6.493604875642924), (6, 14.774688376312993), (14, 7.50980065630268), (5, 15.775254739212425), (10, 4.49444006803531), (7, 17.25027046565143), (2, 7.943412225314888), (21, 23.58623958944548), (4, 17.94995808010564), (15, 2.4058015010889937), (9, 12.376223168703309), (17, 20.579272724019894), (18, 25.226374764629195), (8, 18.79976537280438)]
Atom 12: [(2, 12.405534593664777), (14, 12.731082487798952), (1, 10.755849092095044), (16, 10.08253791457266), (9, 14.7255199474523), (18, 26.598408407578006), (8, 20.306451109140916), (10, 8.073738183978788), (5, 17.522388214162017), (11, 5.46290127125128), (13, 13.735636963575535), (6, 17.973239381502868), (15, 6.6652221942098295), (4, 15.494243012140704), (7, 19.64316389922777), (0, 15.954423141709585), (3, 23.857492215294386), (21, 22.780301759047973), (17, 18.947218853008305)]
Atom 13: [(9, 17.397859916319344), (14, 2.165255130012458), (3, 28.122069968340437), (1, 10.566796562496872), (18, 29.99772763530731), (2, 10.644455613409045), (5, 20.984119857886967), (8, 23.9377698864345), (4, 26.419283820053906), (7, 21.280965018322917), (12, 13.796567408085705), (16, 23.526263573530017), (0, 26.732046421711072), (11, 8.91081994757384), (6, 17.861415073805173), (21, 30.785039810990984), (15, 7.167759551449673), (10, 6.072688498280274), (17, 28.507991808993527)]
Atom 14: [(11, 7.581377722495642), (18, 27.907793531245343), (15, 6.229235643373653), (2, 8.548089514144014), (5, 18.88729564875011), (9, 15.303536232305612), (3, 26.024063989359), (1, 8.493896768253922), (17, 26.582960622468345), (0, 24.927584831174627), (4, 24.633378935868123), (8, 21.839757281188653), (10, 5.780147845922956), (13, 2.0980677263031127), (7, 19.199380387561522), (12, 12.796228477714314), (21, 28.757742164286615), (6, 15.802643589864996), (16, 22.235490659893024)]
Atom 15: [(7, 19.02527048611093), (21, 25.910962773044005), (9, 14.336479877898448), (18, 27.23954139572528), (5, 17.814244534437112), (4, 20.28095035815826), (8, 20.84558629650899), (2, 9.1043996921542), (1, 7.954349912763954), (11, 2.486537994138151), (13, 7.0807060305927685), (16, 16.572082521989064), (12, 6.7503849665184665), (6, 16.30212870684938), (3, 24.886445993044656), (0, 20.632829671426595), (10, 2.09781774492015), (17, 22.931121999585677), (14, 6.15450878125127)]
Atom 16: [(6, 21.308841548396842), (8, 20.1550218357863), (1, 17.269201925528506), (9, 17.250758523715497), (4, 8.994759512051683), (3, 22.34885318068053), (10, 17.992063069864027), (13, 23.460065046093405), (11, 14.576183408975098), (18, 25.312105678737762), (15, 16.481158577776664), (5, 18.363642853422128), (0, 9.636416624802052), (17, 13.286065270761737), (7, 21.281042149774876), (12, 9.990295220968116), (2, 18.864511858071662), (21, 18.056427063292414), (14, 22.162440739186493), (19, 20.31180812542738)]
Atom 17: [(6, 16.513284053445417), (21, 4.81612058457139), (7, 14.219639586687862), (0, 3.8084171012022083), (14, 26.50509626838748), (3, 11.244041760549974), (16, 13.2747852831906), (15, 22.845748665399185), (11, 20.494359610095465), (8, 11.31750764526434), (1, 18.537907331875026), (2, 19.294097601705893), (4, 4.303349118856392), (12, 18.874357881712186), (13, 28.435894788265582), (5, 11.662178971524225), (9, 13.422754731700811), (18, 13.906297520636603), (10, 24.897517808481705), (20, 16.217840940758304), (19, 7.440848162193654)]
Atom 18: [(11, 25.17654944479427), (12, 26.56453290192066), (3, 2.966549502815975), (16, 25.314397257351214), (17, 13.943273453208876), (13, 29.935448701342917), (14, 27.845175670829125), (7, 8.784576447287197), (6, 12.348787114502391), (1, 19.826952403653497), (10, 29.154507537129202), (15, 27.185004455036225), (21, 10.19184828534897), (8, 6.435252210199224), (4, 17.441344416071317), (5, 9.4672972704944), (2, 19.384791902992713), (0, 17.03105001556337), (9, 12.935403065193018)]
Atom 19: [(14, 28.79503376112496), (3, 5.548520877540945), (10, 28.619966785167136), (17, 7.440848162193654), (5, 10.486607767077087), (11, 24.261938032000884), (16, 20.31180812542738), (21, 2.933933186076357), (12, 24.097651402161627), (2, 20.576747301417537), (6, 15.164761863806493), (4, 11.568283779095863), (8, 8.265234968105485), (0, 11.08471622183587), (13, 30.868992803372677), (9, 13.70427578967168), (15, 26.539440058278036), (7, 11.78467512251526), (18, 7.332482276188392), (1, 20.3975334517505)]
Atom 20: [(1, 20.933243014865447), (18, 2.401531618712705), (4, 19.72697193006651), (2, 20.297515360401217), (0, 19.25754913732741), (6, 12.895469765600032), (11, 26.552194163531006), (7, 9.52917020697485), (9, 14.236225120954353), (3, 5.188233353583226), (16, 27.485811755709136), (12, 28.252942742915014), (21, 12.54982747375378), (10, 30.371669751367804), (13, 30.75759742724101), (14, 28.68784075190406), (15, 28.45015121325543), (8, 8.041705075756813), (5, 10.934444834650376), (17, 16.217840940758304)]
Atom 21: [(14, 28.682434251858684), (0, 8.559435082883693), (12, 22.71619094474845), (16, 18.010065351912942), (9, 14.120135016315423), (7, 13.174805152174311), (10, 27.917581062398092), (5, 11.334436092537072), (13, 30.714231137146456), (1, 20.363199321175074), (15, 25.832263807272245), (11, 23.508968477349484), (8, 9.753171732885528), (4, 9.091939720460651), (17, 4.79853587652343), (3, 7.994566595344749), (18, 10.134169169589933), (2, 20.775926554317675), (6, 16.24457414473694), (19, 2.933933186076357)]
New position of object Informational Sign:1: (16.24247997458617, -1.9890692437493964, 1.0890175455986542)
New position of object Pedestrian:2: (-0.9427486752095859, -0.0661111996332906, -0.08820773984689562)
New position of object Trash Can:1: (17.413611116165466, 1.5234752187406757, 0.2440838717399466)
New position of object Service Vehicle:1: (11.306166464075925, 16.759541099728278, -0.006179046586533066)
New position of object Pedestrian:1: (-1.803319544307353, 1.395685407082837, 0.07585779377787)
New position of object Railing:2: (12.502265618105913, -10.791421234200357, -0.021105664182866746)
New position of object Railing:1: (15.997683086595128, -2.5589414047227663, 0.12197958485785082)
New position of object Bike:1: (18.18502059789311, 6.349767566908444, 0.018566440415600904)
New position of object Bollard:7: (17.269873456411833, 8.914362360903496, -0.38652198556440165)
New position of object Fence:1: (2.0496608284103957, 7.827351963692063, 0.47417027101596665)
New position of object Fence:2: (5.3871317291474945, 9.287227379756445, 0.49896020595381363)
New position of object Bollard:6: (12.35736006907852, 14.52425403026893, -0.5906494760034462)
New position of object Bollard:2: (4.243886992405091, 4.397601103720871, -0.47329108477138737)
New position of object Fence:5: (-5.416167370884192, -8.567079136067186, 1.559940519078)
New position of object Fence:8: (-1.5186047089928785, -6.5050156272457755, 0.6386625981109311)
New position of object Fence:9: (2.5192695331857493, -10.118891806701079, 1.3373206092654468)
New position of object Fence:6: (-10.322046519399308, -5.066933650724378, 0.8575871428966806)
New position of object Fence:7: (-8.597645748184917, -3.8397405620955603, 0.774888725187827)
New position of object Fence:4: (-3.6572411144928694, -7.40411903614396, 1.5304773226051351)

After Updating position of all the atoms:
Atom 0: [(3, 14.138211546400724), (18, 17.000955533108772), (5, 12.726665559777148), (21, 8.57634258416218), (14, 24.82865192637262), (17, 3.8326379437353393), (12, 15.872656875722559), (1, 17.33855249185015), (6, 17.18435706216704), (13, 26.633826792871577), (4, 1.1375942076293375), (8, 13.244826082541048), (7, 15.590678153270488), (10, 22.53802255552526), (2, 18.382212281702163), (15, 20.538704096487695), (16, 9.604678618658804), (9, 13.602789445517107), (11, 18.24142343676559), (20, 19.418471527417857), (19, 11.050682107085802)]
Atom 1: [(2, 1.7105173772108675), (14, 8.499201886080929), (4, 17.199666168758316), (8, 13.550623463561879), (6, 8.497405014834943), (21, 20.35555365238618), (17, 18.53156562619463), (12, 10.758402774401826), (5, 10.529537442649927), (9, 6.917484401215839), (11, 6.499296184861753), (0, 17.332504457171908), (16, 17.270536069958716), (7, 11.375949939949425), (10, 9.700673090537512), (18, 19.817873532873584), (3, 17.725025583476956), (13, 10.572572480359344), (15, 7.957989323904857), (20, 20.812141314505507), (19, 20.308557350780102)]
Atom 2: [(9, 6.850588915043087), (17, 19.218091847493348), (15, 9.09090179780127), (12, 12.397220579525378), (8, 13.315637258991396), (7, 10.763250376353712), (14, 8.533826792690677), (10, 10.668456548678893), (16, 18.863116831471558), (21, 20.78715907092986), (13, 10.630215189749908), (5, 10.389775680608413), (4, 18.308905261306126), (1, 1.7042150801674214), (6, 7.561081833706938), (3, 17.502305002538606), (18, 19.39942292398141), (11, 7.931597969689927), (0, 18.38841855639407), (19, 20.506852255744707)]
Atom 3: [(16, 22.436670779688285), (6, 9.88160367805856), (14, 25.12501260141206), (13, 27.25856038311196), (11, 22.080783545618218), (10, 26.197219671810185), (15, 24.121173971482154), (8, 3.515910059614742), (9, 9.897614575097085), (12, 23.330478006047414), (2, 17.343652598479355), (7, 6.309154895690567), (17, 11.767117991468918), (5, 6.715817002429913), (1, 17.766054112031863), (0, 14.547105100028274), (18, 3.1876963302413572), (4, 14.99988195191659), (19, 6.221579282741895), (20, 5.2445413005614325), (21, 8.442253074760865)]
Atom 4: [(9, 13.592671121437082), (16, 8.944950576178046), (3, 14.550745542284815), (21, 9.122274157931187), (6, 17.3129729279957), (12, 15.420812880208873), (14, 24.554798055094107), (2, 18.235045793900852), (18, 17.43586846767914), (5, 12.867628228273306), (7, 15.838202939042779), (10, 22.1843427079353), (0, 1.1488438595981132), (17, 4.322717562983796), (11, 17.87144731436337), (13, 26.34049146728573), (1, 17.12415280880298), (8, 13.516582203367722), (15, 20.20237905655496), (19, 11.554814645095353)]
Atom 5: [(2, 10.296557582650419), (6, 4.620872082802236), (10, 19.45174757376548), (7, 2.9497186052096307), (21, 11.963192187193172), (0, 13.122382439572975), (16, 18.521239207719887), (15, 17.486386107751656), (3, 7.203480077864477), (4, 13.238878447600863), (13, 20.593920367913313), (8, 3.198035633293314), (9, 3.1787023985971206), (12, 17.38091989414942), (11, 15.48700060056546), (17, 12.09926068877551), (18, 9.784842096202489), (1, 10.557352773172996), (14, 18.501957326613205), (20, 11.013985082317621), (19, 10.859972860205453)]
Atom 6: [(15, 16.267345068654272), (9, 4.233796781791293), (16, 21.35792500539577), (10, 18.005764371717966), (11, 14.750479851218923), (8, 7.207072863830792), (13, 17.791547651225624), (7, 3.7466368886702757), (18, 12.432955289064429), (14, 15.73451081083009), (4, 17.39386251322607), (12, 17.976434432968276), (5, 5.271458243621089), (2, 7.508025391371377), (21, 16.209277139672743), (1, 8.46035131511875), (17, 16.608514991150766), (0, 17.267781496446553), (3, 11.083414832929765)]
Atom 7: [(9, 5.102790425043896), (16, 21.30839573806144), (21, 13.139459951566804), (12, 19.622007898505082), (2, 10.68447658397859), (4, 15.907785181101906), (17, 14.317018405023704), (13, 21.195803900297733), (1, 11.309159770325113), (0, 15.663384651316793), (10, 20.842595776589206), (8, 3.8431103741566006), (11, 17.201269539862317), (3, 7.477218432068063), (14, 19.115107115041837), (15, 18.968193989791605), (18, 8.87575192556366), (5, 3.2625879502041566), (6, 3.6428783653273786)]
Atom 8: [(16, 20.239362900875594), (0, 13.497731217904777), (21, 10.044469439453827), (3, 4.192281634878054), (15, 20.567156981815316), (7, 3.3713454347973353), (9, 6.310571969911977), (5, 3.055926944317646), (4, 13.80921777809371), (2, 13.23298756692414), (6, 6.731395994557323), (17, 11.610785635452388), (18, 6.586263932683252), (13, 23.635638403482123), (12, 20.157762771425574), (11, 18.549389346684187), (1, 13.578718198466412), (10, 22.537694763731285), (14, 21.536909052696174), (20, 8.09100902492274), (19, 8.53333639036335)]
Atom 9: [(18, 12.97656803059505), (10, 16.234296369768003), (6, 4.180371088903762), (8, 6.7058506461748015), (12, 14.720272843240107), (17, 13.498772534082454), (11, 12.339870625546093), (1, 6.853773140265608), (4, 13.671121148819546), (14, 15.232031367501774), (5, 3.6784756575333004), (0, 13.68198084839435), (21, 14.085740446676729), (15, 14.291788974583755), (2, 6.773608287920953), (16, 17.29484572819009), (7, 5.114755734119035), (3, 10.877688567884777), (13, 17.326714700794476)]
Atom 10: [(2, 10.701020899698428), (3, 26.974210791611572), (18, 29.218709457893347), (7, 20.8952916187012), (14, 5.717727854284534), (11, 4.586260082140152), (6, 18.047018003473934), (13, 5.98343484954705), (12, 8.18045186242403), (9, 16.295202201155625), (1, 9.74650313530373), (8, 22.902798108210437), (4, 22.287181115215873), (21, 27.9625503691635), (0, 22.640428163482945), (5, 19.864454152626955), (17, 24.994990531533134), (16, 18.125055740164225), (15, 2.1866815452366035)]
Atom 11: [(9, 12.381833595389248), (21, 23.534290311111064), (7, 17.23669491821575), (3, 22.846213125295872), (0, 18.331740791714438), (1, 6.505339413725868), (13, 8.817669319554417), (8, 18.85093939810576), (17, 20.567964257207585), (14, 7.492698510549807), (6, 14.7707933921255), (2, 7.925836777216001), (5, 15.824768244092315), (15, 2.4049930488277593), (10, 4.504648002390817), (18, 25.22466628176298), (16, 14.676286039614423), (4, 17.96270584415695), (12, 5.5334528594121055)]
Atom 12: [(9, 14.730281277204377), (18, 26.604317897369345), (5, 17.545906980978987), (1, 10.727352846029724), (3, 23.89552633580683), (7, 19.634789115747136), (8, 20.335776155689917), (2, 12.363719229257525), (17, 18.936242703077284), (6, 17.973125112467102), (16, 10.097416927253152), (4, 15.501533337147967), (14, 12.714887345097072), (11, 5.463758088773191), (0, 15.952497426279878), (10, 8.088809618692974), (21, 22.76777570478099), (15, 6.664881698978387), (13, 13.709671047544937)]
Atom 13: [(4, 26.449183543506745), (17, 28.514497712702326), (7, 21.282594611876892), (18, 30.004458123114283), (14, 2.1919086263220238), (16, 23.547634354492008), (0, 26.743239840914462), (3, 28.21493064220648), (5, 21.07842160343823), (12, 13.807672626872074), (2, 10.721252498554732), (9, 17.421684018638647), (21, 30.719666307785722), (15, 7.181389070891589), (6, 17.873688838727112), (11, 8.922813201940146), (10, 6.0672867826924355), (8, 24.030472719376448), (1, 10.671175249127089)]
Atom 14: [(9, 15.307407150952455), (16, 22.22983875110555), (21, 28.665472539534775), (18, 27.89647398451728), (0, 24.9109515508227), (6, 15.797994079312055), (4, 24.637307834217925), (2, 8.605881586828437), (17, 26.563721895989453), (3, 26.09705627809989), (15, 6.212969857806192), (5, 18.961868125176533), (13, 2.118112349436326), (12, 12.78005772091937), (11, 7.565386359279673), (8, 21.91286432756327), (1, 8.57803376485772), (10, 5.752029292109204), (7, 19.182477029430814)]
Atom 15: [(17, 22.920243476379508), (11, 2.4854549116101325), (10, 2.108830445859181), (21, 25.8561340481842), (13, 7.094705617926444), (2, 9.10985737545209), (8, 20.902230900078138), (0, 20.628052511373053), (3, 24.946394487221255), (9, 14.343064925311616), (18, 27.236375957612346), (12, 6.749561800039608), (4, 20.292256097038056), (14, 6.138672981957297), (16, 16.583452107047947), (7, 19.012252703778035), (6, 16.299761445861588), (1, 7.989678938669779), (5, 17.870226422867283)]
Atom 16: [(11, 14.585671712424851), (5, 18.32688236646078), (13, 23.445433842926168), (14, 22.155364651885982), (2, 18.793209865194587), (15, 16.49295910535296), (17, 13.260781075710902), (21, 18.02504183665773), (0, 9.628238547995819), (18, 25.301217195005176), (7, 21.276766343834908), (9, 17.247954151819982), (6, 21.30882857039679), (4, 8.984951591918373), (3, 22.335605440804795), (1, 17.19898797527347), (12, 10.005166520361925), (10, 18.017909073093037), (8, 20.128185544053018), (19, 20.277611316051804)]
Atom 17: [(6, 16.515004636114153), (2, 19.209401305462833), (21, 4.824272124811748), (18, 13.911369071385504), (15, 22.834986544945213), (1, 18.42805327447858), (10, 24.89773289985343), (11, 20.482294862300908), (8, 11.244067251923873), (14, 26.48116019746523), (0, 3.7978190669075937), (16, 13.241654104999073), (13, 28.406727082080756), (5, 11.571917951487402), (12, 18.863358013417905), (7, 14.227111164926228), (9, 13.411838750813546), (4, 4.28835870762616), (3, 11.202628236272254), (20, 16.41649217209392), (19, 7.419133171084456)]
Atom 18: [(5, 9.414804806995932), (2, 19.321707821705097), (4, 17.481285940123694), (7, 8.786226750316125), (14, 27.82723719575836), (11, 25.174704132221716), (12, 26.57055351744253), (9, 12.926058556707172), (10, 29.155891498839626), (3, 2.9882056231310568), (15, 27.1817742174674), (21, 10.05758421349708), (6, 12.338192818198062), (0, 17.047148838907482), (1, 19.749027769742504), (16, 25.32249576696152), (17, 13.974358808878664), (13, 29.916528569713783), (8, 6.388561124995916)]
Atom 19: [(8, 8.187434694152964), (5, 10.405585263410327), (4, 11.554814645095353), (7, 11.811494061046739), (10, 28.62302285533946), (14, 28.785615955949236), (9, 13.705740044895876), (16, 20.277611316051804), (13, 30.856247158612582), (18, 7.36271874675495), (11, 24.255955923854277), (21, 2.752950668067053), (3, 5.490263490104112), (1, 20.308557350780102), (17, 7.419133171084456), (12, 24.0852201524373), (6, 15.182832929362275), (0, 11.050682107085802), (15, 26.533617172750944), (2, 20.506852255744707)]
Atom 20: [(11, 26.52971639272911), (4, 19.888935451770106), (8, 8.05099741201836), (0, 19.418471527417857), (5, 10.903755388740118), (3, 5.365341602294301), (14, 28.589807316293786), (13, 30.656355521104867), (6, 12.799952141759015), (21, 12.696914062150277), (10, 30.33315015016658), (16, 27.59281878761557), (15, 28.414337149080634), (1, 20.812141314505507), (9, 14.206465980659887), (12, 28.28194213054684), (2, 20.181925308477968), (17, 16.41649217209392), (18, 2.616684523613914), (7, 9.473626259709452)]
Atom 21: [(17, 4.8927526537025345), (10, 27.87326016461688), (7, 13.032942491495767), (12, 22.70415814341853), (11, 23.456771579679263), (15, 25.777784471252343), (0, 8.6287617302002), (5, 11.104307451115876), (6, 16.10868848559158), (16, 18.058671921031102), (1, 20.1753923986024), (9, 13.99947097669005), (3, 7.751775943106432), (4, 9.173888772379852), (14, 28.584813269268963), (18, 9.970069324279342), (2, 20.59320164485782), (8, 9.504603952356108), (13, 30.615441391173675), (19, 2.752950668067053)]
New position of object Informational Sign:1: (16.144854832383732, -1.9811864183649046, 1.0822555806190093)
New position of object Pedestrian:2: (-0.9366527634034938, -0.057356170155792086, -0.07243489827450847)
New position of object Trash Can:1: (17.308747872854934, 1.5143863573293919, 0.22938738032238107)
New position of object Service Vehicle:1: (11.21088600907007, 16.78627528385514, -0.01828726392832178)
New position of object Pedestrian:1: (-1.7909427797837765, 1.3833780796062722, 0.07559686276600555)
New position of object Railing:2: (12.391248937373422, -10.834653455281929, 0.010777490139022211)
New position of object Railing:1: (15.883173008534971, -2.52997497926248, 0.1226522532827374)
New position of object Bike:1: (18.036281525223817, 6.37684263981318, 0.020679603332061286)
New position of object Bollard:7: (17.142012289593335, 8.946812702324316, -0.38819514347032125)
New position of object Fence:1: (1.9487918834776004, 7.8273378774827975, 0.46935921698124194)
New position of object Fence:2: (5.276468686651437, 9.279925317554715, 0.5021200542055929)
New position of object Bollard:6: (12.304207587350557, 14.481464214043232, -0.5881534116095583)
New position of object Bollard:2: (4.155288812716609, 4.403200368509374, -0.4697389025980968)
New position of object Fence:5: (-5.5241494122576, -8.564680447554538, 1.564967690472494)
New position of object Fence:8: (-1.613106130698295, -6.503218369533082, 0.6425772808185253)
New position of object Fence:9: (2.4264855149996727, -10.118535908084786, 1.3367129560312259)
New position of object Fence:6: (-10.471565725916761, -5.058337321594966, 0.8144638876918292)
New position of object Fence:7: (-8.687355489461261, -3.8548225911630194, 0.7810872142919884)
New position of object Fence:4: (-3.7515168876101193, -7.404450855216728, 1.5640152062595938)

After Updating position of all the atoms:
Atom 0: [(16, 9.597192283718348), (15, 20.53611708177249), (2, 18.29079176216743), (11, 18.238958534277735), (13, 26.647123279144743), (8, 13.184909725357523), (10, 22.54949764937851), (14, 24.81410955219703), (4, 1.1303054167148465), (5, 12.65043415723162), (9, 13.591971571789365), (17, 3.8203308118277466), (18, 17.016853184826367), (6, 17.182889365461374), (1, 17.23437527474296), (12, 15.872740214024615), (7, 15.589932308566965), (21, 8.642829701115545), (3, 14.104019311219837), (20, 19.436379849303513), (19, 11.071481974344172)]
Atom 1: [(4, 17.11921307647065), (18, 19.738862165178052), (21, 20.166752538815356), (9, 6.844364262357219), (11, 6.512805861603954), (0, 17.228242355821106), (6, 8.448992155027366), (14, 8.58575579224899), (2, 1.6983615212381973), (15, 7.996615107218254), (3, 17.715049087755805), (7, 11.297698190102922), (12, 10.731510093019187), (16, 17.1996312389041), (10, 9.754285498096184), (13, 10.679252009666657), (8, 13.540742134515572), (17, 18.42094993374948), (5, 10.519936665040321), (20, 20.76712668506648), (19, 20.19932899170254)]
Atom 2: [(1, 1.6814993347608669), (11, 7.913151478483438), (8, 13.312580393201952), (6, 7.512249746635012), (5, 10.385466331338518), (14, 8.608204386176217), (13, 10.723700911193959), (17, 19.100759087497458), (18, 19.320998380977958), (0, 18.27639165754201), (12, 12.347958921733081), (10, 10.693789236136123), (15, 9.100541312794437), (4, 18.220297596017296), (3, 17.499359507693267), (9, 6.768012174734285), (7, 10.685261996582415), (21, 20.584153853752337), (16, 18.775806134909068), (19, 20.393073186163758)]
Atom 3: [(16, 22.436670779688285), (6, 9.88160367805856), (14, 25.12501260141206), (13, 27.25856038311196), (11, 22.080783545618218), (10, 26.197219671810185), (15, 24.121173971482154), (8, 3.515910059614742), (9, 9.897614575097085), (12, 23.330478006047414), (2, 17.343652598479355), (7, 6.309154895690567), (17, 11.767117991468918), (5, 6.715817002429913), (1, 17.766054112031863), (0, 14.547105100028274), (18, 3.1876963302413572), (4, 14.99988195191659), (19, 6.221579282741895), (20, 5.2445413005614325), (21, 8.442253074760865)]
Atom 4: [(0, 1.135995073642351), (13, 26.337991933704924), (10, 22.185002248308585), (12, 15.416257455272907), (8, 13.433453965522647), (2, 18.10223509050836), (16, 9.009646733998322), (7, 15.809957678876051), (9, 13.558002722118426), (14, 24.524505811465918), (15, 20.188289571245793), (1, 17.001718788705343), (11, 17.857465737313845), (3, 14.49515250802915), (18, 17.42948316361056), (6, 17.284786534918453), (17, 4.289582112752272), (21, 9.173830381435671), (5, 12.767770457373336), (19, 11.556915543800056)]
Atom 5: [(2, 10.296557582650419), (6, 4.620872082802236), (10, 19.45174757376548), (7, 2.9497186052096307), (21, 11.963192187193172), (0, 13.122382439572975), (16, 18.521239207719887), (15, 17.486386107751656), (3, 7.203480077864477), (4, 13.238878447600863), (13, 20.593920367913313), (8, 3.198035633293314), (9, 3.1787023985971206), (12, 17.38091989414942), (11, 15.48700060056546), (17, 12.09926068877551), (18, 9.784842096202489), (1, 10.557352773172996), (14, 18.501957326613205), (20, 11.013985082317621), (19, 10.859972860205453)]
Atom 6: [(2, 7.460916969102704), (8, 7.3049130343128725), (21, 16.15897808660865), (13, 17.80411284717982), (5, 5.367278235786309), (9, 4.2331011667230545), (1, 8.41354455021235), (17, 16.608407249757732), (15, 16.265019438048174), (16, 21.38983700327887), (3, 11.17770303877302), (4, 17.365515041873454), (10, 18.00580188742144), (14, 15.730270637029943), (12, 17.976261057427795), (0, 17.26589105908237), (11, 14.746791506929338), (18, 12.42218161439264), (7, 3.7355500895742546)]
Atom 7: [(12, 19.61157344425388), (21, 13.094750765743377), (5, 3.3173903626441548), (18, 8.878972444088456), (17, 14.323188222910664), (0, 15.661130615974674), (10, 20.831875046726203), (11, 17.185925257294947), (16, 21.341457184081353), (2, 10.60592688782489), (15, 18.953258967225572), (8, 3.9500532700440987), (6, 3.631048946226362), (13, 21.196046700746557), (3, 7.584401549122923), (9, 5.084755802820947), (14, 19.096886837714244), (1, 11.230218926062548), (4, 15.878284460374267)]
Atom 8: [(16, 20.239362900875594), (0, 13.497731217904777), (21, 10.044469439453827), (3, 4.192281634878054), (15, 20.567156981815316), (7, 3.3713454347973353), (9, 6.310571969911977), (5, 3.055926944317646), (4, 13.80921777809371), (2, 13.23298756692414), (6, 6.731395994557323), (17, 11.610785635452388), (18, 6.586263932683252), (13, 23.635638403482123), (12, 20.157762771425574), (11, 18.549389346684187), (1, 13.578718198466412), (10, 22.537694763731285), (14, 21.536909052696174), (20, 8.09100902492274), (19, 8.53333639036335)]
Atom 9: [(12, 14.725256680537758), (13, 17.3504602559076), (6, 4.180341093415386), (11, 12.345476815114086), (5, 3.744312545838442), (21, 14.029174345296099), (15, 14.298576164591116), (3, 10.941023442637256), (7, 5.097450379383536), (1, 6.781023825433782), (16, 17.327842460440866), (2, 6.691366669462292), (10, 16.24686192642149), (14, 15.235895544139398), (4, 13.636829374713292), (8, 6.766270617374442), (0, 13.67182412336802), (18, 12.96110725716445), (17, 13.485084693742007)]
Atom 10: [(3, 27.04444563133919), (15, 2.198508350539916), (17, 24.99425055597133), (8, 22.969935010948593), (5, 19.931364435950112), (16, 18.12539055194634), (12, 8.195363596229226), (2, 10.729348800509124), (9, 16.309429423821523), (18, 29.216622452792173), (1, 9.803100484117316), (4, 22.288369099984823), (11, 4.5983310739881), (14, 5.691718670098254), (21, 27.941507543907825), (7, 20.88571165482685), (0, 22.652177589972645), (13, 5.9795013625337585), (6, 18.04836486513529)]
Atom 11: [(13, 8.829200741189545), (9, 12.38796178572685), (1, 6.52058057750511), (4, 17.94928323890835), (16, 14.672507002901202), (3, 22.902886810223684), (17, 20.55454378919325), (6, 14.767598461155274), (5, 15.87523462873853), (21, 23.502790548750784), (12, 5.5346446429852065), (7, 17.221892870518815), (0, 18.329955470241778), (10, 4.516269424776642), (2, 7.908950386732138), (18, 25.210379257308414), (14, 7.476323562905999), (8, 18.90301751659677), (15, 2.4038461529967834)]
Atom 12: [(5, 17.56995709594431), (13, 13.721272387919337), (15, 6.664633019666386), (6, 17.973171107007317), (7, 19.624455337998942), (10, 8.104268181800117), (9, 14.735428519276022), (3, 23.933862135720002), (16, 10.07806723856277), (1, 10.70157626118078), (11, 5.465404459338335), (0, 15.952268240030646), (14, 12.699227833655973), (17, 18.921754232941073), (4, 15.496536343940729), (2, 12.315483774605681), (21, 22.748520582769302), (18, 26.57883575103659), (8, 20.365529635551034)]
Atom 13: [(15, 7.242263941692967), (3, 28.3286881252453), (6, 17.900419149146046), (16, 23.594915431716647), (8, 24.143941758969117), (18, 30.041754764956192), (14, 2.2356476329449118), (17, 28.553263118688697), (4, 26.48477814203546), (1, 10.803285015970928), (5, 21.194598023330208), (2, 10.834889779020665), (9, 17.46753405498879), (10, 6.110206727731312), (21, 30.72606042326693), (12, 13.864994757929082), (11, 8.977167295334942), (0, 26.79504456813557), (7, 21.299857324380945)]
Atom 14: [(0, 24.904615724022698), (13, 2.152433013258836), (8, 21.994520861600897), (9, 15.319693921532258), (3, 26.17862342475853), (1, 8.673098867362041), (11, 7.555010866340129), (2, 8.688899306905638), (4, 24.615028508280925), (5, 19.045000332221658), (6, 15.80182516351743), (7, 19.17257966272043), (21, 28.625477610447295), (16, 22.217537679630617), (17, 26.550521039399595), (10, 5.727399262772595), (15, 6.201704718386356), (18, 27.905912529465315), (12, 12.769506112371909)]
Atom 15: [(5, 17.931309716763256), (11, 2.496811648676941), (21, 25.826616016383298), (16, 16.576119140514468), (13, 7.157173484067319), (6, 16.300281587082928), (14, 6.129872735799594), (1, 8.036244725842156), (10, 2.118574917627564), (2, 9.126071300687915), (12, 6.7517136842295855), (9, 14.355290299369614), (0, 20.627881546806744), (4, 20.28198928964455), (18, 27.22887064485878), (8, 20.963400302255984), (7, 19.000014555720057), (3, 25.010342934781292), (17, 22.909859022668595)]
Atom 16: [(10, 18.017932038915923), (18, 25.366061020815295), (0, 9.675820434837094), (4, 9.028075272299876), (21, 18.13483323854636), (11, 14.581633375383719), (1, 17.14030410521193), (17, 13.293922309010505), (12, 9.986391177056227), (14, 22.136991044047782), (3, 22.379523255724585), (8, 20.15307754517868), (13, 23.44946628046237), (5, 18.33677563404977), (6, 21.34089088446471), (2, 18.71948338071306), (9, 17.281070800092095), (7, 21.311641620721563), (15, 16.48126472472726), (19, 20.34785823952207)]
Atom 17: [(6, 16.515241168103767), (7, 14.234277591298744), (14, 26.459506367935422), (8, 11.171734651137863), (4, 4.280470343946079), (11, 20.468207533521724), (1, 18.315461109077827), (0, 3.78167425975713), (10, 24.89634694055988), (15, 22.821158334074806), (9, 13.397659277822543), (21, 4.918659451446012), (16, 13.213550579246819), (18, 13.944366550564991), (12, 18.84912057473898), (3, 11.163759423591694), (5, 11.481679011815084), (13, 28.41072344621192), (2, 19.113052665853516), (20, 16.446150109473837), (19, 7.459904175134849)]
Atom 18: [(9, 12.909928608445087), (14, 27.828257242884103), (5, 9.349639076033673), (4, 17.39837065954207), (7, 8.81100545785458), (21, 9.945463293924721), (1, 19.67139157703817), (12, 26.54486728684621), (13, 29.936222202098413), (16, 25.32335104737919), (15, 27.170483894299938), (3, 2.947503818016141), (6, 12.354366218570455), (0, 16.987045161146387), (10, 29.15238149375466), (11, 25.159641361324685), (8, 6.324602780498553), (17, 13.923322324710698), (2, 19.252887801158312)]
Atom 19: [(16, 20.34785823952207), (17, 7.459904175134849), (21, 2.7516617064187465), (4, 11.556915543800056), (0, 11.071481974344172), (5, 10.287636815256285), (2, 20.393073186163758), (18, 7.351308481808076), (7, 11.793224485142755), (11, 24.249372410763026), (13, 30.857925831403797), (15, 26.52627404886553), (8, 8.059144782850533), (12, 24.08948108113749), (10, 28.625218068705625), (6, 15.158362018414524), (14, 28.764191356113976), (9, 13.677141648387698), (1, 20.19932899170254), (3, 5.362540954192763)]
Atom 20: [(13, 30.691970936883994), (18, 2.599757954841089), (3, 5.411290808720872), (11, 26.55100279401922), (8, 8.050189070487118), (4, 19.929137206068507), (1, 20.76712668506648), (2, 20.155611284018562), (10, 30.360208948179135), (17, 16.446150109473837), (6, 12.82313800483478), (16, 27.607915793844054), (21, 12.552314718187628), (9, 14.220596039432316), (14, 28.60838318055215), (15, 28.436509161005905), (7, 9.508910469974097), (5, 10.891492421203685), (12, 28.306710968257654), (0, 19.436379849303513)]
Atom 21: [(17, 4.921010592405945), (5, 10.955084463664258), (16, 18.11358851252873), (2, 20.44643068754324), (18, 9.950084648566397), (4, 9.163933369762823), (11, 23.424725207088102), (9, 13.942437055544712), (7, 12.988459578907596), (3, 7.624146224223793), (13, 30.59175051389031), (10, 27.851525657222663), (6, 16.058694604111484), (12, 22.685247621074705), (15, 25.744966855430636), (0, 8.634876271683918), (1, 20.034465806633964), (8, 9.354669038862069), (14, 28.536178541042247), (19, 2.7516617064187465)]
New position of object Informational Sign:1: (16.05091934756489, -1.9703303886924033, 1.0773400644209585)
New position of object Pedestrian:2: (-0.9299247810334315, -0.05298190911531009, -0.08838691440035853)
New position of object Trash Can:1: (17.203838640705538, 1.5113715313355964, 0.22641181363225898)
New position of object Service Vehicle:1: (11.104387879367284, 16.80180230772409, 0.03465082194801944)
New position of object Pedestrian:1: (-1.7521591869539002, 1.3700229101070436, 0.07715453125357336)
New position of object Railing:2: (12.321643705008615, -10.767228195757498, 0.008101937476710869)
New position of object Railing:1: (15.807903459438716, -2.513404305958348, 0.11422371614754734)
New position of object Bike:1: (17.816426176121464, 6.433098903545525, 0.005010596392104993)
New position of object Bollard:7: (17.008405909149214, 8.953345863473515, -0.38026872041507587)
New position of object Fence:1: (1.84709113732686, 7.827462571446858, 0.4705438473090526)
New position of object Fence:2: (5.165940889862188, 9.271612413285968, 0.5123340979653401)
New position of object Bollard:6: (12.185019706366763, 14.524124729000912, -0.5398219075865138)
New position of object Bollard:2: (4.063647452161526, 4.408162622291589, -0.4622267321770215)
New position of object Fence:5: (-5.629840903833408, -8.565833647463881, 1.5743553507124035)
New position of object Fence:8: (-1.707074272505654, -6.503396115723046, 0.6418767335855697)
New position of object Fence:9: (2.33566056434454, -10.119109510531969, 1.334183964056538)
New position of object Fence:6: (-10.55234902023171, -5.061232347473407, 0.8566323124764461)
New position of object Fence:7: (-8.787586358480105, -3.873332390999998, 0.7777491479735756)
New position of object Fence:4: (-3.842168313297595, -7.4093318766367116, 1.5573947338362382)

After Updating position of all the atoms:
Atom 0: [(5, 12.575316767637382), (15, 20.540277475890008), (14, 24.811717363468077), (4, 1.1192719592432292), (11, 18.241542923272323), (13, 26.702941882403202), (10, 22.56561156697447), (9, 13.583864452533549), (8, 13.125142500702216), (18, 16.9550365137746), (6, 17.182373036872267), (17, 3.8005798443800702), (7, 15.588069750952371), (2, 18.181938678362073), (16, 9.649195130422072), (3, 14.068723031011922), (1, 17.133565275533808), (21, 8.644853490621935), (12, 15.877207712350005), (20, 19.44089350812115), (19, 11.062011876118168)]
Atom 1: [(4, 16.995890370364343), (8, 13.53230714084741), (9, 6.77217742859554), (2, 1.6826683245803555), (11, 6.527372810444082), (6, 8.408182343447026), (15, 8.045862940030167), (17, 18.308653799794776), (0, 17.128462041322933), (21, 20.026770106205493), (7, 11.223688148613324), (5, 10.51127989342141), (14, 8.682609574787836), (13, 10.81256834878522), (16, 17.137909561685756), (18, 19.6632182056407), (3, 17.706736624596733), (12, 10.705689002684114), (10, 9.812720999848596), (20, 20.71047006924433), (19, 20.074432566982704)]
Atom 2: [(18, 19.233667737048258), (11, 7.8947429904721345), (10, 10.730322877773249), (13, 10.857968997346033), (1, 1.651791785921768), (12, 12.289611169180509), (17, 18.957112406991094), (3, 17.47563302710035), (16, 18.68139514240731), (7, 10.590031235868299), (5, 10.359255878277473), (14, 8.71157158546628), (4, 18.061478212622657), (21, 20.41209981953427), (0, 18.141332271026883), (8, 13.28868784235742), (15, 9.121380144496108), (9, 6.663122375505435), (6, 7.453038301869228), (19, 20.240425533356365)]
Atom 3: [(16, 22.436670779688285), (6, 9.88160367805856), (14, 25.12501260141206), (13, 27.25856038311196), (11, 22.080783545618218), (10, 26.197219671810185), (15, 24.121173971482154), (8, 3.515910059614742), (9, 9.897614575097085), (12, 23.330478006047414), (2, 17.343652598479355), (7, 6.309154895690567), (17, 11.767117991468918), (5, 6.715817002429913), (1, 17.766054112031863), (0, 14.547105100028274), (18, 3.1876963302413572), (4, 14.99988195191659), (19, 6.221579282741895), (20, 5.2445413005614325), (21, 8.442253074760865)]
Atom 4: [(21, 9.165746563260113), (10, 22.22114040146766), (5, 12.703634745367392), (18, 17.36648422697653), (12, 15.44004057090035), (17, 4.261460047915602), (1, 16.918913193407096), (3, 14.461048155105491), (14, 24.541023224688562), (11, 17.87985874918605), (0, 1.1320685057927553), (13, 26.411692884326246), (15, 20.213736814957336), (9, 13.563327787381812), (8, 13.380807666731823), (16, 8.960517714456373), (7, 15.815947823364324), (6, 17.295434189498998), (2, 17.984387151420517), (19, 11.540021158981652)]
Atom 5: [(2, 10.296557582650419), (6, 4.620872082802236), (10, 19.45174757376548), (7, 2.9497186052096307), (21, 11.963192187193172), (0, 13.122382439572975), (16, 18.521239207719887), (15, 17.486386107751656), (3, 7.203480077864477), (4, 13.238878447600863), (13, 20.593920367913313), (8, 3.198035633293314), (9, 3.1787023985971206), (12, 17.38091989414942), (11, 15.48700060056546), (17, 12.09926068877551), (18, 9.784842096202489), (1, 10.557352773172996), (14, 18.501957326613205), (20, 11.013985082317621), (19, 10.859972860205453)]
Atom 6: [(7, 3.724416123566833), (15, 16.265032372150642), (21, 16.036852335397544), (3, 11.273350947329977), (12, 17.976228975987585), (11, 14.74350626099706), (9, 4.235266200950522), (4, 17.377133610158992), (10, 18.00653502325528), (2, 7.4032347680366195), (0, 17.265968966866858), (16, 21.346958301853046), (17, 16.606694444089957), (5, 5.465220347205265), (13, 17.830070857740097), (18, 12.439769378693208), (14, 15.733619721347011), (1, 8.374104502478714), (8, 7.404427356090346)]
Atom 7: [(16, 21.284112990797034), (6, 3.619679387823962), (15, 18.939856718086574), (3, 7.692773610637281), (21, 12.974949481908975), (4, 15.883843309515711), (0, 15.65832895713127), (1, 11.156545311594424), (13, 21.21250468409105), (10, 20.821128959910414), (17, 14.325294843678838), (2, 10.511165806173622), (8, 4.058809997760473), (12, 19.600052759552614), (18, 8.905530865089155), (9, 5.068266058249129), (5, 3.3763043676244098), (11, 17.17025707496033), (14, 19.08636541452917)]
Atom 8: [(16, 20.239362900875594), (0, 13.497731217904777), (21, 10.044469439453827), (3, 4.192281634878054), (15, 20.567156981815316), (7, 3.3713454347973353), (9, 6.310571969911977), (5, 3.055926944317646), (4, 13.80921777809371), (2, 13.23298756692414), (6, 6.731395994557323), (17, 11.610785635452388), (18, 6.586263932683252), (13, 23.635638403482123), (12, 20.157762771425574), (11, 18.549389346684187), (1, 13.578718198466412), (10, 22.537694763731285), (14, 21.536909052696174), (20, 8.09100902492274), (19, 8.53333639036335)]
Atom 9: [(11, 12.349265496230762), (5, 3.813972870282709), (7, 5.081138012686625), (1, 6.706514026496376), (18, 12.97287160373525), (8, 6.83001288569546), (2, 6.583679208593918), (15, 14.30804973501731), (16, 17.283176723336002), (17, 13.473316078193445), (4, 13.644337031387169), (3, 11.007449728809538), (6, 4.180286472609437), (0, 13.665654997353252), (13, 17.39301532968467), (12, 14.72893252760503), (21, 13.908903633807808), (10, 16.25822940099694), (14, 15.245026409440124)]
Atom 10: [(6, 18.051677858418806), (1, 9.8652201253014), (21, 27.87755836891419), (14, 5.671974519528093), (7, 20.877051411742418), (11, 4.610504353538937), (2, 10.770295786274161), (17, 24.99487822609815), (0, 22.66722419066536), (12, 8.208029823573677), (9, 16.322866240209912), (4, 22.32354740423618), (18, 29.240129648605297), (15, 2.208397160529845), (3, 27.116366773701873), (5, 20.000351608903266), (8, 23.039030385181796), (13, 6.02679556350915), (16, 18.153652177267837)]
Atom 11: [(7, 17.207731192893757), (3, 22.960806322880963), (0, 18.33261166905982), (12, 5.535191921805504), (9, 12.392836147540974), (4, 17.971446722490317), (5, 15.927103125012389), (13, 8.884497266653064), (18, 25.22981013942974), (14, 7.467171294454285), (21, 23.429160711126798), (17, 20.54341107866723), (16, 14.676064274578039), (1, 6.537972909432415), (8, 18.956456906201094), (15, 2.417019779150513), (6, 14.76600682073535), (2, 7.893774190564406), (10, 4.528936187184635)]
Atom 12: [(14, 12.690708788134627), (17, 18.909203254311862), (21, 22.70234369291288), (5, 17.594617181677062), (11, 5.467758006335432), (9, 14.739561245000536), (1, 10.677765704499386), (3, 23.972363026069722), (7, 19.61341430374222), (15, 6.669027166413087), (4, 15.5189040621357), (8, 20.395711824170935), (18, 26.604713253481517), (10, 8.119086268866909), (0, 15.955465942930383), (2, 12.259304918836836), (6, 17.973981857950506), (16, 10.094474263525747), (13, 13.780659249689581)]
Atom 13: [(15, 7.227889126816085), (11, 8.96464397819997), (21, 30.62078242953109), (6, 17.888924988294082), (0, 26.783134145942885), (16, 23.59020846902968), (14, 2.222460895448154), (10, 6.085100063886931), (12, 13.85319342349068), (9, 17.465285086539136), (4, 26.493499373336928), (1, 10.888832904934828), (3, 28.397743265279843), (8, 24.21346647270255), (5, 21.265958842186993), (18, 30.042041089297385), (7, 21.274717809980526), (17, 28.53072472079992), (2, 10.927578455508907)]
Atom 14: [(15, 6.2007263798827355), (18, 27.929422248230868), (10, 5.7118741093006395), (7, 19.17187893052547), (8, 22.08620673130582), (11, 7.554425716672709), (3, 26.270309024337394), (5, 19.138175888314578), (6, 15.814529499476146), (0, 24.91309970772875), (16, 22.21976035129035), (17, 26.54907122058599), (13, 2.128782777209577), (2, 8.80232032571376), (21, 28.541078007663355), (1, 8.779983766993134), (9, 15.338673681068624), (4, 24.64199240683499), (12, 12.768945674469224)]
Atom 15: [(8, 21.02219213246566), (5, 17.989376080218044), (18, 27.246019748398513), (12, 6.749687956812056), (17, 22.89726781812257), (14, 6.129298429966927), (0, 20.628817861289267), (11, 2.4934954130117153), (2, 9.145289480222177), (10, 2.12921518391266), (4, 20.30217155964636), (21, 25.75106797147292), (7, 18.986629125576844), (1, 8.081190782894495), (6, 16.300577382387868), (16, 16.58145333865391), (13, 7.143610046031193), (3, 25.072305150280165), (9, 14.360848513077638)]
Atom 16: [(0, 9.614373511478604), (12, 10.005006972911692), (1, 17.041374678400366), (2, 18.584659278806534), (21, 18.071425190863547), (3, 22.31234353272937), (13, 23.51110483941315), (4, 8.974962579720637), (10, 18.04847305287157), (5, 18.25214789926588), (11, 14.586349500240999), (7, 21.254809077600452), (15, 16.494715183298585), (9, 17.235416644770417), (8, 20.07518094094868), (18, 25.255737820626862), (17, 13.21542651034549), (14, 22.130451975362778), (6, 21.297105452183736), (19, 20.273569319478188)]
Atom 17: [(15, 22.812452673542694), (16, 13.252616752335024), (6, 16.51262867903438), (5, 11.389685277293168), (18, 13.888599827311602), (8, 11.096575140915427), (9, 13.383271366027358), (13, 28.450569177261404), (10, 24.8973893461213), (2, 18.995811345800853), (4, 4.252929035039694), (7, 14.236874551114509), (1, 18.20383684176003), (3, 11.121017385678854), (12, 18.837666550772866), (21, 4.9404550403551095), (14, 26.44726143944623), (11, 20.456887727737243), (0, 3.765043166341245), (20, 16.463211873612327), (19, 7.469219315507823)]
Atom 18: [(3, 2.9969580539013494), (7, 8.829687724889213), (6, 12.358757628081133), (2, 19.174358140295954), (16, 25.297656401763376), (11, 25.178075824806157), (4, 17.43073314531773), (15, 27.189368443667586), (14, 27.84217218215992), (9, 12.919543326403566), (21, 9.872906370120843), (13, 29.977120832873233), (0, 17.018444185915527), (5, 9.319446948938449), (1, 19.613709501256356), (12, 26.570869310826588), (17, 13.968085172798704), (10, 29.174264936842366), (8, 6.301526829014838)]
Atom 19: [(12, 24.06900709973024), (10, 28.607363384981365), (15, 26.50154991703177), (0, 11.062011876118168), (11, 24.222144877807253), (2, 20.240425533356365), (5, 10.158834910704483), (1, 20.074432566982704), (8, 7.925627824550892), (6, 15.12553259289485), (4, 11.540021158981652), (17, 7.469219315507823), (14, 28.734475471526288), (3, 5.242936908371733), (9, 13.635044848970994), (21, 2.674505868908048), (7, 11.769605561871368), (13, 30.869134953017962), (18, 7.261734668352457), (16, 20.273569319478188)]
Atom 20: [(14, 28.617589435148222), (8, 8.0411867411796), (21, 12.519230359330596), (16, 27.666410472975578), (7, 9.526898921221568), (9, 14.222155844999444), (4, 19.913868148512005), (12, 28.314412670935805), (2, 20.10022475161187), (11, 26.556133326273855), (13, 30.724511176065924), (0, 19.44089350812115), (1, 20.71047006924433), (17, 16.463211873612327), (10, 30.369533574799892), (15, 28.442565883792643), (5, 10.868847906889393), (6, 12.827896212486664), (3, 5.456425495485044), (18, 2.6854089658725764)]
Atom 21: [(16, 18.056685639514708), (12, 22.640236740482433), (11, 23.350835563820734), (9, 13.819281790713637), (17, 4.96464322120964), (0, 8.653584732313272), (7, 12.86864687068005), (10, 27.78757492831089), (18, 9.773053846265404), (13, 30.54371959989561), (14, 28.441063028217073), (15, 25.672640041495086), (4, 9.169842457022938), (2, 20.21310160204608), (8, 9.127376456691037), (3, 7.4246719326587245), (6, 15.935537016460293), (5, 10.733203652713073), (1, 19.836926213811743), (19, 2.674505868908048)]
New position of object Informational Sign:1: (15.958900482563202, -1.958747827011262, 1.0713110079809738)
New position of object Pedestrian:2: (-0.9242155613288006, -0.05356763474948245, -0.08455791376645128)
New position of object Trash Can:1: (17.102014415567183, 1.5165762283505675, 0.22668478340898213)
New position of object Service Vehicle:1: (10.980835250527, 16.79109225040856, 0.04171312134653499)
New position of object Pedestrian:1: (-1.7097665611198138, 1.3579497918166883, 0.08781448234255634)
New position of object Railing:2: (12.217614557822067, -10.769173913940312, 0.04742511683382167)
New position of object Railing:1: (15.717939580862044, -2.499008161110149, 0.1176996672613616)
New position of object Bike:1: (18.18655672745433, 6.27142910903496, 0.06358541913483029)
New position of object Bollard:7: (16.95011179705095, 8.966367160245143, -0.35845077915396023)
New position of object Fence:1: (1.7464249420827613, 7.828793043827651, 0.4774107734144275)
New position of object Fence:2: (5.058314709555219, 9.263561779179529, 0.5266218984800398)
New position of object Bollard:6: (12.045028038754062, 14.532983818224983, -0.5077717319203383)
New position of object Bollard:2: (3.968992578637092, 4.412452887168506, -0.45550324502644146)
New position of object Fence:5: (-5.73308305626524, -8.567615512884233, 1.5889613276153167)
New position of object Fence:8: (-1.8017892063234662, -6.503466415268035, 0.6409481110239041)
New position of object Fence:9: (2.2448111583280195, -10.119724747309776, 1.3314008962419905)
New position of object Fence:6: (-10.597575497073667, -5.102061785766239, 0.8823184885724791)
New position of object Fence:7: (-8.896351687437473, -3.888477709390262, 0.7739693129023786)
New position of object Fence:4: (-3.9324633782137504, -7.414809021604997, 1.549902473054514)

After Updating position of all the atoms:
Atom 0: [(3, 14.033633686943114), (2, 18.04856493845728), (16, 9.58902376678967), (12, 15.882483145473671), (6, 17.1835385802963), (9, 13.578892860878275), (13, 26.69302993932038), (14, 24.822176044663056), (15, 20.543307166300774), (11, 18.246229909514092), (7, 15.585936708534918), (4, 1.1164497278514058), (10, 22.582745433146385), (8, 13.066049228334213), (5, 12.501175354544305), (21, 8.66085964665981), (18, 16.985965179591926), (17, 3.7822551510155358), (1, 17.035529395627517), (20, 19.426726646334124), (19, 11.062768917531196)]
Atom 1: [(7, 11.153710978949155), (13, 10.893277689450555), (4, 16.913134467346534), (12, 10.674959209465605), (0, 17.029543501831508), (3, 17.70289326770117), (18, 19.6104163459119), (14, 8.784462223455243), (11, 6.537649615306458), (21, 19.831704869438507), (2, 1.6547663283655762), (17, 18.198134132839012), (9, 6.702868644419359), (15, 8.081938155041682), (8, 13.528598854822643), (16, 17.0365458989828), (10, 9.866791563334973), (5, 10.507461960709746), (6, 8.372509533834046), (20, 20.627378550214022), (19, 20.02313211069107)]
Atom 2: [(14, 8.82824196558975), (11, 7.880847143845779), (7, 10.491979124168042), (8, 13.261612816935484), (12, 12.232816835954775), (4, 17.940369086146607), (15, 9.141773963639121), (21, 20.175138111093677), (16, 18.54472349151038), (5, 10.329950141220433), (18, 19.152210716615322), (9, 6.552759191181774), (17, 18.812962308518255), (6, 7.39272034231007), (13, 10.95391458518397), (1, 1.6245565738727004), (0, 18.00415350998797), (10, 10.773034129504765), (3, 17.44859108750646), (19, 20.156344606042833)]
Atom 3: [(16, 22.436670779688285), (6, 9.88160367805856), (14, 25.12501260141206), (13, 27.25856038311196), (11, 22.080783545618218), (10, 26.197219671810185), (15, 24.121173971482154), (8, 3.515910059614742), (9, 9.897614575097085), (12, 23.330478006047414), (2, 17.343652598479355), (7, 6.309154895690567), (17, 11.767117991468918), (5, 6.715817002429913), (1, 17.766054112031863), (0, 14.547105100028274), (18, 3.1876963302413572), (4, 14.99988195191659), (19, 6.221579282741895), (20, 5.2445413005614325), (21, 8.442253074760865)]
Atom 4: [(5, 12.6318211773192), (3, 14.426551610647781), (15, 20.218353585471515), (11, 17.88689442798736), (1, 16.822081181405572), (8, 13.323528067656829), (7, 15.812903636434294), (6, 17.29626934773139), (0, 1.1221933763386471), (14, 24.552906833400026), (18, 17.398301953218745), (12, 15.447691422854556), (16, 8.980693478715466), (9, 13.55978789955562), (21, 9.175994846971562), (2, 17.84942461667029), (17, 4.248818529013255), (10, 22.24086214346794), (13, 26.405285028192857), (19, 11.541221723782641)]
Atom 5: [(2, 10.296557582650419), (6, 4.620872082802236), (10, 19.45174757376548), (7, 2.9497186052096307), (21, 11.963192187193172), (0, 13.122382439572975), (16, 18.521239207719887), (15, 17.486386107751656), (3, 7.203480077864477), (4, 13.238878447600863), (13, 20.593920367913313), (8, 3.198035633293314), (9, 3.1787023985971206), (12, 17.38091989414942), (11, 15.48700060056546), (17, 12.09926068877551), (18, 9.784842096202489), (1, 10.557352773172996), (14, 18.501957326613205), (20, 11.013985082317621), (19, 10.859972860205453)]
Atom 6: [(18, 12.442929291558269), (5, 5.563582023816671), (1, 8.341447078955374), (13, 17.820112360481314), (16, 21.34748403432734), (17, 16.604248634787467), (0, 17.26682179139274), (8, 7.503547061780523), (15, 16.266505187671022), (11, 14.743315501689583), (9, 4.237115915793174), (12, 17.97799947211963), (10, 18.011006900839874), (4, 17.378034730953562), (14, 15.74786769413749), (3, 11.368216582180258), (21, 16.518915429580183), (7, 3.7116083695077013), (2, 7.346349935098548)]
Atom 7: [(8, 4.1659318129510226), (21, 13.472861580877412), (0, 15.654382431699918), (10, 20.81397984726973), (2, 10.416245817455273), (9, 5.053917840645172), (12, 19.589613278704544), (15, 18.927928400550254), (17, 14.323283492493701), (13, 21.18965445043457), (4, 15.879322132521093), (5, 3.4375473523675706), (14, 19.08795509528867), (6, 3.6096532923069247), (11, 17.157527007562496), (18, 8.921925187542753), (3, 7.798929876299526), (1, 11.08932413273426), (16, 21.27899676261387)]
Atom 8: [(16, 20.239362900875594), (0, 13.497731217904777), (21, 10.044469439453827), (3, 4.192281634878054), (15, 20.567156981815316), (7, 3.3713454347973353), (9, 6.310571969911977), (5, 3.055926944317646), (4, 13.80921777809371), (2, 13.23298756692414), (6, 6.731395994557323), (17, 11.610785635452388), (18, 6.586263932683252), (13, 23.635638403482123), (12, 20.157762771425574), (11, 18.549389346684187), (1, 13.578718198466412), (10, 22.537694763731285), (14, 21.536909052696174), (20, 8.09100902492274), (19, 8.53333639036335)]
Atom 9: [(3, 11.076980251056499), (16, 17.285094556316505), (15, 14.311554344470643), (14, 15.26124029427675), (11, 12.352236120234608), (4, 13.643115885369404), (7, 5.067982831912915), (2, 6.470972776929281), (12, 14.73217769012886), (5, 3.887374631145812), (17, 13.465799073894939), (21, 14.347974629210174), (6, 4.181090232327452), (8, 6.8970739578658256), (0, 13.663134773842392), (1, 6.635241189437251), (18, 12.947981583021338), (13, 17.38797784325058), (10, 16.269414602803383)]
Atom 10: [(15, 2.2176961011405485), (7, 20.869444516418273), (21, 28.189948285450644), (14, 5.659006065736969), (13, 6.004694257040601), (9, 16.333777355045598), (3, 27.187736398629106), (12, 8.220502949628443), (1, 9.920427637269581), (0, 22.68231125330039), (5, 20.069128416777524), (18, 29.224907409369866), (17, 24.999767939022362), (2, 10.814682801130338), (4, 22.34141844739902), (16, 18.150777892829026), (6, 18.056046025930225), (11, 4.622414701730507), (8, 23.107790239831477)]
Atom 11: [(10, 4.540320681473037), (13, 8.871237559543175), (4, 17.979164931100936), (16, 14.666022361601636), (7, 17.195152639742197), (9, 12.396024451537833), (3, 23.019330644339995), (12, 5.538225487018417), (14, 7.465767298838258), (0, 18.337987280354653), (15, 2.4132164318065965), (18, 25.210833852183047), (6, 14.76584671824072), (5, 15.979666162285517), (21, 23.728996533844697), (8, 19.0105364591503), (2, 7.881388821738389), (17, 20.538901856844088), (1, 6.549632720491359)]
Atom 12: [(2, 12.203368589619032), (3, 24.011174735882566), (4, 15.526544414340925), (17, 18.903978065820557), (13, 13.768843785991907), (10, 8.131554374819052), (11, 5.470742534964908), (9, 14.742795351637087), (6, 17.975733054571293), (15, 6.666979962173098), (0, 15.96074675686329), (16, 10.076069951479294), (18, 26.59290970309116), (5, 17.619730814188028), (1, 10.64777858129514), (8, 20.426277812236382), (21, 22.900142633117284), (14, 12.690064723877494), (7, 19.602940290578573)]
Atom 13: [(10, 6.014373902925746), (9, 17.449947333923276), (17, 28.48690060441348), (16, 23.523309802331898), (7, 21.250989591921286), (8, 24.275390369739178), (11, 8.909997254056602), (5, 21.327811804072976), (6, 17.88142342554754), (15, 7.170407898282929), (1, 10.954270200096591), (3, 28.45946710238534), (12, 13.79512637170691), (14, 2.1901532718927603), (0, 26.742523390150122), (18, 30.002580915191334), (21, 30.960505275144133), (2, 11.016176009870303), (4, 26.454996955807804)]
Atom 14: [(7, 19.17733134989531), (9, 15.360147610755673), (15, 6.209262358494287), (5, 19.236652031321015), (12, 12.777506766719034), (3, 26.366988376592396), (10, 5.706558595256031), (21, 28.934620786266148), (4, 24.662210973756455), (13, 2.092531554069091), (11, 7.562319576059189), (18, 27.920144873476886), (1, 8.88811333707666), (17, 26.55991657464255), (8, 22.182912572552638), (6, 15.831963720821912), (0, 24.931823638412453), (2, 8.924282366371617), (16, 22.21871772479478)]
Atom 15: [(12, 6.747075864553615), (14, 6.138181484688908), (3, 25.13459090152573), (1, 8.118429062289977), (4, 20.30651716644236), (8, 21.081372624789743), (6, 16.302374518132613), (21, 26.053278162033745), (7, 18.974963671276686), (2, 9.167299473223915), (0, 20.63162644561539), (17, 22.89038670696452), (10, 2.1383918315971457), (11, 2.48928017811171), (18, 27.22535336140178), (13, 7.086479218214786), (5, 18.047862413563703), (9, 14.364497296838831), (16, 16.563037746045215)]
Atom 16: [(7, 21.25030255063855), (9, 17.23654457544882), (13, 23.488436613737747), (11, 14.575568324078334), (1, 16.957279744452567), (4, 9.00290887824711), (10, 18.04765610057951), (5, 18.225761037826015), (14, 22.120227599059408), (3, 22.31602923568758), (12, 9.986558305476969), (18, 25.300135923212828), (0, 9.626482770046195), (17, 13.222297552135238), (6, 21.29698744059244), (8, 20.061662554137325), (2, 18.467287443147637), (15, 16.47680711264811), (21, 18.090513553129462), (19, 20.299084877233113)]
Atom 17: [(6, 16.510585631755283), (8, 11.018753690821514), (9, 13.3729160627875), (16, 13.183003213253002), (4, 4.234160337697438), (11, 20.451751955052323), (14, 26.45044829673766), (18, 13.926976968259005), (3, 11.073168836091615), (0, 3.754727714873498), (2, 18.85533609897741), (15, 22.805732056895724), (12, 18.832443896337175), (7, 14.236995222714645), (5, 11.297085349601561), (21, 4.973099518862862), (1, 18.097159748074258), (10, 24.903984643507506), (13, 28.432872112905027), (20, 16.456423930927233), (19, 7.474278758584442)]
Atom 18: [(4, 17.43474245440639), (13, 29.940547013881673), (16, 25.308836708762467), (2, 19.055986435248002), (17, 13.98354047206656), (8, 6.241613250277185), (3, 3.0208848611627017), (7, 8.811977187475895), (5, 9.251370977307639), (10, 29.15976017801053), (11, 25.158920690264242), (12, 26.559185285486567), (21, 10.310097470011144), (9, 12.892498387227354), (14, 27.828813538317974), (15, 27.168605752097452), (1, 19.523008804598696), (0, 17.023193368588316), (6, 12.327935117086708)]
Atom 19: [(11, 24.257057178917947), (4, 11.541221723782641), (1, 20.02313211069107), (13, 30.89717342856268), (15, 26.535879393066544), (9, 13.669270696359504), (16, 20.299084877233113), (18, 7.323091376733731), (14, 28.785029810404506), (12, 24.097772033070914), (7, 11.820242169116405), (21, 2.99492933446631), (8, 7.867632863685485), (0, 11.062768917531196), (6, 15.168571745591048), (2, 20.156344606042833), (5, 10.105259408218242), (3, 5.186337951025825), (10, 28.65254035284929), (17, 7.474278758584442)]
Atom 20: [(3, 5.478580691774858), (16, 27.59093914379981), (14, 28.60682938922811), (9, 14.192899231260776), (10, 30.35189031178235), (12, 28.29431895360608), (11, 26.53255420546539), (18, 2.6319925791459604), (5, 10.81434477499669), (6, 12.804523979379743), (7, 9.51719798839019), (4, 19.89898069185018), (13, 30.68983884704707), (8, 8.001156684149054), (0, 19.426726646334124), (17, 16.456423930927233), (1, 20.627378550214022), (21, 12.41026496699673), (2, 19.998494519259275), (15, 28.419698332890007)]
Atom 21: [(6, 16.41843448899338), (1, 20.130800970892544), (11, 23.649252308055143), (15, 25.974206712367863), (3, 7.808605819333766), (2, 20.494061248363963), (4, 9.111397745562979), (12, 22.83670479897572), (7, 13.369327283974087), (14, 28.82760154686208), (13, 30.90279667986784), (17, 4.879698694166764), (5, 11.111047693637216), (10, 28.100668818075395), (18, 10.22201213133847), (0, 8.58567269388048), (8, 9.53117436020546), (16, 18.055765925776143), (9, 14.25499234714771), (19, 2.99492933446631)]
New position of object Informational Sign:1: (15.865697201210384, -1.9451056563362723, 1.070775273710471)
New position of object Pedestrian:2: (-0.919488649717664, -0.0628321390519897, -0.09170430298659735)
New position of object Trash Can:1: (17.00554697605087, 1.5360041316524145, 0.23098639205882848)
New position of object Service Vehicle:1: (10.871535694560801, 16.78899322413161, 0.023770458452747556)
New position of object Pedestrian:1: (-1.7054840319418751, 1.3465976693162656, 0.08268669878683682)
New position of object Railing:2: (12.10603803874842, -10.78148745451512, 0.0318508415655524)
New position of object Railing:1: (15.625084263007668, -2.5067491018344867, 0.13304195700717247)
New position of object Bike:1: (18.037984425440566, 6.301287561676763, 0.0632441253065617)
New position of object Bollard:7: (16.85484941181171, 8.957067941719627, -0.3434671552889025)
New position of object Fence:1: (1.6452260428078276, 7.831220020054114, 0.4870773761716551)
New position of object Fence:2: (4.9521429286309235, 9.257198271026072, 0.5420864063834696)
New position of object Bollard:2: (3.8715717214626437, 4.416148534786454, -0.45147194620778114)
New position of object Fence:5: (-5.831293546393564, -8.571157520637254, 1.5787008933397755)
New position of object Fence:8: (-1.897145369323109, -6.50347196791107, 0.6397917607379466)
New position of object Fence:9: (2.153981139804703, -10.120371363427125, 1.3283681957638653)
New position of object Fence:6: (-10.677046142688571, -5.164099911513421, 0.802062904670859)
New position of object Fence:7: (-9.00986688526132, -3.8980316404351427, 0.7695183973795034)
New position of object Fence:4: (-4.022352019048974, -7.420891882055098, 1.5415207315624997)

After Updating position of all the atoms:
Atom 0: [(7, 15.579789629410971), (1, 16.935580339476715), (12, 15.887758167558317), (8, 13.005665110361843), (15, 20.545422363773568), (11, 18.251122709541608), (21, 8.597224197045897), (10, 22.597200317677743), (17, 3.7714997654913613), (2, 17.910145551388506), (16, 9.603121009933476), (5, 12.42572782501757), (4, 1.1122020548327163), (3, 13.99740996083964), (13, 26.65157950041153), (6, 17.18240455694861), (18, 16.988724385002456), (9, 13.574964369294126), (14, 24.83996485260696), (20, 19.416599318645407), (19, 11.03792973821933)]
Atom 1: [(11, 6.541941891511366), (4, 16.816147649235763), (18, 19.526639458180778), (17, 18.093382081120936), (16, 16.947819679289992), (15, 8.113227077020216), (7, 11.094957584938312), (0, 16.930350746818647), (9, 6.6376030655741625), (12, 10.638567131775758), (21, 20.12928092136845), (13, 10.954812680085661), (3, 17.70523170969943), (8, 13.531103829877702), (5, 10.509514506319917), (2, 1.6356611710923286), (14, 8.889054998234382), (6, 8.349175724357064), (10, 9.915980451193215), (20, 20.567586333333697), (19, 19.933616719663167)]
Atom 2: [(21, 20.4926234323965), (13, 11.013351460437937), (5, 10.331878550424115), (0, 17.904134710850695), (16, 18.456593368687955), (15, 9.158297131055601), (18, 19.06058768854936), (8, 13.264472879919133), (3, 17.45157616102676), (11, 7.870478805198953), (14, 8.921460839580616), (12, 12.191827959712047), (9, 6.472155856935254), (6, 7.354613486334903), (10, 10.806573933504598), (17, 18.712577294137365), (4, 17.842802484536563), (1, 1.6231738499292991), (7, 10.422301693669558), (19, 20.06456683852898)]
Atom 3: [(16, 22.436670779688285), (6, 9.88160367805856), (14, 25.12501260141206), (13, 27.25856038311196), (11, 22.080783545618218), (10, 26.197219671810185), (15, 24.121173971482154), (8, 3.515910059614742), (9, 9.897614575097085), (12, 23.330478006047414), (2, 17.343652598479355), (7, 6.309154895690567), (17, 11.767117991468918), (5, 6.715817002429913), (1, 17.766054112031863), (0, 14.547105100028274), (18, 3.1876963302413572), (4, 14.99988195191659), (19, 6.221579282741895), (20, 5.2445413005614325), (21, 8.442253074760865)]
Atom 4: [(13, 26.36142917485925), (21, 9.144527221161015), (18, 17.423545642023967), (10, 22.249159851651935), (0, 1.1192326474674594), (8, 13.285013334877661), (14, 24.568695180905642), (11, 17.886521094412544), (5, 12.575151033916583), (6, 17.307778767732383), (1, 16.72561310884722), (9, 13.567837520176626), (3, 14.413988161020159), (17, 4.273069636845271), (16, 8.992509147932036), (7, 15.822507456209854), (15, 20.21371355383857), (2, 17.753856325223506), (12, 15.441022332787991), (19, 11.539431721856843)]
Atom 5: [(2, 10.296557582650419), (6, 4.620872082802236), (10, 19.45174757376548), (7, 2.9497186052096307), (21, 11.963192187193172), (0, 13.122382439572975), (16, 18.521239207719887), (15, 17.486386107751656), (3, 7.203480077864477), (4, 13.238878447600863), (13, 20.593920367913313), (8, 3.198035633293314), (9, 3.1787023985971206), (12, 17.38091989414942), (11, 15.48700060056546), (17, 12.09926068877551), (18, 9.784842096202489), (1, 10.557352773172996), (14, 18.501957326613205), (20, 11.013985082317621), (19, 10.859972860205453)]
Atom 6: [(0, 17.266703418238237), (15, 16.269038631801607), (4, 17.390669409198548), (3, 11.46357002452968), (5, 5.6632711215412606), (10, 18.015976249991972), (16, 21.355764990889686), (7, 3.7016673177446098), (13, 17.813258639300678), (14, 15.765737626121666), (18, 12.412060437704625), (12, 17.980789820201068), (1, 8.32038515796433), (17, 16.602252402790214), (8, 7.6034310388105535), (21, 16.46945218709813), (2, 7.310343142197483), (11, 14.744111554440858), (9, 4.239848800299017)]
Atom 7: [(11, 17.147125831287646), (8, 4.272113381631269), (16, 21.28350255914605), (15, 18.918449979250624), (3, 7.903446075985051), (13, 21.16832185996421), (21, 13.424080815140309), (4, 15.889287330778748), (14, 19.095637454552442), (10, 20.808507584160935), (2, 10.349523985056377), (17, 14.317757201711812), (1, 11.033617489288089), (9, 5.043146592922154), (12, 19.581057385567963), (0, 15.648539614288953), (6, 3.6016856130694985), (18, 8.90197362588781), (5, 3.501801718855264)]
Atom 8: [(16, 20.239362900875594), (0, 13.497731217904777), (21, 10.044469439453827), (3, 4.192281634878054), (15, 20.567156981815316), (7, 3.3713454347973353), (9, 6.310571969911977), (5, 3.055926944317646), (4, 13.80921777809371), (2, 13.23298756692414), (6, 6.731395994557323), (17, 11.610785635452388), (18, 6.586263932683252), (13, 23.635638403482123), (12, 20.157762771425574), (11, 18.549389346684187), (1, 13.578718198466412), (10, 22.537694763731285), (14, 21.536909052696174), (20, 8.09100902492274), (19, 8.53333639036335)]
Atom 9: [(4, 13.653322864945352), (5, 3.9642290908145115), (18, 13.00611064034014), (8, 6.967221919451493), (14, 15.280326943836567), (2, 6.388350244806065), (3, 11.149385571805665), (12, 14.734876910760876), (16, 17.291852882528506), (17, 13.46336834356506), (15, 14.313630570340795), (1, 6.568482329581285), (11, 12.353881837536962), (0, 13.661692336843165), (21, 14.300557006089209), (13, 17.37042157985419), (10, 16.278540788100187), (6, 4.183324414970961), (7, 5.058710792535053)]
Atom 10: [(21, 28.164315415768765), (6, 18.059013706687395), (9, 16.338216388022662), (12, 8.226948702022815), (8, 23.172648977084616), (14, 5.654172312478014), (15, 2.223404418412192), (5, 20.13367951110926), (13, 5.936077602655534), (2, 10.845378307264985), (18, 29.28681594912116), (4, 22.343749191440764), (11, 4.62510886516284), (0, 22.691891927406445), (16, 18.139078474239057), (1, 9.965323961711006), (7, 20.861623667384844), (17, 25.00984478340555), (3, 27.255346848578082)]
Atom 11: [(2, 7.872146684838693), (0, 18.34347367333982), (3, 23.078432174413912), (12, 5.541787729404052), (15, 2.408600450764606), (4, 17.979408230526705), (7, 17.184906834349682), (5, 16.03290616456811), (18, 25.263285086319105), (10, 4.542509855067183), (9, 12.397865351525345), (16, 14.654697343340736), (6, 14.766689246224734), (21, 23.700288473361805), (13, 8.815909148817433), (17, 20.5453662826627), (14, 7.472957090144012), (1, 6.55535968179627), (8, 19.065235914690074)]
Atom 12: [(11, 5.474278467260823), (8, 20.45720225692487), (0, 15.965978856419616), (15, 6.664379332872462), (1, 10.612111839716844), (16, 10.057905758926461), (5, 17.64527495534864), (18, 26.62690632243905), (3, 24.050268461358517), (10, 8.138018297116702), (21, 22.88171718084518), (17, 18.911487098949888), (7, 19.594339830339806), (2, 12.16300014806099), (14, 12.698571267247708), (6, 17.978493685270976), (9, 14.745452149335167), (4, 15.519879771288434), (13, 13.71074717227494)]
Atom 13: [(2, 11.108357746381746), (0, 26.738574280844347), (4, 26.444492171950753), (6, 17.911335735238136), (9, 17.464672675784634), (5, 21.42294441649788), (14, 2.190633240734285), (1, 11.04679505270511), (8, 24.371477846435134), (16, 23.47801512583353), (3, 28.55636635985463), (10, 5.974322249580458), (7, 21.26765102394788), (18, 30.099558623649635), (12, 13.765060300942164), (21, 30.928206278860056), (11, 8.882955984341901), (17, 28.48760229205302), (15, 7.1494302000327465)]
Atom 14: [(3, 26.464327748941383), (11, 7.576011857407733), (7, 19.18461668569783), (4, 24.68241453826922), (9, 15.380112807908136), (21, 28.915587423737367), (0, 24.953924826068267), (6, 15.84885241117918), (17, 26.582334733210256), (1, 8.994702871645842), (15, 6.225491854275774), (18, 28.011469100586353), (8, 22.280311571219702), (5, 19.33609314455227), (16, 22.221781164594137), (2, 9.018419110174596), (13, 2.09367492423768), (10, 5.709309089070601), (12, 12.793018699753734)]
Atom 15: [(3, 25.19716819266984), (21, 26.02195139597825), (5, 18.106735635904467), (2, 9.18503930521107), (11, 2.4842056556838), (7, 18.965735411277393), (14, 6.154822209183607), (6, 16.305220309809677), (1, 8.150842182487581), (0, 20.633476145897454), (18, 27.282466160267155), (10, 2.144006262370606), (4, 20.30158526273855), (17, 22.893580379737653), (13, 7.065752738049647), (16, 16.543810674535024), (12, 6.743864972181857), (9, 14.36668290401787), (8, 21.140910044199714)]
Atom 16: [(8, 20.056273649791645), (15, 16.458205616906902), (10, 18.04328305720076), (4, 9.036186475304625), (5, 18.206086070490397), (11, 14.563657582306243), (1, 16.869178496814644), (7, 21.253686769707905), (18, 25.320295625452296), (6, 21.304052370205838), (21, 18.104576159924758), (0, 9.658987745968947), (17, 13.257655968137236), (3, 22.329405903289345), (13, 23.41865151389834), (2, 18.380728357832957), (12, 9.968478109138983), (14, 22.117068010531693), (9, 17.24253014880001), (19, 20.305236816790043)]
Atom 17: [(4, 4.236990782253991), (7, 14.2316164358834), (21, 4.883344840891789), (6, 16.507595903597018), (13, 28.397544310912814), (11, 20.457689252764226), (8, 10.935718031056789), (10, 24.919320247422775), (18, 13.931044205880816), (15, 22.80914012689929), (1, 17.999091890711043), (5, 11.203077590700042), (0, 3.7580085458897323), (3, 11.015611218923512), (16, 13.205127728160214), (2, 18.716708106349), (12, 18.840017241539247), (14, 26.469382087040657), (9, 13.367758825684431), (20, 16.441493517922176), (19, 7.444789769161874)]
Atom 18: [(4, 17.43474245440639), (13, 29.940547013881673), (16, 25.308836708762467), (2, 19.055986435248002), (17, 13.98354047206656), (8, 6.241613250277185), (3, 3.0208848611627017), (7, 8.811977187475895), (5, 9.251370977307639), (10, 29.15976017801053), (11, 25.158920690264242), (12, 26.559185285486567), (21, 10.310097470011144), (9, 12.892498387227354), (14, 27.828813538317974), (15, 27.168605752097452), (1, 19.523008804598696), (0, 17.023193368588316), (6, 12.327935117086708), (20, 2.5979222123778034), (19, 7.365610327494164)]
Atom 19: [(12, 24.086976150162588), (6, 15.172716789571664), (16, 20.305236816790043), (21, 2.93570978696103), (10, 28.654205680981818), (5, 10.010631432686244), (0, 11.03792973821933), (14, 28.798976811497386), (3, 5.108967290353892), (2, 20.06456683852898), (15, 26.528014944245808), (1, 19.933616719663167), (9, 13.664237424917989), (18, 7.365610327494164), (13, 30.867415060496462), (8, 7.772811137696091), (17, 7.444789769161874), (4, 11.539431721856843), (11, 24.25010021727412), (7, 11.832549362475994)]
Atom 20: [(15, 28.413227740322405), (5, 10.772692399942096), (8, 7.972675049247908), (14, 28.616253669465994), (2, 19.910056993785318), (13, 30.673736804066774), (1, 20.567586333333697), (11, 26.52419175679568), (6, 12.79682081813557), (0, 19.416599318645407), (17, 16.441493517922176), (4, 19.887771387526335), (21, 12.811333765769183), (3, 5.505181898735458), (12, 28.287972293051443), (10, 30.349971877405448), (9, 14.179335508496411), (7, 9.522526777275049), (18, 2.5979222123778034), (16, 27.591032308684813)]
Atom 21: [(13, 30.833464794412766), (2, 20.35568413664297), (4, 9.13282370337549), (14, 28.806160945416046), (1, 19.997795227874086), (7, 13.321471894420077), (5, 10.961636261243559), (17, 4.8787283920528015), (8, 9.380617709591471), (18, 10.198157118911293), (9, 14.204693831521844), (0, 8.587022295630144), (16, 18.083422677322), (15, 25.943053698783054), (10, 28.079810199535206), (3, 7.679673636482461), (11, 23.620162659576177), (6, 16.368253340237363), (12, 22.818461575938795), (19, 2.93570978696103)]
New position of object Informational Sign:1: (15.767950674287825, -1.930132446137419, 1.0816479950379587)
New position of object Pedestrian:2: (-0.9168837538258785, -0.08167548374353473, -0.0927562618777876)
New position of object Trash Can:1: (16.915825565975297, 1.5708882500233141, 0.23947968840302553)
New position of object Service Vehicle:1: (10.771762118546349, 16.81358626273667, 0.04374041476291102)
New position of object Pedestrian:1: (-1.7095532715129877, 1.3369917944650593, 0.07065061799851557)
New position of object Railing:2: (12.019375442890599, -10.714550681582866, 0.0322326492867005)
New position of object Railing:1: (15.482167051813995, -2.5417530021042385, 0.14996865035601892)
New position of object Bike:1: (17.741724419888158, 6.383434691133015, 0.0647777609724775)
New position of object Bollard:7: (16.72759404161831, 8.978495514316641, -0.3131735483688862)
New position of object Bollard:1: (5.934177501753361, 6.765228420168567, -0.5093667449140862)
New position of object Fence:1: (1.5428607323057797, 7.834409163330646, 0.4982041737856768)
New position of object Fence:2: (4.847076366433058, 9.253303440121734, 0.5575498918010293)
New position of object Bollard:2: (3.772401126685093, 4.419102787337838, -0.44850175464363906)
New position of object Fence:5: (-5.92616695491461, -8.575681947937953, 1.5468440913743073)
New position of object Fence:8: (-1.9938414812447114, -6.503276365175738, 0.6373817894215348)
New position of object Fence:9: (2.0619940696725934, -10.121480299731312, 1.3232728272718264)
New position of object Fence:6: (-10.807327091881632, -5.127337861967723, 0.7929948264642528)
New position of object Fence:7: (-9.124850009441737, -3.898745020414779, 0.7638390325955524)
New position of object Fence:4: (-4.112671087141017, -7.4273250021930295, 1.5310886958823544)

After Updating position of all the atoms:
Atom 0: [(6, 17.17815086691971), (4, 1.1192635947299487), (16, 9.636294085284804), (2, 17.806060888186398), (18, 16.95348356983094), (9, 13.570172115058208), (5, 12.34791170892832), (12, 15.88965232047472), (8, 12.943616449339146), (7, 15.570137843774953), (11, 18.252843327635432), (14, 24.857801494479634), (10, 22.602602207013337), (13, 26.643471433725708), (21, 8.59921362790227), (3, 13.960639057386981), (1, 16.832533892569046), (15, 20.54302808280248), (17, 3.777482302382528), (20, 19.425914219596233), (19, 11.039230340472717)]
Atom 1: [(0, 16.827944568308176), (17, 17.998200463137305), (2, 1.6409249924487042), (21, 20.001339481478997), (16, 16.855206766919295), (13, 11.04049406782979), (18, 19.538978009906568), (9, 6.579392349044873), (12, 10.593640586871746), (7, 11.048215350017374), (14, 8.989130540180948), (6, 8.337537340956327), (10, 9.950703386482498), (11, 6.537354933329073), (5, 10.51964396017808), (3, 17.715596594068874), (4, 16.720307196901505), (15, 8.135040982001339), (8, 13.541827911809238), (20, 20.544900660614925), (19, 19.835898743646528)]
Atom 2: [(4, 17.755784837913566), (12, 12.15647655304287), (16, 18.377421146145206), (9, 6.3955276866523905), (15, 9.176765412117605), (5, 10.339618113875648), (13, 11.100229083096545), (18, 19.06980033788421), (0, 17.808968546083626), (17, 18.62761250528078), (11, 7.863331637712656), (6, 7.32140394588053), (1, 1.633292263779206), (21, 20.361962882126363), (10, 10.836714510260567), (14, 9.010464216459132), (3, 17.460099905106084), (7, 10.36002502877966), (8, 13.272813613817428), (19, 19.961670800243596)]
Atom 3: [(16, 22.436670779688285), (6, 9.88160367805856), (14, 25.12501260141206), (13, 27.25856038311196), (11, 22.080783545618218), (10, 26.197219671810185), (15, 24.121173971482154), (8, 3.515910059614742), (9, 9.897614575097085), (12, 23.330478006047414), (2, 17.343652598479355), (7, 6.309154895690567), (17, 11.767117991468918), (5, 6.715817002429913), (1, 17.766054112031863), (0, 14.547105100028274), (18, 3.1876963302413572), (4, 14.99988195191659), (19, 6.221579282741895), (20, 5.2445413005614325), (21, 8.442253074760865)]
Atom 4: [(8, 13.246671560953304), (0, 1.1505556851636491), (21, 9.20538375100423), (6, 17.29662244769662), (9, 13.549171506532696), (3, 14.418092235782687), (5, 12.50552714285157), (15, 20.153626909075584), (18, 17.429663923583902), (12, 15.377406200665988), (7, 15.819305152727562), (1, 16.584322841325797), (10, 22.195913978514014), (2, 17.62402338351446), (13, 26.298409936443598), (17, 4.356283625966143), (16, 8.876903142564377), (14, 24.5373808710033), (11, 17.83187158082371), (19, 11.596625154038147)]
Atom 5: [(13, 20.492961551141107), (0, 13.222848532252375), (15, 17.452353101199257), (21, 11.82766133219603), (14, 18.402856435029605), (16, 18.516631479095913), (3, 8.076647685513514), (6, 4.530380071767037), (1, 9.694879973041518), (10, 19.44199241775526), (9, 3.1266388855307166), (8, 3.8846842354707563), (11, 15.450197188734599), (18, 9.883345625528978), (2, 9.393018318947751), (7, 2.8774744776911754), (12, 17.400880273677117), (17, 12.171217481842389), (4, 13.34985883094103)]
Atom 6: [(16, 21.308176864081027), (21, 16.269492006303338), (5, 4.630551758418173), (7, 3.694517504288498), (1, 8.310473711721745), (17, 16.60200832333289), (9, 4.243734832498504), (3, 11.560011786443283), (0, 17.263831075200816), (18, 12.497135994406278), (2, 7.278559703714662), (12, 17.984348312348956), (13, 17.84319736848396), (14, 15.782390148274633), (4, 17.380744228377058), (11, 14.745457753411394), (10, 18.019107711236547), (15, 16.27219445535605), (8, 7.70457759909357)]
Atom 7: [(15, 18.91200010947544), (11, 17.139640072219702), (4, 15.886932769730937), (16, 21.223407607476982), (8, 4.377408805354777), (2, 10.290503057828678), (21, 13.219338842461706), (10, 20.803406978298664), (9, 5.036645903788224), (13, 21.18772488247429), (0, 15.639994011886573), (12, 19.575142353277446), (3, 8.006286123099313), (18, 8.990019095305946), (17, 14.309974809509484), (14, 19.105429106123776), (6, 3.5964738063509363), (5, 2.917296229906921), (1, 10.990357859071594)]
Atom 8: [(16, 20.239362900875594), (0, 13.497731217904777), (21, 10.044469439453827), (3, 4.192281634878054), (15, 20.567156981815316), (7, 3.3713454347973353), (9, 6.310571969911977), (5, 3.055926944317646), (4, 13.80921777809371), (2, 13.23298756692414), (6, 6.731395994557323), (17, 11.610785635452388), (18, 6.586263932683252), (13, 23.635638403482123), (12, 20.157762771425574), (11, 18.549389346684187), (1, 13.578718198466412), (10, 22.537694763731285), (14, 21.536909052696174), (20, 8.09100902492274), (19, 8.53333639036335)]
Atom 9: [(1, 6.509451020758221), (12, 14.736785899759745), (0, 13.658233972788956), (15, 14.314462611980597), (4, 13.63562606440862), (5, 3.1908129258653366), (6, 4.187053871995129), (3, 11.223991424057262), (13, 17.38356155466441), (21, 14.116091844396749), (17, 13.466077770007024), (16, 17.241553243737965), (14, 15.298518676970316), (2, 6.310368561528755), (8, 7.039819455379953), (10, 16.281503764046594), (18, 13.066386587860967), (11, 12.354383008876697), (7, 5.053371422883698)]
Atom 10: [(15, 2.226674593299724), (9, 16.33732102257902), (21, 28.03820203505396), (4, 22.286236211274943), (13, 5.896138063524779), (6, 18.06037404234369), (17, 25.02835813210093), (0, 22.69393036251323), (12, 8.22937362986292), (2, 10.872905722446655), (16, 18.135911866561628), (14, 5.65631089087631), (5, 19.499725755926995), (3, 27.32001066918284), (7, 20.854596487151632), (8, 23.234404938590853), (11, 4.620585792840354), (18, 29.346136528920216), (1, 9.996467041953908)]
Atom 11: [(13, 8.787408983100974), (7, 17.17772794321944), (5, 15.499088245264087), (18, 25.316506008743048), (12, 5.546645016207034), (0, 18.34645138281589), (16, 14.644838183220344), (14, 7.485277057581621), (2, 7.865863514067116), (3, 23.138394376348266), (4, 17.926017772272672), (8, 19.12079143124669), (1, 6.552091070872959), (10, 4.537088296364798), (15, 2.4029857397613696), (6, 14.76810276475514), (9, 12.39867183354894), (21, 23.577272078426393), (17, 20.565163946636694)]
Atom 12: [(15, 6.660336123406657), (10, 8.139422166792526), (17, 18.934687744763693), (4, 15.457359136300068), (5, 17.42163321057946), (1, 10.56771177747483), (16, 10.058228523488134), (11, 5.478288806180399), (14, 12.713145251624823), (8, 20.489126412061164), (13, 13.67956233324224), (18, 26.66188838678116), (2, 12.128075464781944), (6, 17.982330330483602), (21, 22.800218695070207), (3, 24.09040116487525), (9, 14.747651812467003), (7, 19.58890655395825), (0, 15.969026540955)]
Atom 13: [(0, 26.768467110983455), (16, 23.51284871709238), (12, 13.814560456490794), (1, 11.138408021293596), (17, 28.526230128537158), (2, 11.183864607063402), (18, 30.17367026440036), (15, 7.201150450630972), (5, 20.576862114917073), (9, 17.471242593441573), (10, 6.023710644790901), (4, 26.424160044590298), (8, 24.455434034846203), (14, 2.1777529987133097), (21, 30.790851353695558), (6, 17.905890839872914), (3, 28.640159140209217), (11, 8.921600237110606), (7, 21.258377788822802)]
Atom 14: [(9, 15.394656514702222), (2, 9.103849509100883), (12, 12.813308744328758), (13, 2.083511354316725), (18, 28.09820916878974), (6, 15.859934471723175), (16, 22.227656752117795), (0, 24.972544201264288), (11, 7.592816183038557), (3, 26.557794093606393), (10, 5.720000806767602), (4, 24.652049668067768), (15, 6.248663303606064), (5, 18.496369699924408), (7, 19.189415326444326), (1, 9.092551094144376), (8, 22.37387843556902), (17, 26.61406818318174), (21, 28.77541881274313)]
Atom 15: [(3, 25.260295966572766), (14, 6.17749838387478), (11, 2.4783092658205463), (8, 21.20100798904122), (12, 6.7400408011575115), (10, 2.146564503982961), (7, 18.959647081774477), (2, 9.204406744994758), (16, 16.531646843637855), (4, 20.24188696836469), (9, 14.367706620808885), (13, 7.117102108799897), (5, 17.508032374331293), (17, 22.909250687237407), (0, 20.63153519646385), (6, 16.308660899530494), (21, 25.894048622073228), (18, 27.340141849945468), (1, 8.173646430725874)]
Atom 16: [(7, 21.19142473950893), (3, 22.26400683961784), (9, 17.191821729963838), (2, 18.26813169531801), (21, 18.048915948534223), (11, 14.552383431019965), (5, 18.11806665644316), (6, 21.255010477967527), (17, 13.22687358695559), (18, 25.253321783606705), (0, 9.608282498374487), (1, 16.74575943949311), (15, 16.44576415877817), (4, 8.965450651501747), (8, 19.97722393519021), (12, 9.967899536628835), (13, 23.3779317982454), (14, 22.118715039730645), (10, 18.04527865224708), (19, 20.25099247663226)]
Atom 17: [(11, 20.476411260194034), (2, 18.623320365812024), (1, 17.912198896432123), (14, 26.50153872659799), (10, 24.94165258683199), (9, 13.368824877658653), (7, 14.223242767098842), (18, 13.86719058625622), (15, 22.824432115689643), (12, 18.86221833170806), (5, 11.108233996655596), (3, 10.947585073443618), (16, 13.257388556619198), (13, 28.40850461643571), (0, 3.7794192858973275), (21, 4.864871748285637), (8, 10.847452142990425), (4, 4.278372175853471), (6, 16.505885867859618), (20, 16.435561207821696), (19, 7.430578852881348)]
Atom 18: [(4, 17.43474245440639), (13, 29.940547013881673), (16, 25.308836708762467), (2, 19.055986435248002), (17, 13.98354047206656), (8, 6.241613250277185), (3, 3.0208848611627017), (7, 8.811977187475895), (5, 9.251370977307639), (10, 29.15976017801053), (11, 25.158920690264242), (12, 26.559185285486567), (21, 10.310097470011144), (9, 12.892498387227354), (14, 27.828813538317974), (15, 27.168605752097452), (1, 19.523008804598696), (0, 17.023193368588316), (6, 12.327935117086708), (20, 2.5979222123778034), (19, 7.365610327494164)]
Atom 19: [(5, 9.892219652119415), (15, 26.51301679117049), (11, 24.23799451535939), (2, 19.961670800243596), (14, 28.79920256498614), (3, 4.98955909593908), (10, 28.64389847347971), (21, 2.8116984710998216), (18, 7.2675052901581125), (13, 30.858889502965358), (17, 7.430578852881348), (4, 11.596625154038147), (8, 7.646156152834914), (9, 13.642266904910406), (6, 15.147094343586359), (16, 20.25099247663226), (1, 19.835898743646528), (0, 11.039230340472717), (7, 11.809758411210465), (12, 24.080107315446423)]
Atom 20: [(11, 26.543204378421436), (17, 16.435561207821696), (6, 12.813005569373288), (14, 28.649794342914976), (5, 10.762323632581976), (15, 28.43271161785277), (7, 9.550670956758184), (1, 20.544900660614925), (9, 14.19698295472907), (3, 5.559792595152762), (10, 30.37108457120732), (13, 30.718807242465374), (18, 2.6695541315759543), (4, 19.920794893850616), (2, 19.872365849639277), (0, 19.425914219596233), (16, 27.627314872309658), (8, 7.976266581354744), (21, 12.77915454903954), (12, 28.30820536419198)]
Atom 21: [(4, 9.207162013713342), (2, 20.095243821058254), (18, 9.959684410438093), (12, 22.736534820399065), (10, 27.957449231102924), (14, 28.667975977552413), (5, 10.663284357351802), (1, 19.747559989067913), (3, 7.409541623439363), (8, 9.074000882087145), (15, 25.815019372069294), (7, 13.11715424082577), (16, 18.03018138578883), (17, 4.886024245557954), (11, 23.496557427343184), (13, 30.684127249619024), (9, 14.018482958535746), (6, 16.16699351540002), (0, 8.604952435525282), (19, 2.8116984710998216)]
New position of object Informational Sign:1: (15.66575802659787, -1.9169028804134847, 1.1053753788081826)
New position of object Pedestrian:2: (-0.9172126839442747, -0.10194903090176055, -0.08978672911680774)
New position of object Trash Can:1: (16.830467806923387, 1.609602316885069, 0.25004993930122366)
New position of object Service Vehicle:1: (10.656671025940923, 16.78721422387548, 0.08317377331823539)
New position of object Pedestrian:1: (-1.7001527164793409, 1.3306066366648537, 0.07262417537149046)
New position of object Railing:2: (11.883813788325334, -10.752770671689435, 0.05070584060829614)
New position of object Railing:1: (15.40478754482907, -2.5486032880069605, 0.1618795380081604)
New position of object Bike:1: (17.8375962503805, 6.316014935085958, 0.11901657294270018)
New position of object Bollard:7: (16.640020690074408, 8.966727800855566, -0.3076449211979728)
New position of object Bollard:1: (5.829058231555088, 6.785171360729523, -0.5055239540483373)
New position of object Fence:1: (1.4397196043238054, 7.837867058669343, 0.5108956784031278)
New position of object Fence:2: (4.743948129028389, 9.25212086540049, 0.5734294091577036)
New position of object Bollard:3: (8.045362088250734, 9.047723209583769, -0.48568268483139615)
New position of object Bollard:2: (3.672921707047699, 4.420765773958919, -0.4437943402608361)
New position of object Fence:5: (-6.0211941686577894, -8.579457439138926, 1.5062957216397552)
New position of object Fence:8: (-2.093180194564823, -6.50251550122033, 0.6317527923046831)
New position of object Fence:9: (1.9666753144663183, -10.123829976466569, 1.312623740070046)
New position of object Fence:6: (-10.918844146923476, -5.108949627342904, 0.7785259803118624)
New position of object Fence:7: (-9.23831408710571, -3.8863329286097095, 0.7561048408807484)
New position of object Fence:4: (-4.2049513155754, -7.433533163423673, 1.5164011775330124)

After Updating position of all the atoms:
Atom 0: [(21, 8.619053525181432), (3, 13.926601806249481), (2, 17.70762345974452), (8, 12.88286264526084), (16, 9.583650040465217), (17, 3.8048825434198306), (4, 1.1562635241893215), (18, 16.92071811844184), (1, 16.726852287377806), (5, 13.1411740555478), (12, 15.887887327249215), (10, 22.599678265443064), (11, 18.25144636785894), (6, 17.173030350867045), (7, 15.560125156036696), (15, 20.536120422215237), (9, 13.565081655351147), (14, 24.87204439004202), (13, 26.668871556001967), (20, 19.39019972443223), (19, 11.01813191570762)]
Atom 1: [(7, 11.00758019519606), (3, 17.72921619254655), (11, 6.531837051094663), (18, 19.554428028305935), (2, 1.6504830953286014), (14, 9.08348210731657), (10, 9.978593732611628), (8, 13.555826117679), (17, 17.9143533002242), (21, 19.754493819088477), (12, 10.548147564276427), (16, 16.733126273596046), (15, 8.154711807948726), (4, 16.581609746266512), (5, 9.709568528560839), (0, 16.724753735908216), (6, 8.329674417550553), (13, 11.12871058031283), (9, 6.523884096578663), (20, 20.475071059995525), (19, 19.762206491696833)]
Atom 2: [(13, 11.187698875388035), (0, 17.69711131931533), (10, 10.870467985585021), (12, 12.118917678152169), (3, 17.456274310762637), (18, 19.067501583779123), (17, 18.533569960308295), (14, 9.107690520893422), (21, 20.087750483810993), (5, 9.3891866123775), (1, 1.6406060273935195), (8, 13.268965718836139), (9, 6.305491755128206), (7, 10.28933847504758), (11, 7.859702738634832), (6, 7.279952051347298), (15, 9.20047445718301), (16, 18.256858963481662), (4, 17.613439867319006), (19, 19.870000291959446)]
Atom 3: [(16, 22.436670779688285), (6, 9.88160367805856), (14, 25.12501260141206), (13, 27.25856038311196), (11, 22.080783545618218), (10, 26.197219671810185), (15, 24.121173971482154), (8, 3.515910059614742), (9, 9.897614575097085), (12, 23.330478006047414), (2, 17.343652598479355), (7, 6.309154895690567), (17, 11.767117991468918), (5, 6.715817002429913), (1, 17.766054112031863), (0, 14.547105100028274), (18, 3.1876963302413572), (4, 14.99988195191659), (19, 6.221579282741895), (20, 5.2445413005614325), (21, 8.442253074760865)]
Atom 4: [(21, 9.233201241926515), (13, 26.346216658911903), (9, 13.573279156336415), (12, 15.385949380123673), (6, 17.322617492198308), (10, 22.209309396224175), (1, 16.50627591044984), (15, 20.164519600851907), (7, 15.840038597640728), (18, 17.421740292799903), (0, 1.1650473805452481), (5, 13.300018317602397), (16, 8.928492495626623), (17, 4.396704684413656), (11, 17.84874879439228), (2, 17.539532989859254), (3, 14.409239551497352), (8, 13.216087942457243), (14, 24.57413999460827), (19, 11.59090610034562)]
Atom 5: [(8, 3.9590355356347198), (16, 18.56202756083482), (21, 12.033916402034386), (13, 20.502764292505816), (1, 9.649737612719314), (11, 15.462433069187277), (18, 9.933120535513321), (15, 17.463700232143424), (4, 13.388777707307701), (10, 19.45130710643591), (0, 13.231846266366496), (3, 8.150013789879734), (6, 4.525467834775034), (17, 12.1814785424807), (9, 3.135501630079139), (12, 17.417523946740232), (7, 2.8611344509621395), (14, 18.422180199729286), (2, 9.315339451064776)]
Atom 6: [(4, 17.407575968858225), (14, 15.79310528551721), (7, 3.689948084981476), (21, 16.473007060601997), (13, 17.83721590782836), (2, 7.238461045077289), (9, 4.248505109121953), (10, 18.020379155561795), (15, 16.275623639006714), (17, 16.60525375985513), (12, 17.98847797013193), (3, 11.65734710820088), (16, 21.32844788615767), (18, 12.58311720943326), (1, 8.30401280721536), (11, 14.746990715664877), (0, 17.259464414362505), (8, 7.806697878137976), (5, 4.626831603397553)]
Atom 7: [(8, 4.4811026962582865), (10, 20.79974627728475), (3, 8.106661221634333), (11, 17.135764956152226), (17, 14.303727555084022), (6, 3.5947114544573755), (16, 21.247272930252883), (18, 9.075366509523596), (5, 2.903006054622598), (12, 19.572725023199514), (1, 10.95386785666657), (15, 18.909276287041074), (13, 21.181576977672197), (14, 19.113479305899016), (4, 15.90848707108085), (2, 10.223875452357696), (0, 15.630610653068885), (21, 13.426497316334322), (9, 5.034511954915891)]
Atom 8: [(1, 12.814093111229099), (10, 22.581390529508344), (17, 11.534514614706113), (3, 5.059445983908206), (4, 13.749737020107222), (6, 6.789067164598755), (15, 20.574555914438648), (16, 20.176247967507898), (7, 3.4731586430057444), (5, 3.167260224535063), (12, 20.16262324381552), (14, 21.540392931244966), (18, 6.7886596310558955), (13, 23.62183866431205), (21, 10.184092555318495), (2, 12.443498445348174), (9, 6.299500362240301), (11, 18.544014395412592), (0, 13.447115873394509)]
Atom 9: [(21, 14.30198344375052), (2, 6.219782981571811), (18, 13.128336197356521), (11, 12.353778511579792), (15, 14.31407954439636), (17, 13.472382092155133), (13, 17.388891159709363), (4, 13.65926872143623), (10, 16.279213675534656), (6, 4.192279314801992), (12, 14.737521334851046), (16, 17.25976498874438), (3, 11.300036241181921), (1, 6.4536504648316), (5, 3.2004919990972014), (0, 13.65262223086161), (8, 6.366217450862788), (7, 5.052111813149059), (14, 15.311943022631516)]
Atom 10: [(18, 29.404587965658838), (4, 22.299133370014843), (17, 25.051817243938487), (16, 18.095064029954944), (13, 5.944156466725457), (8, 22.639644001691448), (21, 28.16099289704288), (6, 18.06058136495826), (1, 10.02328563883337), (11, 4.613578756486032), (5, 19.507632314404116), (2, 10.905786689668943), (14, 5.665067542398523), (15, 2.2294582742264906), (3, 27.383808077263048), (9, 16.33354026080986), (7, 20.85002909056284), (12, 8.230994106347968), (0, 22.690841013250118)]
Atom 11: [(2, 7.862881013714426), (6, 14.769649941517091), (5, 15.511862628946947), (0, 18.347535207913417), (13, 8.823461264214654), (9, 12.398500175054686), (1, 6.547577415195223), (12, 5.5534295113743495), (8, 18.597005824298478), (4, 17.94528009460344), (14, 7.499429836796907), (7, 17.17434983848744), (21, 23.70260472343796), (15, 2.396334940226727), (16, 14.620487179705153), (18, 25.370843104011747), (10, 4.528554618131998), (3, 23.199666287750745), (17, 20.592634757287442)]
Atom 12: [(6, 17.98730137033697), (10, 8.138098933407136), (5, 17.439552432821962), (16, 10.016867708659435), (2, 12.09079587344138), (8, 20.19239437157417), (15, 6.654120429022612), (3, 24.13296505918664), (9, 14.7492897038605), (4, 15.469037847130465), (18, 26.69916665021013), (17, 18.966676665235017), (21, 22.881855915536143), (14, 12.73085941231439), (7, 19.587933111275607), (11, 5.482693729395192), (13, 13.726255320934676), (0, 15.97064405078886), (1, 10.522436162720899)]
Atom 13: [(16, 23.501992405928746), (10, 6.04657329218257), (7, 21.251011086079213), (21, 30.94992136072174), (9, 17.470809177969212), (17, 28.555954564068074), (11, 8.93621353893899), (5, 20.58181557569408), (14, 2.1640762145502475), (12, 13.837300933450155), (15, 7.2294679430291975), (1, 11.218585198471901), (4, 26.455041327792244), (2, 11.26722920354795), (8, 23.699171451572333), (18, 30.245653192562177), (3, 28.719482155181314), (6, 17.90044095192485), (0, 26.777547790794365)]
Atom 14: [(6, 15.859930529178902), (7, 19.18739156559399), (0, 24.98426409698614), (8, 21.623073476717842), (4, 24.686536459045602), (1, 9.180295343567076), (16, 22.22138251808911), (18, 28.17533079589124), (10, 5.739169330014443), (17, 26.646628027286), (2, 9.192795064476078), (15, 6.277853216170326), (12, 12.836193758140276), (21, 28.941297552055133), (3, 26.642496337380596), (9, 15.399599236062926), (11, 7.610046847921048), (13, 2.07833480976135), (5, 18.506712825424334)]
Atom 15: [(14, 6.2044678107971825), (6, 16.31223515788314), (13, 7.143143941831146), (17, 22.93187306856938), (8, 20.63274896655074), (9, 14.367590372967275), (18, 27.398667363369288), (7, 18.9574008607509), (0, 20.626372479129106), (5, 17.519734221009195), (16, 16.492845813426353), (3, 25.324378691049162), (21, 26.016853380910696), (4, 20.254360689316684), (10, 2.147552715833815), (2, 9.228686498603139), (11, 2.4716338564512212), (12, 6.735591840879896), (1, 8.193972833347381)]
Atom 16: [(7, 21.213570321946506), (8, 19.996104995756017), (6, 21.274840048385176), (21, 18.109799811790975), (2, 18.18055647094185), (17, 13.316808550025508), (3, 22.30566813460606), (5, 18.509244863739998), (14, 22.109956606593634), (15, 16.405415284898627), (0, 9.66891874415735), (11, 14.52555356298112), (4, 8.965423051061162), (18, 25.292434982772733), (10, 18.004820439289826), (12, 9.92401616559489), (1, 16.653108374407655), (9, 17.211332541302866), (13, 23.389834580018228), (19, 20.288137898028914)]
Atom 17: [(21, 4.863557333079614), (12, 18.89121285817852), (3, 10.878392556771823), (15, 22.84561626225557), (9, 13.37514010349563), (14, 26.538357005836804), (7, 14.216975539761393), (16, 13.231734626900966), (5, 12.078341634167543), (18, 13.801757746364201), (8, 10.759974126145739), (0, 3.811085066805436), (2, 18.542893037557086), (6, 16.508201927149624), (10, 24.965698794782327), (1, 17.8332571277161), (13, 28.452220633763375), (11, 20.501791303409714), (4, 4.365968641106611), (20, 16.386076941930295), (19, 7.380690282665397)]
Atom 18: [(4, 17.43474245440639), (13, 29.940547013881673), (16, 25.308836708762467), (2, 19.055986435248002), (17, 13.98354047206656), (8, 6.241613250277185), (3, 3.0208848611627017), (7, 8.811977187475895), (5, 9.251370977307639), (10, 29.15976017801053), (11, 25.158920690264242), (12, 26.559185285486567), (21, 10.310097470011144), (9, 12.892498387227354), (14, 27.828813538317974), (15, 27.168605752097452), (1, 19.523008804598696), (0, 17.023193368588316), (6, 12.327935117086708), (20, 2.5979222123778034), (19, 7.365610327494164)]
Atom 19: [(14, 28.818345388673315), (7, 11.828111577169281), (1, 19.762206491696833), (12, 24.073604660264905), (10, 28.642766872653418), (11, 24.23705683041008), (21, 2.939813931183626), (16, 20.288137898028914), (2, 19.870000291959446), (4, 11.59090610034562), (17, 7.380690282665397), (13, 30.874115291385365), (3, 4.921005860868806), (0, 11.01813191570762), (8, 7.558872821025584), (9, 13.648310047006547), (6, 15.160995252661506), (15, 26.510754885967156), (5, 10.931713936535695), (18, 7.220610379805792)]
Atom 20: [(14, 28.630067927354126), (4, 19.922320333593508), (13, 30.683133057960596), (1, 20.475071059995525), (18, 2.71261986038374), (12, 28.275150903417167), (0, 19.39019972443223), (16, 27.535552132492132), (9, 14.164957868608244), (10, 30.338248936308958), (7, 9.52555691322718), (8, 7.929833125487969), (15, 28.400243555417795), (11, 26.510178518792674), (17, 16.386076941930295), (2, 19.78972039526116), (3, 5.574621041733073), (21, 12.587173970922324), (6, 12.78227314501608), (5, 11.09473969056703)]
Atom 21: [(12, 22.814712509358674), (15, 25.936221322711116), (18, 10.072997949564627), (4, 9.192488872594412), (1, 19.823640393497257), (3, 7.529132100539668), (17, 4.814747883065129), (16, 18.07748970547876), (13, 30.853463390811253), (10, 28.08055856202993), (14, 28.839740381403857), (8, 9.188878980797377), (5, 11.92845489803725), (2, 20.16383105584232), (7, 13.325673794926772), (9, 14.203875056337473), (11, 23.619670921542248), (6, 16.36971929731862), (0, 8.57150632741759), (19, 2.939813931183626)]
New position of object Informational Sign:1: (15.574091280305794, -1.900278842330879, 1.131363739078467)
New position of object Pedestrian:2: (-0.9219918004005585, -0.11182738810567905, -0.07826833914565642)
New position of object Trash Can:1: (16.744860314964633, 1.6476958285877465, 0.2603020794696407)
New position of object Service Vehicle:1: (10.565899706118216, 16.813907440501275, 0.07622644829036773)
New position of object Pedestrian:1: (-1.7311138596853795, 1.3266140480801667, 0.09144397891002132)
New position of object Railing:2: (11.788707845648318, -10.679580962672992, 0.03657764429622351)
New position of object Bollard:4: (10.42505867851483, 11.612354134640588, -0.49269361312367227)
New position of object Railing:1: (15.313065809028643, -2.5264900749446433, 0.16535157008341245)
New position of object Bike:1: (17.646646620672556, 6.3062263437100885, 0.13785589382839147)
New position of object Bollard:7: (16.54060464486747, 9.019849779534063, -0.30240583901311224)
New position of object Bollard:1: (5.726664473200614, 6.788389990297704, -0.5033711937880736)
New position of object Fence:1: (1.3321912529200084, 7.84205047086679, 0.518550763782441)
New position of object Fence:2: (4.638376748735325, 9.256259031132412, 0.5826835875739919)
New position of object Bollard:3: (7.973673426734479, 9.029055499938696, -0.47320478309353314)
New position of object Bollard:2: (3.5718559673721053, 4.42222437517111, -0.43867792658021176)
New position of object Fence:5: (-6.115337672088657, -8.583192056764597, 1.4762442834885334)
New position of object Fence:8: (-2.1929948323238904, -6.501718959981739, 0.6259185969325115)
New position of object Fence:9: (1.8713612472143666, -10.12608178684418, 1.3017481038727114)
New position of object Fence:6: (-11.005401982475718, -5.125271231869489, 0.7514833041454787)
New position of object Fence:7: (-9.346194616695001, -3.862612107844928, 0.7472506627254241)
New position of object Fence:4: (-4.29682726377419, -7.440281830365931, 1.5007683813577024)

After Updating position of all the atoms:
Atom 0: [(6, 17.175474633275424), (11, 18.26369827634423), (2, 17.605654094710914), (18, 16.887663370815325), (13, 26.68886828327385), (3, 13.892628785511699), (5, 13.156067637063723), (4, 1.178510906963742), (1, 16.633950373195727), (12, 15.900359043464613), (17, 3.8307260071861804), (16, 9.651558477790182), (10, 22.6077056408169), (21, 8.582294854591902), (7, 15.555684190503216), (8, 13.384892652281865), (15, 20.54204671449723), (9, 13.56740819860147), (14, 24.8945915851426), (20, 19.40144494038313), (19, 11.056177115305776)]
Atom 1: [(5, 9.66063225859822), (15, 8.18096384945112), (14, 9.170838950455504), (0, 16.636782302307), (11, 6.535801926377205), (18, 19.56523886750434), (8, 12.82485046170181), (7, 10.964082822260247), (12, 10.512810009977516), (9, 6.464614464236552), (2, 1.6458793631568491), (4, 16.50936920591026), (10, 10.01066764688221), (21, 19.831243584388723), (13, 11.209031359484845), (3, 17.739566925135367), (6, 8.313990425533637), (17, 17.83874814079887), (16, 16.650374322510974), (20, 20.456686422615213), (19, 19.7073600495634)]
Atom 2: [(14, 9.163768084025023), (0, 17.634182594352115), (21, 20.194783901567018), (4, 17.56876169555316), (15, 9.21360699961152), (5, 9.343897511083348), (10, 10.887462827547713), (6, 7.2544152316085935), (12, 12.09452740477355), (17, 18.479535391081473), (8, 12.471089921511652), (9, 6.250108428466134), (11, 7.856099232088097), (16, 18.201083749729907), (7, 10.245603741314998), (1, 1.6590944949150845), (3, 17.484322113698013), (13, 11.238458494300163), (18, 19.09317541897731), (19, 19.829187850449554)]
Atom 3: [(5, 6.665214044488453), (2, 15.934559819248094), (21, 9.13077825394947), (14, 25.068247381558876), (1, 16.32126634967614), (11, 22.04811071557831), (17, 11.823760416784738), (9, 9.864719355857616), (13, 27.14369515333185), (18, 3.3398511683029577), (8, 3.49861927002466), (6, 9.797462040290089), (7, 6.243583623156841), (0, 14.551334955525038), (16, 22.339875503184786), (10, 26.118660871197967), (15, 24.1001966231728), (12, 23.393698288019838), (4, 15.025274730207853), (19, 6.645087714605001)]
Atom 4: [(21, 9.195939089276772), (9, 13.569391190657583), (0, 1.1804466591733989), (17, 4.413941443167286), (15, 20.170706467308385), (8, 13.682316182936116), (12, 15.400063189630963), (14, 24.596105724645348), (2, 17.47443659447446), (11, 17.860674909647), (13, 26.365852539493424), (10, 22.216822318349383), (6, 17.320768875528813), (16, 8.883162319892843), (18, 17.38271599490073), (1, 16.415451322850373), (5, 13.308024360928872), (7, 15.83061754134865), (3, 14.97439657395308), (19, 11.620826675515842)]
Atom 5: [(7, 2.862726109243138), (14, 18.42516139923285), (11, 15.462426907709116), (15, 17.463664300431716), (10, 19.447922212783922), (17, 12.182387817665012), (1, 9.591576645721048), (12, 17.420061431516764), (6, 4.528579878267761), (3, 6.733918041167773), (16, 18.497835652070584), (13, 20.500314816242984), (8, 3.2374771210246034), (9, 3.13481310141378), (2, 9.263004868568402), (0, 13.233938911190394), (21, 11.946950588164059), (18, 9.99502231467336), (4, 13.383320639375514)]
Atom 6: [(14, 15.790724880390203), (8, 6.894113013037657), (16, 21.274911710787396), (18, 12.672284676564631), (7, 3.692071933878248), (11, 14.74830692588358), (21, 16.391007848206158), (12, 17.994609808603844), (9, 4.2556217096274995), (0, 17.266158709438905), (4, 17.409659275075178), (17, 16.612859158897987), (5, 4.633132825577229), (10, 18.019817959636157), (15, 16.27879321818017), (13, 17.829297771512348), (1, 8.288649303411866), (2, 7.212292991689461), (3, 9.895354613470593)]
Atom 7: [(6, 3.596520735899574), (18, 9.159224891576079), (12, 19.576992902960352), (13, 21.176040612934475), (11, 17.136371886408007), (16, 21.18639145195272), (14, 19.113355197476224), (9, 5.036641283039964), (2, 10.18287761495372), (3, 6.3398192416655075), (8, 3.576652455097542), (10, 20.798853178121018), (21, 13.345997512180686), (5, 2.9076214956647406), (17, 14.302486084008775), (0, 15.631994100135698), (15, 18.91098736947095), (1, 10.91400930043433), (4, 15.904600876586882)]
Atom 8: [(7, 3.5058131191165915), (14, 21.553908568713666), (6, 6.81922616349514), (1, 12.761056954694627), (12, 20.15207760771166), (16, 20.08095408480781), (9, 6.303464486066942), (21, 10.067452715336362), (3, 3.5613342026823065), (11, 18.541633445846696), (13, 23.63000717634404), (2, 12.402795201824352), (17, 11.487219957132101), (18, 6.846192385815493), (0, 13.408629342939715), (10, 22.579514370031607), (4, 13.704198929184667), (15, 20.57411621410821), (5, 3.1734115988459917)]
Atom 9: [(15, 14.312933054877066), (6, 4.198522993103212), (0, 13.656234117583796), (21, 14.212022607558975), (13, 17.386927647505704), (11, 12.352667647387053), (7, 5.054556061090814), (18, 13.191924629123934), (5, 3.2009568309835625), (2, 6.163223305913455), (8, 6.371819368241342), (14, 15.3153546206502), (12, 14.738770629088183), (1, 6.393918065060222), (17, 13.480156721876607), (10, 16.274312993340565), (3, 9.93314003990759), (16, 17.199042040454376), (4, 13.656701383859117)]
Atom 10: [(2, 10.924438079664474), (11, 4.606531404590049), (18, 29.463414421692562), (5, 19.504805225289402), (13, 5.969157875509888), (3, 26.178646142322815), (6, 18.06021749752861), (21, 28.07343871554395), (17, 25.074653225387564), (0, 22.698273059916517), (9, 16.32940612046522), (7, 20.84914481889823), (4, 22.306468890261417), (16, 18.083758801145756), (14, 5.686129454671614), (1, 10.057403749791069), (12, 8.229171938700482), (15, 2.230000936844909), (8, 22.638282828089245)]
Atom 11: [(3, 22.103986331795372), (5, 15.512037095665558), (12, 5.5582468368587215), (13, 8.837620816062385), (6, 14.770991377444416), (18, 25.425681308601565), (7, 17.175080125372798), (21, 23.619759547632526), (2, 7.860139619326577), (4, 17.957636978549438), (17, 20.620111406432294), (1, 6.553017797048484), (9, 12.397556553218916), (8, 18.59500392630186), (0, 18.36023079597978), (10, 4.521101345745495), (14, 7.516230168974919), (16, 14.604446701166081), (15, 2.389394447676406)]
Atom 12: [(3, 23.429582948367482), (16, 10.01303056935799), (14, 12.753708418271401), (7, 19.592053597018836), (18, 26.7366298275701), (21, 22.808661166059828), (4, 15.483042749946769), (1, 10.487733682463247), (17, 18.998090000780575), (15, 6.649621672864722), (13, 13.748990163670866), (2, 12.06676861707506), (8, 20.181871968743852), (10, 8.136234833353917), (6, 17.993273164904306), (5, 17.441937224483315), (9, 14.750389054004456), (11, 5.487416674945774), (0, 15.983043367066106)]
Atom 13: [(21, 30.854425364546092), (11, 8.920139832086148), (8, 23.707596451987538), (0, 26.777123578974546), (3, 27.22059373440209), (14, 2.1581448301375), (12, 13.824685487564038), (2, 11.317017971224498), (7, 21.250522794534845), (5, 20.578436077717946), (17, 28.56906367689099), (18, 30.32086804535835), (1, 11.291513090108632), (9, 17.466184627959926), (6, 17.90033230285677), (10, 6.032845420541028), (16, 23.47195964432377), (4, 26.452957505801024), (15, 7.222139694760476)]
Atom 14: [(9, 15.392237428709398), (7, 19.17550777836484), (0, 25.00037887490158), (13, 2.0850168012265144), (8, 21.625504254158248), (1, 9.258350864292348), (16, 22.218465802111197), (15, 6.306778288548883), (3, 25.137909596396888), (17, 26.671028475181235), (11, 7.625475303370404), (5, 18.498621080136672), (2, 9.238376775151158), (12, 12.859707593561733), (4, 24.70228639993633), (21, 28.85117182202334), (6, 15.845483725833821), (10, 5.766605877790399), (18, 28.241059423847744)]
Atom 15: [(16, 16.473656337908903), (10, 2.1479816857066063), (18, 27.457510290974366), (1, 8.221259993567065), (6, 16.315645297531518), (12, 6.730503694684374), (7, 18.959304501310875), (21, 25.92952108207937), (5, 17.519762093647707), (2, 9.242702196152957), (4, 20.260221958365626), (14, 6.234069317907752), (3, 24.16010665614431), (13, 7.136222877298961), (8, 20.63251873497545), (11, 2.464218599595965), (9, 14.366512494335629), (0, 20.632050229742962), (17, 22.95392582407229)]
Atom 16: [(10, 17.993421014364007), (8, 20.086112695480576), (6, 21.218445193738095), (1, 16.53035059231231), (12, 9.920155031087292), (18, 25.21974304222305), (3, 22.234806814547287), (2, 18.081407796267417), (7, 21.146857616335662), (15, 16.38669696338857), (9, 17.149845872705654), (0, 9.62308838476252), (21, 18.040125471564235), (4, 8.899692741960948), (13, 23.392634274549525), (5, 18.461551164067522), (14, 22.108857718105845), (17, 13.288162138172439), (11, 14.50892569720723), (19, 20.26728902836781)]
Atom 17: [(14, 26.570597409018013), (18, 13.73713970883835), (10, 24.988805511051652), (9, 13.381376896991858), (21, 4.796585942000833), (16, 13.32085858126245), (2, 18.448693023665903), (3, 10.810026765375168), (6, 16.51146114618787), (13, 28.48159683696194), (1, 17.757483367432112), (5, 12.088626037773585), (15, 22.867905726249063), (12, 18.922762815333858), (8, 11.445443106523154), (11, 20.528898913270297), (4, 4.406178423743194), (0, 3.8363488909165446), (7, 14.210813564312746), (20, 16.377649791743945), (19, 7.396419029283253)]
Atom 18: [(4, 17.43474245440639), (13, 29.940547013881673), (16, 25.308836708762467), (2, 19.055986435248002), (17, 13.98354047206656), (8, 6.241613250277185), (3, 3.0208848611627017), (7, 8.811977187475895), (5, 9.251370977307639), (10, 29.15976017801053), (11, 25.158920690264242), (12, 26.559185285486567), (21, 10.310097470011144), (9, 12.892498387227354), (14, 27.828813538317974), (15, 27.168605752097452), (1, 19.523008804598696), (0, 17.023193368588316), (6, 12.327935117086708), (20, 2.5979222123778034), (19, 7.365610327494164)]
Atom 19: [(1, 19.7073600495634), (21, 2.9632602648266535), (9, 13.665607508884493), (2, 19.829187850449554), (7, 11.831404912010944), (16, 20.26728902836781), (18, 7.116672754874724), (11, 24.270031184567763), (0, 11.056177115305776), (15, 26.54053430771349), (12, 24.1140666680083), (13, 30.90004391949606), (3, 6.645087714605001), (10, 28.671271014985248), (17, 7.396419029283253), (5, 10.944051862480897), (4, 11.620826675515842), (8, 8.497265055655726), (14, 28.848616049043258), (6, 15.168891571844325)]
Atom 20: [(3, 5.628765868032446), (18, 2.7805551729022597), (1, 20.456686422615213), (0, 19.40144494038313), (15, 28.42869182703778), (2, 19.753193635267262), (8, 8.184281841769776), (14, 28.656047702629966), (17, 16.377649791743945), (13, 30.70340543132986), (16, 27.598175500757844), (21, 12.770479579164553), (4, 19.958181121510005), (7, 9.556304053223108), (6, 12.80802098398783), (11, 26.537077688547637), (5, 11.106378709709045), (10, 30.364448969934468), (12, 28.304010944504146), (9, 14.190614069982448)]
Atom 21: [(0, 8.522280847635422), (1, 19.647708675596387), (16, 17.967842213948163), (17, 4.746590162407796), (13, 30.768554782495627), (15, 25.849056284137973), (8, 10.00446250916034), (7, 13.241889864609904), (3, 8.98353589744708), (9, 14.112344472714748), (10, 27.993265205659803), (5, 11.84477611829728), (2, 20.007405976656667), (12, 22.741775004167796), (14, 28.7588526985877), (11, 23.536536799027182), (6, 16.283413808960685), (18, 9.973690606436074), (4, 9.135821514732994), (19, 2.9632602648266535)]
New position of object Informational Sign:1: (15.498565692853074, -1.88159444306479, 1.1447523836168376)
New position of object Pedestrian:2: (-0.9294392480118923, -0.11173673328669764, -0.08584273341056967)
New position of object Trash Can:1: (16.655164440942084, 1.674683784485949, 0.26757638103682313)
New position of object Service Vehicle:1: (10.464620872444069, 16.817665463858138, 0.1473691178818174)
New position of object Pedestrian:1: (-1.7430403752060286, 1.3251925860438032, 0.08322482818823934)
New position of object Railing:2: (11.771653898632604, -10.735454784936351, 0.0046820249589983876)
New position of object Bollard:4: (10.293356128898186, 11.638486432809819, -0.48157558059803285)
New position of object Railing:1: (15.210116609950465, -2.4989012984042542, 0.16941225700408752)
New position of object Bike:1: (17.491583200062376, 6.378282527169987, 0.09092922001137305)
New position of object Bollard:7: (16.43905175022181, 9.004648935115682, -0.3220830729426029)
New position of object Bollard:1: (5.623884753136988, 6.766046252139583, -0.5000039542107118)
New position of object Fence:1: (1.2235483191783096, 7.846208933835534, 0.5222460429341512)
New position of object Fence:2: (4.531904676556845, 9.263574632445453, 0.5866776704755136)
New position of object Bollard:3: (7.8711733478271775, 9.044525342028326, -0.46633336274399007)
New position of object Bollard:2: (3.4702602381047605, 4.42420271476956, -0.43250118695632855)
New position of object Fence:5: (-6.210315742911096, -8.586273061154287, 1.4720864474245858)
New position of object Fence:8: (-2.2931781263882343, -6.5009281230289755, 0.6198823163092843)
New position of object Fence:9: (1.7760966921938532, -10.128224435698002, 1.2906539859639923)
New position of object Fence:6: (-11.085457626120906, -5.141792812836787, 0.7440242001556894)
New position of object Fence:7: (-9.448866499643415, -3.830950347297586, 0.7376668529341044)
New position of object Fence:4: (-4.387230609820538, -7.447994668857486, 1.4703341205465743)

After Updating position of all the atoms:
Atom 0: [(8, 13.35230583789792), (16, 9.612266293572118), (11, 18.292240236395926), (4, 1.187234827852741), (2, 17.557446220941195), (10, 22.631440876017304), (1, 16.560874478914847), (6, 17.193823415787996), (15, 20.56412738648729), (18, 16.855151668754523), (13, 26.70461387502115), (3, 14.508905921348372), (17, 3.8459579362223266), (21, 8.524582186239563), (12, 15.92786615404438), (5, 13.167193886618028), (14, 24.926783856831147), (9, 13.582775420225357), (7, 15.566354911992374), (20, 19.39065999135527), (19, 11.024809076337926)]
Atom 1: [(6, 8.291139542375971), (0, 16.568829379047767), (12, 10.490805431304281), (14, 9.252290614675303), (10, 10.05481047115701), (21, 19.654802398758953), (4, 16.422944401268104), (16, 16.536190126550576), (13, 11.285462688253098), (7, 10.918188817640852), (17, 17.765029811770653), (3, 16.326189312918032), (15, 8.219745137054424), (5, 9.596342822361434), (9, 6.398668191318087), (2, 1.6561901254463358), (8, 12.765952659623869), (18, 19.56994290965132), (11, 6.55248424366639), (20, 20.4079311187793), (19, 19.617053211652347)]
Atom 2: [(13, 11.306918032811627), (4, 17.485793155890345), (6, 7.219140871863301), (1, 1.6599085828165818), (0, 17.56938540778037), (17, 18.40244739293559), (8, 12.412640525577846), (21, 20.01933174824992), (9, 6.173500750842297), (15, 9.239307276094271), (3, 15.944278263977138), (10, 10.919412671248102), (18, 19.102509174320165), (5, 9.27292355695628), (12, 12.069812874469143), (14, 9.228336917925056), (11, 7.8585952872903455), (7, 10.191847649885156), (16, 18.08936079103765), (19, 19.7414993951717)]
Atom 3: [(13, 27.132657487613606), (6, 9.783437772701532), (4, 15.04202644181694), (14, 25.050070327088886), (16, 22.427997154675335), (8, 3.4914363380123423), (1, 16.25347609009865), (9, 9.861786993979916), (2, 15.860575975528727), (7, 6.227876585194028), (21, 9.10426131356824), (5, 6.661725244157164), (18, 3.3833645727733), (11, 22.050001255617637), (10, 26.115025786134552), (15, 24.099845174923374), (12, 23.405270153080387), (17, 11.84530273465216), (0, 14.578468237166243), (19, 6.68820697154434)]
Atom 4: [(7, 15.81506469348098), (5, 13.290684011099067), (12, 15.407091266694806), (9, 13.554367010133083), (3, 14.982124370576608), (10, 22.21489149901604), (11, 17.863348934129125), (0, 1.1897726630148426), (6, 17.310516844005967), (15, 20.167067461188985), (8, 13.626182684398385), (14, 24.600935458937045), (18, 17.336708870037306), (13, 26.353178950577732), (16, 8.926980183857085), (2, 17.37931684714101), (17, 4.417760957003482), (21, 9.136079415763216), (1, 16.31713740407218), (19, 11.579443735062135)]
Atom 5: [(1, 9.509021178621271), (16, 18.556732254215675), (10, 19.424572502617956), (7, 2.8887017887858795), (21, 11.888726977685783), (9, 3.115779839819985), (0, 13.228614313879243), (4, 13.348528472859883), (14, 18.401828684992328), (17, 12.173753854036645), (15, 17.442573618851277), (3, 6.748701789842027), (2, 9.176852961396856), (18, 10.07752254218587), (12, 17.39746340208052), (13, 20.48176821464769), (8, 3.262427909052387), (6, 4.540250201483342), (11, 15.440365985582876)]
Atom 6: [(13, 17.82860266233814), (7, 3.694989469132471), (0, 17.285652828358547), (1, 8.266439781747733), (21, 16.339822551753212), (15, 16.282163628574327), (18, 12.762379021648236), (16, 21.373081911262606), (17, 16.6218938582589), (5, 4.644858147200562), (4, 17.400284191648115), (11, 14.749459310453007), (14, 15.77550579206481), (10, 18.019283480364248), (8, 6.924899805314256), (12, 18.00084772452032), (9, 4.261642165143048), (3, 9.881823727751527), (2, 7.177537343463491)]
Atom 7: [(15, 18.915625557515884), (5, 2.9344412503084683), (10, 20.80053315780331), (21, 13.286231387850846), (8, 3.608894868044035), (2, 10.13145150912161), (1, 10.870833655267354), (17, 14.306170600476111), (18, 9.241835062214427), (12, 19.58439667496132), (16, 21.27707370310235), (4, 15.891952697625552), (3, 6.322633462855905), (9, 5.041003862132138), (11, 17.139728565828555), (14, 19.10298934774797), (13, 21.177203413593595), (0, 15.645890673065214), (6, 3.5997637069161335)]
Atom 8: [(12, 20.16521844674217), (13, 23.634536352135193), (5, 3.200454139589343), (9, 6.312730074162971), (6, 6.8267246888236155), (2, 12.341929262274855), (10, 22.586113413192102), (11, 18.551717101108533), (7, 3.508208957095028), (3, 3.5490612689287717), (15, 20.583454415296774), (17, 11.489633920156772), (4, 13.693610163165237), (16, 20.16638831932436), (18, 6.8953576096057025), (0, 13.422101356542122), (21, 9.998583802664603), (14, 21.552372095956162), (1, 12.70561648928945)]
Atom 9: [(1, 6.328686619511411), (0, 13.67226896803766), (18, 13.255933157932287), (10, 16.270197150292383), (21, 14.166506446816348), (16, 17.289288052902066), (15, 14.311924154612203), (2, 6.086734788487862), (3, 9.929901076821169), (12, 14.740246865765593), (13, 17.38214798743379), (4, 13.642430010918504), (6, 4.203496554412282), (17, 13.486721684204522), (7, 5.058194837560368), (14, 15.307665706313655), (11, 12.35186119070577), (8, 6.380953063250388), (5, 3.1822769095188024)]
Atom 10: [(13, 5.957403343511202), (0, 22.723014680126877), (21, 28.064666980846397), (18, 29.524184216533833), (15, 2.230595596285356), (1, 10.10606579531442), (5, 19.484125595731072), (6, 18.060758461462566), (8, 22.647093824742758), (7, 20.85176997109455), (12, 8.228823065039014), (4, 22.306680102781595), (17, 25.09119893361621), (14, 5.715951016903849), (2, 10.96004731211869), (3, 26.176876764823906), (16, 18.16930075732992), (9, 16.328303197122445), (11, 4.6043710895803)]
Atom 11: [(17, 20.639874892625443), (16, 14.70133284232874), (12, 5.563278550711679), (9, 12.396903510242865), (0, 18.3891239694532), (13, 8.821144779492846), (10, 4.518725760525111), (4, 17.96063664257167), (5, 15.49021106920866), (14, 7.5313993191295205), (21, 23.613357217788774), (2, 7.863766156099126), (6, 14.77217788490514), (1, 6.571118488427531), (8, 18.60524197174195), (7, 17.17854490179312), (18, 25.480997061320796), (3, 22.10593618209223), (15, 2.381796698467704)]
Atom 12: [(6, 17.999333749537346), (8, 20.194833448703438), (7, 19.59928395117273), (15, 6.644515699709165), (18, 26.774250290278417), (21, 22.822809375890756), (16, 10.096217927952862), (0, 16.01044499653331), (10, 8.135927443329855), (9, 14.751697862955332), (11, 5.492377510865396), (17, 19.019515958920437), (2, 12.042548415685104), (5, 17.41919374984317), (13, 13.73633699915704), (3, 23.440866195214337), (4, 15.489888498587975), (1, 10.466360104389242), (14, 12.777266882022762)]
Atom 13: [(0, 26.786186221838978), (7, 21.247149796080883), (21, 30.81859716589754), (10, 6.013445534664309), (14, 2.159015864240334), (11, 8.897574883087838), (4, 26.43430117947158), (2, 11.381533993689919), (17, 28.569799936188105), (8, 23.708024930465463), (1, 11.363751695075598), (5, 20.555932476866563), (16, 23.543220433176874), (18, 30.392156811103792), (12, 13.805175983491273), (6, 17.895502292028443), (3, 27.205395493472526), (15, 7.207025441613267), (9, 17.45741690410245)]
Atom 14: [(21, 28.817261068209202), (2, 9.294829776432785), (0, 25.026787250261844), (7, 19.155974129748817), (17, 26.68245535163272), (1, 9.332275105315283), (4, 24.701471939009817), (15, 6.3366478508188155), (6, 15.820963721194103), (11, 7.638490074295237), (9, 15.375977399363508), (5, 18.466618431199976), (8, 21.615070461688173), (12, 12.8825950169924), (18, 28.297927445875683), (10, 5.800058383984122), (16, 22.327559971055138), (13, 2.0968497563224338), (3, 25.110662689789077)]
Atom 15: [(3, 24.158297525255573), (10, 2.1492603777846684), (9, 14.36349593060514), (16, 16.554911012676463), (17, 22.966329219433536), (0, 20.652740968998632), (2, 9.267396009416021), (4, 20.254430155814635), (14, 6.264181417416204), (13, 7.121259598067441), (11, 2.4505630203949065), (18, 27.51536738455078), (5, 17.496960371534872), (12, 6.723281935600914), (6, 16.318467300381997), (7, 18.96334283534169), (21, 25.918163374524305), (8, 20.640309223438905), (1, 8.258249693477172)]
Atom 16: [(10, 18.076011666926398), (6, 21.31595981750205), (14, 22.220506307511712), (9, 17.239155770538442), (11, 14.60554237585398), (2, 18.11387162630884), (7, 21.234084628427635), (3, 22.393866676349685), (13, 23.469685687303688), (17, 13.339015254941739), (4, 8.941728839084456), (0, 9.67370016580811), (18, 25.275112892233754), (8, 20.131788253087745), (15, 16.470960082914313), (12, 10.003474918626946), (5, 18.544140609183316), (1, 16.55866380758316), (21, 18.026429775577753), (19, 20.287017351317033)]
Atom 17: [(5, 12.090345853920446), (0, 3.8411291615011782), (18, 13.68175435025416), (12, 18.944350505960283), (21, 4.738253981735168), (3, 11.753702406620336), (8, 11.401922043758635), (15, 22.88207414252666), (1, 17.67864503389187), (16, 13.280196446331209), (11, 20.54835952025937), (7, 14.212063967339363), (9, 13.3873348751377), (4, 4.411523597003798), (6, 16.51947055162235), (14, 26.588764658402315), (2, 18.390416115808932), (10, 25.003612965978856), (13, 28.48825177154608), (20, 16.359925843395168), (19, 7.356819426641111)]
Atom 18: [(4, 17.43474245440639), (13, 29.940547013881673), (16, 25.308836708762467), (2, 19.055986435248002), (17, 13.98354047206656), (8, 6.241613250277185), (3, 3.0208848611627017), (7, 8.811977187475895), (5, 9.251370977307639), (10, 29.15976017801053), (11, 25.158920690264242), (12, 26.559185285486567), (21, 10.310097470011144), (9, 12.892498387227354), (14, 27.828813538317974), (15, 27.168605752097452), (1, 19.523008804598696), (0, 17.023193368588316), (6, 12.327935117086708), (20, 2.5979222123778034), (19, 7.365610327494164)]
Atom 19: [(17, 7.356819426641111), (12, 24.100607715125147), (6, 15.174832273256222), (16, 20.287017351317033), (21, 2.8594059025993763), (1, 19.617053211652347), (2, 19.7414993951717), (18, 7.064305431874876), (8, 8.466762286225745), (13, 30.88697507651993), (0, 11.024809076337926), (3, 6.68820697154434), (7, 11.837982971820324), (14, 28.837281626195736), (4, 11.579443735062135), (5, 10.940745416384159), (9, 13.659316839493227), (11, 24.259004767680537), (15, 26.52800810066614), (10, 28.657749636874545)]
Atom 20: [(9, 14.195091368428209), (21, 12.730747689206147), (14, 28.644408680495417), (16, 27.529330578577593), (3, 5.244665051353735), (17, 16.359925843395168), (1, 20.4079311187793), (0, 19.39065999135527), (5, 11.111168269760165), (15, 28.428507656470316), (4, 19.942519780134962), (13, 30.705362824326517), (6, 12.810179978135551), (8, 8.200754618565544), (7, 9.55559974661141), (2, 19.71577407163904), (10, 30.36222154795605), (12, 28.304455793030694), (11, 26.537481697408932), (18, 2.8542365995650205)]
Atom 21: [(13, 30.738351375423065), (10, 27.983057956821256), (9, 14.066465563752015), (7, 13.180648208483982), (17, 4.780652852099339), (0, 8.562022518517985), (16, 18.044529214689696), (8, 9.896234181739585), (15, 25.83941171746854), (1, 19.531658054478413), (12, 22.756349831101087), (14, 28.73278613193085), (5, 11.787056195794513), (4, 9.166004694627285), (2, 19.88729547708876), (6, 16.23118679823078), (11, 23.530050239120893), (18, 9.824589513122275), (3, 8.933755080797232), (19, 2.8594059025993763)]
New position of object Informational Sign:1: (15.389740863263864, -1.9372405466346354, 1.1308851759047003)
New position of object Pedestrian:2: (-0.935518137204415, -0.10124875235603881, -0.08337276523449286)
New position of object Trash Can:1: (16.569264811399204, 1.599490288261694, 0.26278545175821066)
New position of object Service Vehicle:1: (10.45181890804086, 16.779022468136205, 0.14085024262089463)
New position of object Pedestrian:1: (-1.6948932849008784, 1.333494439768578, 0.07701349489908127)
New position of object Railing:2: (11.601397647485289, -10.88868392715458, 0.07366443115219673)
New position of object Railing:1: (15.116173695285159, -2.59488060118089, 0.17436970539852065)
New position of object Bike:1: (17.34153457709164, 6.329289930448418, 0.143397729112559)
New position of object Bollard:7: (16.39253467370258, 8.97473697968261, -0.2669940087682317)
New position of object Bollard:1: (5.547033220421451, 6.743011077178738, -0.49151996050366775)
New position of object Fence:1: (1.1596903301649633, 7.843062280993513, 0.5241549171157776)
New position of object Fence:2: (4.475165806703831, 9.248864383602147, 0.5866341283818775)
New position of object Bollard:3: (7.7775603500601385, 9.060302357589906, -0.4582689915751127)
New position of object Bollard:2: (3.393402557291161, 4.409091834884681, -0.4287344294786539)
New position of object Fence:5: (-6.344821990383824, -8.558673828042247, 1.5116926570648364)
New position of object Fence:8: (-2.420931747632693, -6.4895226019053585, 0.6146265726963124)
New position of object Fence:9: (1.6363773065472351, -10.139190805920984, 1.2784570010175824)
New position of object Fence:6: (-11.192977140474333, -5.078923822584576, 0.7770998638824175)
New position of object Fence:7: (-9.561700526148037, -3.750766319887987, 0.7319022016588751)
New position of object Fence:4: (-4.5097886746599976, -7.435135526409075, 1.4560943978304377)

After Updating position of all the atoms:
Atom 0: [(1, 16.465981005761932), (18, 16.88610644787064), (12, 15.888645340622084), (15, 20.53319841692494), (4, 1.1278997500824592), (13, 26.671238285720825), (6, 17.22693636509987), (21, 8.639859581609745), (9, 13.60096157119738), (2, 17.472070716278633), (5, 13.182524265866103), (3, 14.590186087653334), (10, 22.602842676902142), (11, 18.26948253815771), (17, 3.923339939385963), (16, 9.579533423079107), (14, 24.913794837144305), (8, 13.404445030577888), (7, 15.609196940978123), (20, 19.38199534730814), (19, 11.046760392805155)]
Atom 1: [(9, 6.325542247784388), (3, 16.250155844911944), (17, 17.68358604027445), (10, 10.111309542502996), (0, 16.47298909271321), (6, 8.25774943781235), (7, 10.86469497221883), (2, 1.647598802772481), (4, 16.324648828920477), (13, 11.362787588996417), (8, 12.70234850400842), (5, 9.505739766278973), (16, 16.57004262932965), (12, 10.477645052699232), (11, 6.57979516424064), (15, 8.264562882703954), (18, 19.566181447563256), (14, 9.330695600123002), (21, 19.53388774612766), (20, 20.363331687536935), (19, 19.561918310503902)]
Atom 2: [(18, 19.061844915792317), (1, 1.6312150056711088), (3, 15.81843878956967), (13, 11.426151886408372), (10, 10.988041490162692), (12, 12.037096586921251), (21, 19.838622946218837), (7, 10.095491186017952), (15, 9.290025489842774), (0, 17.426791926454634), (14, 9.339810139027588), (6, 7.150593227102204), (11, 7.875965223468438), (16, 18.083491374078818), (5, 9.132911928883255), (8, 12.298977770738041), (17, 18.267039606296766), (9, 6.040769302696746), (4, 17.334219168172115), (19, 19.638278409118286)]
Atom 3: [(13, 27.132657487613606), (6, 9.783437772701532), (4, 15.04202644181694), (14, 25.050070327088886), (16, 22.427997154675335), (8, 3.4914363380123423), (1, 16.25347609009865), (9, 9.861786993979916), (2, 15.860575975528727), (7, 6.227876585194028), (21, 9.10426131356824), (5, 6.661725244157164), (18, 3.3833645727733), (11, 22.050001255617637), (10, 26.115025786134552), (15, 24.099845174923374), (12, 23.405270153080387), (17, 11.84530273465216), (0, 14.578468237166243), (19, 6.68820697154434), (20, 5.180505292755959)]
Atom 4: [(13, 26.331288459932345), (16, 9.008383086235895), (10, 22.190087969844942), (5, 13.348605947709279), (12, 15.360827268493715), (21, 9.282628353972989), (11, 17.847723092322415), (8, 13.725024632655765), (17, 4.439824128739479), (15, 20.13988628090104), (14, 24.602568399907828), (0, 1.1925817716438347), (1, 16.246274701107765), (18, 17.414390375597044), (3, 15.0425586460936), (2, 17.26422838433212), (7, 15.90030531300572), (9, 13.611139670445565), (6, 17.38224405723538), (19, 11.64817368701358)]
Atom 5: [(11, 15.43068548452553), (6, 4.575728216572292), (10, 19.41849522915157), (7, 2.9233947267101263), (16, 18.650775606877584), (9, 3.1134131523603363), (12, 17.37914537617839), (4, 13.386862196631748), (0, 13.223383092908842), (3, 6.818603889346705), (18, 10.144351930280967), (13, 20.47962120346426), (14, 18.39012150158025), (21, 11.818821764978706), (2, 9.057129790878543), (17, 12.186647283241497), (1, 9.435780246034053), (15, 17.433390759350885), (8, 3.2709676867603497)]
Atom 6: [(14, 15.775602562295708), (5, 4.63578318568996), (0, 17.277638240847317), (1, 8.238389782060427), (16, 21.450186698138435), (8, 6.889744902094634), (17, 16.628454255238278), (9, 4.235861769993962), (21, 16.25695438873115), (3, 9.941860452107099), (15, 16.29355730474598), (11, 14.754034194887364), (18, 12.818365723185469), (12, 17.998183905028522), (2, 7.122012113607656), (10, 18.031600691233113), (7, 3.6597259505769597), (4, 17.431478113652556), (13, 17.84932639571385)]
Atom 7: [(1, 10.823540346558412), (21, 13.20090219753013), (3, 6.379867094673247), (12, 19.5768278624454), (16, 21.367432464545303), (2, 10.049001131043283), (5, 2.93097539827332), (14, 19.104529304506542), (0, 15.638193673768074), (13, 21.195489798499278), (8, 3.5613708316666273), (10, 20.809989654726216), (11, 17.142565415962643), (6, 3.6017441384792903), (4, 15.927187639501243), (17, 14.313805669743811), (9, 5.032477740782702), (18, 9.296367925090049), (15, 18.923744294866147)]
Atom 8: [(21, 9.964438505771767), (14, 21.54911693906826), (10, 22.60063215316374), (2, 12.23590886717119), (9, 6.3282634373392375), (11, 18.5670158553994), (6, 6.800223065508017), (18, 6.940026899438302), (1, 12.648806372377932), (3, 3.6023332332848907), (17, 11.55325510752764), (13, 23.642302411534892), (12, 20.18107673328611), (0, 13.469099935180397), (16, 20.3191224867689), (7, 3.4688885666361795), (15, 20.596735658232156), (4, 13.78763095510046), (5, 3.2165502920455826)]
Atom 9: [(1, 6.261150155624166), (4, 13.669042674469098), (15, 14.308571354124707), (10, 16.270342159183773), (0, 13.66091068565946), (2, 5.9670624998843556), (7, 5.06207302983578), (16, 17.36794551124139), (5, 3.1763573611342246), (21, 14.091305218995302), (11, 12.347685306713027), (12, 14.727713303000726), (14, 15.303027858775417), (17, 13.489826045437399), (6, 4.205903166409699), (13, 17.384825353401133), (8, 6.391828468347614), (18, 13.317284229790152), (3, 9.993812972539226)]
Atom 10: [(9, 16.332826482508104), (7, 20.85752349560681), (4, 22.31433615750452), (14, 5.708377840622434), (17, 25.095884949148118), (15, 2.2511070024425703), (1, 10.165276227839675), (16, 18.153888606332416), (5, 19.482572778886517), (12, 8.274156600714887), (6, 18.064049472572304), (2, 11.024297451679647), (18, 29.588671368700787), (0, 22.723987666714702), (13, 5.8938965856744625), (21, 28.01012644251324), (11, 4.630924429423591), (8, 22.66607053939144), (3, 26.243615833165446)]
Atom 11: [(17, 20.644211950625255), (3, 22.169336637141452), (16, 14.706154564308859), (5, 15.485863665070259), (21, 23.56054088085668), (13, 8.769670919101063), (0, 18.39048269373774), (18, 25.54348344842548), (10, 4.525818046884519), (14, 7.514985843103848), (6, 14.773355374117848), (8, 18.62679259103613), (1, 6.595733427499409), (2, 7.8750082733356805), (15, 2.348879589509987), (7, 17.182949978436675), (9, 12.396567356816247), (12, 5.595731571782924), (4, 17.969755973274342)]
Atom 12: [(5, 17.41937968306481), (15, 6.600242859719083), (13, 13.678621610892469), (9, 14.753107066271804), (21, 22.7848893393723), (0, 16.014018066138043), (17, 19.02154966766538), (6, 18.004378028387347), (4, 15.486785848055268), (7, 19.606989138256747), (11, 5.497499940709256), (8, 20.232421606989583), (10, 8.13953162079659), (16, 10.06553006405964), (14, 12.765930514880827), (3, 23.501238753166078), (1, 10.451292128563258), (18, 26.837414626520843), (2, 12.006803779462057)]
Atom 13: [(16, 23.53362819147619), (17, 28.558848235614057), (2, 11.481412187657998), (5, 20.532790553550324), (10, 6.012727752994254), (14, 2.1449742853544826), (8, 23.69230140494882), (7, 21.23234550140309), (1, 11.433858817302108), (6, 17.878201801281644), (9, 17.44244679357838), (21, 30.737066847544398), (15, 7.239561882377906), (11, 8.886223430718157), (4, 26.4330318364824), (0, 26.770062277097026), (12, 13.800362185425172), (3, 27.25286382904094), (18, 30.434892821220693)]
Atom 14: [(17, 26.67719373866341), (15, 6.402336923205012), (11, 7.648863856394471), (21, 28.73565608341561), (0, 25.020441454004153), (6, 15.792664197490078), (5, 18.43610482913315), (3, 25.150047781058856), (9, 15.354642893863865), (2, 9.38963486304786), (1, 9.401844199660426), (16, 22.34412381449517), (13, 2.10406952667624), (12, 12.903783813655172), (10, 5.837153011114995), (4, 24.71121992876868), (18, 28.33166126177387), (8, 21.59143246432396), (7, 19.132305603000056)]
Atom 15: [(17, 22.964645560514015), (16, 16.5350667938156), (5, 17.491503921361577), (10, 2.152388615348778), (1, 8.302485425203), (7, 18.96948131050462), (11, 2.4424526945909064), (9, 14.3631031863962), (6, 16.32283160557588), (12, 6.717054880522546), (18, 27.57747258416552), (21, 25.858517137569805), (8, 20.657763776044494), (2, 9.3120551800269), (14, 6.294509046952108), (13, 7.118832435165517), (0, 20.64761211562632), (4, 20.254611447146765), (3, 24.221699272834094)]
Atom 16: [(14, 22.21184646003716), (5, 18.6480361840636), (15, 16.414178698422663), (17, 13.441352839402624), (12, 9.929546871671345), (11, 14.581151906163534), (18, 25.43218564913872), (10, 18.01426695242128), (7, 21.362453943840357), (0, 9.777402447394957), (3, 22.571944278503228), (2, 18.060260457916076), (13, 23.41302077702227), (21, 18.243977484405423), (1, 16.539881369705515), (4, 9.133480867330473), (6, 21.421885833330567), (8, 20.28642409869743), (9, 17.345203847507857), (19, 20.435912808065513)]
Atom 17: [(11, 20.531343117047562), (12, 18.90591519533675), (16, 13.237619038484052), (0, 3.827967982336644), (18, 13.723619480220057), (2, 18.315239624267758), (8, 11.472443345083015), (14, 26.58304637847537), (5, 12.127509753677579), (9, 13.418134915614452), (10, 24.98242330396988), (1, 17.5906158184754), (3, 11.862653443805659), (13, 28.468582010321366), (21, 4.8700165335557735), (15, 22.858037058688883), (6, 16.57045045540264), (4, 4.318890596513666), (7, 14.273791858507686), (20, 16.366313261562265), (19, 7.396361509396437)]
Atom 18: [(4, 17.43474245440639), (13, 29.940547013881673), (16, 25.308836708762467), (2, 19.055986435248002), (17, 13.98354047206656), (8, 6.241613250277185), (3, 3.0208848611627017), (7, 8.811977187475895), (5, 9.251370977307639), (10, 29.15976017801053), (11, 25.158920690264242), (12, 26.559185285486567), (21, 10.310097470011144), (9, 12.892498387227354), (14, 27.828813538317974), (15, 27.168605752097452), (1, 19.523008804598696), (0, 17.023193368588316), (6, 12.327935117086708), (20, 2.5979222123778034), (19, 7.365610327494164)]
Atom 19: [(8, 8.523978263679899), (18, 7.060658310034128), (11, 24.278357086811823), (21, 2.8403190464198125), (2, 19.638278409118286), (4, 11.64817368701358), (5, 10.995291241086205), (7, 11.89481931156542), (16, 20.435912808065513), (12, 24.103727126324355), (6, 15.231369683426967), (13, 30.908552732714977), (1, 19.561918310503902), (9, 13.701092340068529), (10, 28.67581422459176), (14, 28.857806326282418), (15, 26.54285344621376), (17, 7.396361509396437), (3, 6.65894776382926), (0, 11.046760392805155)]
Atom 20: [(14, 28.655967078688576), (5, 11.134600801456605), (21, 12.559305901017362), (10, 30.377576240504744), (6, 12.849186684625115), (17, 16.366313261562265), (3, 5.180505292755959), (9, 14.202551336352803), (7, 9.577374524082435), (12, 28.29470163402757), (16, 27.546451036308444), (11, 26.54468912348232), (2, 19.686004461323108), (4, 19.856499126412224), (15, 28.44140076246936), (18, 2.8290838476334894), (0, 19.38199534730814), (1, 20.363331687536935), (8, 8.176236862508665), (13, 30.73662704192739)]
Atom 21: [(9, 14.013324682184033), (17, 4.793918926572583), (6, 16.193642280784314), (15, 25.762638988759484), (18, 9.786602913267563), (14, 28.658493124122675), (2, 19.68115761829304), (0, 8.551032469091242), (11, 23.459826849527413), (3, 8.846184407761113), (7, 13.148883679136555), (8, 9.870765783738847), (1, 19.376633054514595), (4, 9.197500203598285), (10, 27.909301076208465), (12, 22.681464515754087), (16, 18.149728881296692), (5, 11.743425360918547), (13, 30.6600779056825), (19, 2.8403190464198125)]
New position of object Informational Sign:1: (15.236958224534174, -2.206421666891625, 1.078511695449605)
New position of object Pedestrian:2: (-0.931976242582234, -0.07729572576477217, -0.07530156616436537)
New position of object Trash Can:1: (16.502724619332792, 1.266074512429542, 0.23262305735200245)
New position of object Service Vehicle:1: (10.684862773538978, 16.600185145438864, 0.1540337321349281)
New position of object Pedestrian:1: (-1.6533585149701615, 1.3638519919235845, 0.08015959115450622)
New position of object Railing:2: (11.3946929433225, -11.03234608177963, -0.04395684124560956)
New position of object Bollard:4: (10.363049753048262, 11.423906286546307, -0.4408549618703336)
New position of object Railing:1: (15.021491622497532, -2.7908586635518358, 0.14629601186662922)
New position of object Bike:1: (17.513468529305033, 5.951328279769529, 0.1671969849564185)
New position of object Bollard:7: (16.450226288515058, 8.697842879322216, -0.2540905303034102)
New position of object Bollard:1: (5.572323676486295, 6.681806723824181, -0.4871947797096597)
New position of object Fence:1: (1.2230304104468601, 7.819935101214463, 0.5267739235022573)
New position of object Fence:2: (4.56066423075502, 9.167286838944925, 0.5829020905455995)
New position of object Bollard:6: (11.631752249955742, 14.376465394943818, -0.3199016233438723)
New position of object Bollard:3: (7.846299748264908, 8.918191954290645, -0.4388217636850971)
New position of object Bollard:2: (3.387272255992709, 4.343104012327448, -0.4370902814685399)
New position of object Fence:5: (-6.58457693103972, -8.442124744985934, 1.5727340711503333)
New position of object Fence:8: (-2.626825015088425, -6.444077939516681, 0.6122952080715711)
New position of object Fence:9: (1.3682069085436162, -10.17168355285529, 1.2637743978131744)
New position of object Fence:6: (-11.356072704976249, -4.838466604864566, 0.8123882081072196)
New position of object Fence:7: (-9.709519983904247, -3.5391961343346168, 0.7384227516574351)
New position of object Fence:4: (-4.721728889764869, -7.359979844884686, 1.4464522358434633)

After Updating position of all the atoms:
Atom 0: [(12, 15.746256877272952), (18, 17.1146840291603), (7, 15.725193101647188), (8, 13.599389022068205), (17, 4.114051039599507), (4, 0.9914443929482845), (3, 14.78359070990674), (16, 9.466187019594763), (21, 8.84093050683852), (5, 13.28352334385208), (14, 24.849116973872768), (11, 18.175841694286913), (6, 17.305170049043838), (2, 17.32690394229322), (15, 20.430761865938376), (1, 16.350251379445726), (9, 13.649418325202724), (10, 22.501377524706673), (13, 26.587282695401512), (20, 19.371749851090406), (19, 11.052186814426092)]
Atom 1: [(2, 1.6110776463139842), (14, 9.41371899618006), (13, 11.446877794551035), (9, 6.24191396092696), (17, 17.58463399101863), (7, 10.800583613417318), (15, 8.323684396324452), (12, 10.472384390176682), (21, 19.365261857999478), (8, 12.629267217080702), (6, 8.213798639004652), (0, 16.349278397463312), (3, 16.2306098780109), (16, 16.552757074811844), (4, 16.24634376643068), (10, 10.185834490499463), (5, 9.416336137784972), (18, 19.546097792541996), (11, 6.618885317325833), (20, 20.325892640051144), (19, 19.472441754034623)]
Atom 2: [(21, 19.633276256455297), (16, 18.05029749232834), (3, 15.767296853901364), (0, 17.292378682059926), (17, 18.15698654302914), (6, 7.077467175803865), (9, 5.9162704591563555), (8, 12.184723394835432), (7, 9.999437345927712), (4, 17.23071820441981), (11, 7.908875781857769), (15, 9.352784141483324), (14, 9.440654758629098), (5, 9.005987514834949), (1, 1.619094592217778), (18, 19.01098341681486), (12, 12.024070528190654), (13, 11.532536991478825), (10, 11.06867811022724), (19, 19.53558108214654)]
Atom 3: [(14, 25.07272864618866), (10, 26.120278107920974), (17, 11.888260026484858), (2, 15.680249240331682), (11, 22.032593102519247), (16, 22.483440266563722), (7, 6.360323771300541), (8, 3.503096092654693), (13, 27.17515613575533), (21, 8.660006781876364), (5, 6.716201467027441), (6, 9.922475120927187), (9, 9.888566667210728), (4, 14.81543365565091), (0, 14.555043763110751), (12, 23.325479669953648), (1, 16.12417096334163), (15, 24.09280386075444), (18, 3.5355186190556136), (19, 6.672332487746866)]
Atom 4: [(10, 22.173212603825437), (1, 16.184117715404), (14, 24.60889460206299), (3, 14.970149281270944), (15, 20.118543422347415), (6, 17.474913077758906), (8, 13.9028794381672), (5, 13.456108035405288), (0, 1.1211683818126956), (7, 16.011677517421578), (11, 17.836411675725273), (18, 17.589845320872744), (2, 17.1847787813481), (12, 15.311468219311577), (9, 13.688769210443354), (17, 4.319746560166944), (16, 9.006218944273458), (21, 9.41061730641776), (13, 26.321693110370486), (19, 11.584120824226055)]
Atom 5: [(11, 15.446360696767647), (9, 3.1490233124940494), (2, 8.989606033893454), (14, 18.421820385843887), (10, 19.44957992559518), (6, 4.673614845854605), (21, 11.98135083097439), (16, 18.651746657344827), (1, 9.389411024159019), (12, 17.365343588121565), (3, 6.740972628793087), (8, 3.2436317558466548), (13, 20.51800515192031), (4, 13.3947555034099), (18, 10.1753283455585), (0, 13.22335818312439), (7, 2.9910949406034213), (17, 12.219736407773663), (15, 17.456042529310643)]
Atom 6: [(13, 17.905319548029), (2, 7.081955007354331), (11, 14.766406402874784), (3, 9.872429667900269), (9, 4.154198268725392), (0, 17.24013971488602), (10, 18.06934656621564), (7, 3.552718223245505), (18, 12.776969142061706), (5, 4.608667990702983), (14, 15.818774616307952), (4, 17.41066453585597), (1, 8.208093768010212), (15, 16.3231746624348), (16, 21.428881400838655), (17, 16.628549800459073), (8, 6.743195325994889), (12, 17.979601954823202), (21, 16.401199990617513)]
Atom 7: [(13, 21.240749691128013), (17, 14.323570014288057), (11, 17.142910217209497), (4, 15.893922689086335), (2, 9.9880140226569), (8, 3.3828839093139966), (16, 21.333590197071434), (14, 19.139996989930857), (12, 19.539071874075322), (0, 15.60737413845829), (6, 3.5997647971451943), (5, 2.888974480421736), (18, 9.273401483326035), (10, 20.83271377433772), (9, 5.002632103168121), (3, 6.309365069718375), (15, 18.93874359910023), (21, 13.352540559222508), (1, 10.773329950334919)]
Atom 8: [(5, 3.189784635794326), (9, 6.337221712589845), (3, 3.5514277460400785), (12, 20.11705795480689), (16, 20.267485796279495), (21, 10.130335188334826), (10, 22.597196292469125), (15, 20.583851633387766), (7, 3.449836032304641), (17, 11.573220426492147), (6, 6.782789976678059), (14, 21.561808178116028), (11, 18.54517359942987), (13, 23.66203245542774), (18, 6.643533818328615), (4, 13.745093947096828), (2, 12.148287987693468), (0, 13.441769294243022), (1, 12.574143108280486)]
Atom 9: [(7, 5.068527706349706), (8, 6.388611652899792), (6, 4.207295020828341), (17, 13.488206596671), (5, 3.201013986802808), (14, 15.315129006735381), (2, 5.878048026427379), (11, 12.336415259403742), (3, 9.939781019108425), (15, 14.306454704231587), (10, 16.277815725831537), (16, 17.34006359740575), (1, 6.190858786266176), (12, 14.68828100238774), (21, 14.230283537122371), (0, 13.623817142351726), (4, 13.659751948554772), (13, 17.40208432039398), (18, 12.986667170087452)]
Atom 10: [(3, 26.19037571251917), (7, 20.863545821280475), (8, 22.664446927051625), (17, 25.081238470793643), (0, 22.700388657041657), (11, 4.697506393935533), (13, 5.7603391155845305), (5, 19.513247867157755), (14, 5.619529073333518), (4, 22.378421128406085), (1, 10.229285435738598), (12, 8.399447647654126), (6, 18.069514533343348), (2, 11.07708776755556), (16, 18.236696008185085), (9, 16.338275444921727), (21, 28.104498207321743), (18, 29.259268184227707), (15, 2.309194320219374)]
Atom 11: [(9, 12.394913083756359), (7, 17.186493995596212), (4, 18.028484308716525), (1, 6.6242899576447485), (15, 2.2890487885673965), (5, 15.51527523749126), (13, 8.675815153218004), (10, 4.536345894525026), (16, 14.767729587027866), (3, 22.11585024535929), (2, 7.886353730078622), (0, 18.365452352998084), (17, 20.628385079546806), (12, 5.680891185812958), (14, 7.440479263275737), (21, 23.65323723771603), (8, 18.622312570872037), (18, 25.252149241161295), (6, 14.774666450170235)]
Atom 12: [(17, 18.998400169096197), (2, 11.98329595411765), (0, 15.994435977728703), (3, 23.4559685274963), (13, 13.56305269788283), (14, 12.687550696512954), (6, 18.007292625717085), (9, 14.752919155098805), (21, 22.843455635699673), (11, 5.502703773064566), (16, 10.147971382888338), (8, 20.230864227895136), (18, 26.65445571529347), (10, 8.144544219829918), (7, 19.61252524964265), (5, 17.45796738928279), (1, 10.439378936016206), (4, 15.560768537251196), (15, 6.486641207868253)]
Atom 13: [(2, 11.538959111483761), (4, 26.465303265695578), (15, 7.350418503089905), (10, 6.027574117586936), (21, 30.826714979782942), (1, 11.494282419213027), (3, 27.161658101983676), (5, 20.517704977843756), (7, 21.202742937841954), (12, 13.804138661634415), (14, 2.099843190175123), (6, 17.847984324860953), (0, 26.724291876192382), (18, 29.98225788992987), (16, 23.59438084379226), (11, 8.877938397963714), (8, 23.65464624423045), (9, 17.413461922677094), (17, 28.525675070709426)]
Atom 14: [(21, 28.835524204036496), (13, 2.098740219181153), (2, 9.45383144182387), (5, 18.42568271246152), (4, 24.749415308692292), (17, 26.653859504006956), (3, 25.063782352793794), (12, 12.922148304853035), (0, 24.984369579295986), (10, 5.87367460986932), (8, 21.558739042623678), (7, 19.108036365534428), (18, 27.884420006055578), (9, 15.330963879291575), (1, 9.470595326329379), (16, 22.408641575071233), (11, 7.656292476167415), (6, 15.766905713484583), (15, 6.5368648469104125)]
Atom 15: [(7, 18.975222921898524), (3, 24.16499231036044), (18, 27.2585656813987), (6, 16.32837374347026), (5, 17.517941633042177), (10, 2.158051786131455), (4, 20.306699159939043), (13, 7.12562867888156), (14, 6.322796368068293), (2, 9.348095756075592), (0, 20.61658879304991), (1, 8.349577698281182), (17, 22.942528670783982), (8, 20.651597493247397), (21, 25.946703494883895), (9, 14.36195682229128), (16, 16.596585362566923), (12, 6.710168921975233), (11, 2.433786451472757)]
Atom 16: [(6, 21.47927071207904), (17, 13.319896139065841), (4, 9.22431077124429), (8, 20.4198389823047), (10, 17.97858420075656), (15, 16.375060703284923), (2, 17.998132637291246), (13, 23.373493759465344), (18, 25.577805865344107), (0, 9.691226954539426), (21, 18.352831720834196), (14, 22.198959172234044), (5, 18.71787271858348), (7, 21.438400096707056), (12, 9.887933494109681), (9, 17.395594458603657), (11, 14.55824381179774), (3, 22.70178626990407), (1, 16.491236582298335), (19, 20.368675214957303)]
Atom 17: [(6, 16.695821636914943), (8, 11.719889549451226), (21, 5.133002403437865), (14, 26.547546586551487), (5, 12.269816268908667), (9, 13.49704695631498), (4, 4.102790673103577), (1, 17.489089607955425), (0, 3.791559292647843), (12, 18.766516140297824), (11, 20.454827879515598), (2, 18.198408094419), (7, 14.43995945136122), (3, 12.11004813328579), (13, 28.4184333634415), (10, 24.9032545077483), (18, 14.015353216265604), (15, 22.775725085958992), (16, 13.106732111950887), (20, 16.400873197612103), (19, 7.447874008755361)]
Atom 18: [(15, 27.192819641233125), (3, 3.2158732910892294), (13, 30.01139539599682), (12, 26.523191163779487), (7, 8.828979643728676), (5, 9.795531312909036), (6, 12.330711224681531), (9, 12.931774275948513), (21, 10.286631462945383), (10, 29.198160390754413), (4, 17.50499039069258), (16, 25.411415609865223), (8, 6.567764472751751), (11, 25.174207546016742), (1, 19.15250149084161), (17, 13.996928392984163), (0, 17.02777769513404), (14, 27.908157615694293), (2, 18.60060011365649)]
Atom 19: [(1, 19.472441754034623), (17, 7.447874008755361), (18, 7.31566781289379), (0, 11.052186814426092), (3, 6.672332487746866), (15, 26.505092944276402), (16, 20.368675214957303), (11, 24.239045882432972), (14, 28.8541225698085), (5, 11.07959201365832), (10, 28.644713040518877), (7, 12.017175882583118), (4, 11.584120824226055), (21, 2.975115069819981), (8, 8.682637859399039), (2, 19.53558108214654), (9, 13.744254507281749), (12, 24.01317683388215), (13, 30.903225563107807), (6, 15.334171178818409)]
Atom 20: [(9, 14.217164517650984), (0, 19.371749851090406), (6, 12.94423039931594), (15, 28.46523202800159), (18, 2.561514658983208), (2, 19.655435311537154), (14, 28.71268853591374), (3, 5.017542303372786), (5, 11.134536932398538), (8, 8.104144276944336), (10, 30.410879398046635), (4, 19.699936016496363), (7, 9.632725287589501), (13, 30.8060360376852), (11, 26.55388106574475), (16, 27.50426182048674), (21, 12.239390554357149), (17, 16.400873197612103), (1, 20.325892640051144), (12, 28.251259143658128)]
Atom 21: [(3, 9.024817221758129), (16, 18.053509227545703), (14, 28.76654847185943), (8, 10.239376718289314), (18, 10.198246709516434), (7, 13.455371037602584), (2, 19.70836809948068), (4, 9.090446540556549), (10, 27.956499357088607), (6, 16.46669784393299), (13, 30.758713658981318), (0, 8.518326001130694), (15, 25.804699720148665), (9, 14.216535814208246), (17, 4.7934837735063445), (12, 22.63231603186116), (5, 12.010672073936815), (1, 19.407151923457068), (11, 23.50223985702705), (19, 2.975115069819981)]
New position of object Informational Sign:1: (15.172349223207718, -2.500258070173567, 1.0285865960587475)
New position of object Pedestrian:2: (-0.9258335132825302, -0.05415738833620587, -0.0818491589510546)
New position of object Trash Can:1: (16.421877931587737, 0.9174841906428934, 0.20015998386692674)
New position of object Service Vehicle:1: (10.905112605681715, 16.398461396461357, 0.10568031891483276)
New position of object Pedestrian:1: (-1.6456072290101567, 1.397575046488253, 0.08613123063690975)
New position of object Railing:2: (11.049129958736025, -11.261056321182325, -0.07280947827018242)
New position of object Bollard:4: (10.459786681581711, 11.245096070004765, -0.47711305748109323)
New position of object Railing:1: (14.852903134297662, -3.104683824761455, 0.0555239150565246)
New position of object Bike:1: (17.545630701893316, 5.624699772138548, 0.04680199810632368)
New position of object Bollard:7: (16.544700380896074, 8.346813838347082, -0.3309834500599557)
New position of object Bollard:1: (5.64279574964538, 6.547154742750566, -0.5030033424984606)
New position of object Fence:1: (1.2973489466025292, 7.794005295543717, 0.5311552763691142)
New position of object Fence:2: (4.649934661247208, 9.08000910376693, 0.5805348759514412)
New position of object Bollard:3: (7.913984812231945, 8.798095878896302, -0.47110105293346544)
New position of object Bollard:2: (3.3893279169409496, 4.2844055333496875, -0.4378911019989588)
New position of object Fence:5: (-6.813072214923892, -8.323310625694292, 1.5323500091418718)
New position of object Fence:8: (-2.8322618460216553, -6.3932489983623135, 0.6102291374540798)
New position of object Fence:9: (1.099157240292115, -10.197548095763976, 1.2493020213757164)
New position of object Fence:6: (-11.530761838352603, -4.580957259382902, 0.8033769261897749)
New position of object Fence:7: (-9.851664230860457, -3.3287382559903502, 0.7461562091633334)
New position of object Fence:4: (-4.932225743046192, -7.279965549343748, 1.4363969211347793)

After Updating position of all the atoms:
Atom 0: [(12, 15.794316296754747), (13, 26.632144691977146), (10, 22.56026843229642), (8, 13.645705887375073), (18, 17.296763926321955), (7, 15.777772252881494), (2, 17.289745551806455), (14, 24.90524046456061), (6, 17.35919636368995), (9, 13.706489427446858), (21, 8.81204536404807), (1, 16.322947476029263), (17, 4.0729249652238035), (15, 20.483306651650974), (11, 18.235613980526207), (16, 9.392420467145453), (3, 14.804424099531643), (4, 0.9410862848420994), (5, 13.370429969077405), (20, 19.396460033338872), (19, 11.017746929337667)]
Atom 1: [(6, 8.184703461531083), (13, 11.50995937195024), (5, 9.368220986693531), (12, 10.461245619103842), (0, 16.32078317756602), (7, 10.750748130055554), (16, 16.50204335785404), (11, 6.648781327573024), (10, 10.252659123835363), (15, 8.373742808872203), (3, 16.103220680721932), (8, 12.553119298605187), (21, 19.394219291051456), (4, 16.18205064492807), (9, 6.169682768007551), (2, 1.6019644395853825), (17, 17.481319848014273), (18, 19.130930533829464), (14, 9.48533020419566), (20, 20.26561418395153), (19, 19.387055990897903)]
Atom 2: [(15, 9.381245406894577), (0, 17.289447196190366), (9, 5.854893470413475), (7, 9.95655603396026), (5, 8.96383476478796), (12, 12.013228692712067), (4, 17.18542349988005), (17, 18.07422224647176), (8, 12.121532592267938), (1, 1.6290545342191065), (18, 18.571610917996058), (16, 18.01580669151247), (14, 9.477546245666232), (21, 19.692979055465525), (13, 11.563252329455622), (11, 7.920300400097607), (10, 11.109595029042495), (3, 15.652887116925037), (6, 7.047691576809246), (19, 19.47699143569512)]
Atom 3: [(7, 6.343545460117004), (21, 8.84271114854598), (4, 14.77179122916956), (5, 6.686628890873534), (2, 15.615104103632865), (10, 26.12085120412838), (15, 24.089984812770656), (14, 25.03704764250379), (13, 27.13439740632677), (9, 9.882284983089946), (18, 3.347191744977722), (1, 16.04561340326421), (17, 11.944237019444635), (6, 9.90238270039395), (11, 22.030730655327957), (12, 23.33165149138976), (8, 3.49946609320987), (16, 22.517497248535996), (0, 14.608563844345692), (19, 6.741481178836836)]
Atom 4: [(0, 1.189212881568436), (12, 15.272176881074467), (10, 22.1439778221163), (6, 17.474060939478935), (8, 13.924310060386253), (7, 16.025279197519428), (16, 9.000642873224992), (14, 24.57575596407527), (2, 17.101816159685768), (3, 15.016636019424405), (11, 17.804562435028494), (1, 16.071500026272652), (21, 9.439408579623159), (9, 13.681114861386387), (18, 17.779407622195468), (5, 13.498114531739425), (15, 20.080050913528535), (13, 26.277162343569763), (17, 4.3197728008628085), (19, 11.582243504393592)]
Atom 5: [(4, 13.35275321675537), (7, 3.0356698495057746), (1, 9.322101860210804), (0, 13.229279487290208), (14, 18.4111165100198), (16, 18.615743273874006), (18, 9.858967060027831), (6, 4.7132511827871015), (13, 20.50180863095265), (8, 3.23749387729135), (15, 17.453714231975706), (12, 17.34684891554513), (9, 3.154293959717795), (21, 11.951179397273707), (17, 12.180978691134827), (2, 8.94349308562909), (11, 15.440292907008882), (10, 19.454969237813355), (3, 6.728649542035762)]
Atom 6: [(17, 16.61768568144983), (3, 9.842606251089478), (15, 16.331268541071665), (7, 3.5408765262300617), (4, 17.40002008816258), (16, 21.413952917448007), (11, 14.769182075478584), (10, 18.078206786608394), (0, 17.283950035693554), (8, 6.715162522570189), (13, 17.882044563448037), (5, 4.637567063456227), (14, 15.799860066148183), (2, 7.055023556579273), (21, 16.399608060906687), (12, 17.980759923467204), (1, 8.179973850832782), (9, 4.148975604400253), (18, 12.282221722599754)]
Atom 7: [(17, 14.330043488280646), (8, 3.3588722092603334), (21, 13.361250305823429), (13, 21.212496171525792), (11, 17.14495606973919), (9, 5.006810077880167), (3, 6.289721871486208), (1, 10.721983997901326), (16, 21.333904985320018), (2, 9.944751163348476), (14, 19.117092015491952), (18, 8.809597719283797), (6, 3.591110568286514), (10, 20.838039364916114), (4, 15.901035939008846), (0, 15.653259928126586), (5, 2.9283407291188643), (15, 18.943366311701784), (12, 19.541346510211127)]
Atom 8: [(15, 20.60149709291948), (3, 3.531140500952674), (6, 6.767021931953372), (10, 22.618814332277317), (5, 3.1978201188443016), (7, 3.440848235743922), (11, 18.563574062793176), (2, 12.102231876961286), (21, 10.154174952426827), (17, 11.616319438227592), (12, 20.14223256948751), (16, 20.30658411092361), (1, 12.516241167870609), (14, 21.546685205688572), (4, 13.787751303639647), (18, 6.705435291319706), (9, 6.351317645227975), (0, 13.512428313427685), (13, 23.641875936000364)]
Atom 9: [(8, 6.391167612919108), (10, 16.29374003809031), (15, 14.315435835954084), (3, 9.921901947275874), (17, 13.475556700946315), (14, 15.302688445706957), (2, 5.827431817611206), (11, 12.344931956677284), (12, 14.695547191994267), (16, 17.333990774838387), (13, 17.384384772097103), (6, 4.199132932708712), (4, 13.647551307293268), (1, 6.12947895497858), (21, 14.227867886196806), (5, 3.1941181664961564), (7, 5.062028688278372), (0, 13.675591693078966), (18, 13.030777131566136)]
Atom 10: [(5, 19.504411047015353), (12, 8.391778323630074), (18, 29.307374789247255), (15, 2.3041487635133437), (4, 22.334492804464173), (3, 26.178467046085686), (21, 28.108722040336588), (11, 4.68003012211472), (9, 16.337849467837678), (1, 10.278332245422186), (6, 18.070672229202202), (16, 18.17319876202559), (8, 22.672507261762384), (0, 22.749076342853453), (7, 20.861016664984728), (13, 5.77073100196827), (17, 25.040565636821526), (14, 5.648670784799348), (2, 11.103596777062318)]
Atom 11: [(14, 7.4470618936906625), (12, 5.687497415208512), (6, 14.776268892180465), (3, 22.112713172739312), (5, 15.508705193771108), (9, 12.402380477696289), (4, 17.996872482903477), (7, 17.18737509387809), (1, 6.655638496532764), (16, 14.726001776445102), (15, 2.281210930468623), (17, 20.59943870709263), (18, 25.326939866085745), (8, 18.63942197066427), (10, 4.519103448745247), (0, 18.42542865401907), (21, 23.66446803725166), (13, 8.666808417186234), (2, 7.8980862931362426)]
Atom 12: [(17, 18.95865003438257), (14, 12.705201761772981), (10, 8.136108234873689), (13, 13.566259657541398), (18, 26.782085369845287), (3, 23.46036831299581), (6, 18.006971098218855), (16, 10.09361113084938), (7, 19.613247598731558), (0, 16.042185687275488), (9, 14.758674848357606), (11, 5.507918100851466), (4, 15.520932827986389), (1, 10.428850658652669), (21, 22.853359123386248), (5, 17.43847178344757), (2, 11.97220025577443), (8, 20.25428723962932), (15, 6.478686373374822)]
Atom 13: [(15, 7.382373742880306), (10, 6.065740338740013), (16, 23.563593521766673), (11, 8.887384853377736), (17, 28.494680190641155), (21, 30.824737536941274), (1, 11.564603195708692), (0, 26.78499895235025), (7, 21.17750220792403), (6, 17.826223076511447), (2, 11.574695312220465), (9, 17.39955407677411), (5, 20.505428217102125), (12, 13.829670919691123), (14, 2.0991443920906288), (18, 29.95242372973688), (3, 27.123566188657588), (4, 26.435514838358696), (8, 23.637291073673982)]
Atom 14: [(18, 27.85943106582594), (15, 6.561825956000114), (7, 19.08666581390989), (4, 24.71523461457431), (5, 18.416621628181012), (0, 25.03931699729683), (6, 15.749988709378124), (10, 5.898889326529884), (9, 15.31945819702433), (16, 22.370417350609138), (12, 12.936544948956582), (8, 21.544375305390258), (11, 7.6603989517007065), (13, 2.095398629950947), (1, 9.543528003170028), (2, 9.492788943354917), (17, 26.62005887871537), (3, 25.028944700662432), (21, 28.831665204569152)]
Atom 15: [(2, 9.376821928780162), (7, 18.978911151707766), (5, 17.515182229297977), (8, 20.66803651636687), (12, 6.702601965535079), (18, 27.321254597376857), (9, 14.369964838090041), (11, 2.4245964236100757), (21, 25.956028037218694), (13, 7.157236803707079), (3, 24.160990768567864), (14, 6.347401389513032), (1, 8.400509117791007), (17, 22.9068594039359), (6, 16.33559488607156), (10, 2.152988479815396), (16, 16.538758047583563), (0, 20.668958547091755), (4, 20.267982446007107)]
Atom 16: [(7, 21.444051609539198), (11, 14.515660288349109), (4, 9.357986576334635), (3, 22.698319145713878), (14, 22.163185012925737), (21, 18.387807370875443), (8, 20.43512043794604), (1, 16.401049221407543), (6, 21.47081661814821), (2, 17.928261558708563), (0, 9.74502931808498), (17, 13.313819215582344), (9, 17.387541047386367), (10, 17.933259811836805), (18, 25.64533140763096), (5, 18.764686421126235), (12, 9.8332833067051), (15, 16.317062929621656), (13, 23.324372231855204), (19, 20.365080904764255)]
Atom 17: [(21, 5.150945826346569), (9, 13.492290546146801), (0, 3.732100588974561), (3, 12.145172057859451), (10, 24.875353352246062), (15, 22.740311445816605), (18, 14.295451835421314), (2, 18.08114534279414), (14, 26.51417891136759), (16, 12.966519404614646), (5, 12.304986727824732), (7, 14.453170092162404), (11, 20.425854606109848), (6, 16.695971706052468), (13, 28.374642456359602), (4, 3.964314551902264), (1, 17.377189326502627), (8, 11.745644451084006), (12, 18.727357745689407), (20, 16.434849598194663), (19, 7.449304512215497)]
Atom 18: [(15, 27.192819641233125), (3, 3.2158732910892294), (13, 30.01139539599682), (12, 26.523191163779487), (7, 8.828979643728676), (5, 9.795531312909036), (6, 12.330711224681531), (9, 12.931774275948513), (21, 10.286631462945383), (10, 29.198160390754413), (4, 17.50499039069258), (16, 25.411415609865223), (8, 6.567764472751751), (11, 25.174207546016742), (1, 19.15250149084161), (17, 13.996928392984163), (0, 17.02777769513404), (14, 27.908157615694293), (2, 18.60060011365649), (20, 2.1903408393125243), (19, 7.777781177055762)]
Atom 19: [(4, 11.582243504393592), (7, 12.046803940212756), (15, 26.497616106909636), (1, 19.387055990897903), (11, 24.23236761482961), (13, 30.88060973983799), (0, 11.017746929337667), (12, 23.995915326106623), (18, 7.777781177055762), (21, 2.9248056929970905), (8, 8.717813694902123), (2, 19.47699143569512), (16, 20.365080904764255), (3, 6.741481178836836), (6, 15.35470350084651), (17, 7.449304512215497), (5, 11.099085602624983), (10, 28.64360431453973), (14, 28.839295235120716), (9, 13.753503767863512)]
Atom 20: [(2, 19.58967401828852), (10, 30.415394238009057), (11, 26.55469069174095), (0, 19.396460033338872), (16, 27.435584176303355), (18, 2.1903408393125243), (8, 8.099830216870412), (21, 12.361906918892707), (3, 5.033759180863739), (14, 28.685773958621336), (5, 11.099707954410336), (6, 12.942609816314121), (17, 16.434849598194663), (4, 19.62590711814922), (15, 28.46856818801269), (9, 14.217741209743712), (1, 20.26561418395153), (12, 28.25360781916854), (13, 30.774452365714026), (7, 9.63170033185737)]
Atom 21: [(0, 8.521226784518639), (11, 23.51389265258843), (13, 30.746909319416933), (6, 16.47655035113598), (3, 9.059388887266357), (17, 4.84192291256702), (16, 18.092749588004782), (14, 28.76279830539702), (9, 14.224477259723923), (18, 10.568908714091174), (4, 9.135261124179852), (10, 27.972682050450196), (8, 10.2547521735012), (15, 25.814651435356396), (7, 13.470214574816652), (2, 19.65130386400057), (5, 12.031737563240027), (12, 22.643228315799597), (1, 19.325138033706498), (19, 2.9248056929970905)]
New position of object Informational Sign:1: (15.015721610670955, -2.8729146251303135, 0.9935062226626377)
New position of object Pedestrian:2: (-0.9160910752178602, -0.034914932123337294, -0.10416561294224586)
New position of object Trash Can:1: (16.33188529155395, 0.5685788659028539, 0.1717607433919742)
New position of object Service Vehicle:1: (11.115770643645742, 16.18297171720998, 0.15840951740523398)
New position of object Pedestrian:1: (-1.6387096525103608, 1.4362935487811068, 0.09244024549930571)
New position of object Railing:2: (10.694748946381356, -11.4573161579594, -0.0887253454018713)
New position of object Bollard:4: (10.647540013149868, 11.0077176207527, -0.4776447825151231)
New position of object Railing:1: (14.674247875306907, -3.4380498541424362, 0.04794777566721409)
New position of object Bike:1: (17.47745781247865, 5.338096887907059, 0.03583484522302649)
New position of object Bollard:7: (16.623167644792087, 7.995229721766947, -0.3354624772805883)
New position of object Bollard:1: (5.708167248963303, 6.446710310224715, -0.4811171626861931)
New position of object Fence:1: (1.3839901577388787, 7.7641633441176285, 0.5386201498583375)
New position of object Fence:2: (4.743525279630379, 8.985011283707781, 0.5812616013735802)
New position of object Bollard:3: (8.048517286316713, 8.607107718589562, -0.45102636218808)
New position of object Bollard:2: (3.4035449779333256, 4.227771126336569, -0.42549017109915066)
New position of object Fence:5: (-7.041149167848804, -8.198647706530075, 1.5127291997612122)
New position of object Fence:8: (-3.036602125291271, -6.337198262780152, 0.6084411476201331)
New position of object Fence:9: (0.8299820828513305, -10.21670858557668, 1.2350849990113557)
New position of object Fence:6: (-11.778821308380254, -4.313835743573909, 0.8109666267895081)
New position of object Fence:7: (-9.989528235346437, -3.124434104075494, 0.7555054639461574)
New position of object Fence:4: (-5.140717292108221, -7.1953227808881906, 1.4259353898859046)

After Updating position of all the atoms:
Atom 0: [(16, 9.33979655133355), (13, 26.60205522697604), (10, 22.50540844040647), (21, 8.916621520694559), (7, 15.826953910430236), (5, 13.372695576082943), (2, 17.223829136273505), (15, 20.433767485367806), (9, 13.727678626542705), (6, 17.383633036332505), (8, 13.740168347263122), (11, 18.195883295234058), (4, 0.9798150986427334), (17, 4.119926824117202), (1, 16.224517291025712), (3, 14.907631942504294), (12, 15.728523479483508), (18, 17.627177876255274), (14, 24.87279308407533), (20, 19.468790623573003), (19, 11.066462944547162)]
Atom 1: [(0, 16.219795965869473), (3, 16.024616461624483), (14, 9.561212627582336), (21, 19.310339220110663), (4, 16.065807174844817), (8, 12.49507750207392), (9, 6.107743829233675), (7, 10.701929612856405), (13, 11.582804915533943), (15, 8.425759849272959), (17, 17.366774238150004), (2, 1.618775539147639), (6, 8.160572363122943), (16, 16.407124918330368), (12, 10.448550771711863), (10, 10.302915758006543), (18, 19.10975659370537), (5, 9.300629501317466), (11, 6.679107903019064), (20, 20.19540763370614), (19, 19.291508957292596)]
Atom 2: [(16, 17.95080151949152), (0, 17.22647020376889), (9, 5.802943650820362), (1, 1.6508439859983557), (15, 9.414172318916194), (13, 11.600234251933358), (17, 17.991706510386894), (8, 12.073428836890002), (14, 9.51764128172913), (7, 9.910180177916233), (5, 8.916040384169074), (4, 17.10541231986206), (6, 7.0166523093751145), (3, 15.58558986408082), (10, 11.139894151076012), (21, 19.636286420173388), (11, 7.936901704871773), (12, 12.007519131841482), (18, 18.53977433330372), (19, 19.408732747997618)]
Atom 3: [(0, 14.625910135591724), (2, 15.584899311565012), (5, 6.704083038585978), (14, 25.04494021974667), (6, 9.938395114350538), (17, 11.904164259795873), (21, 8.765590723638184), (18, 3.5131208629168107), (8, 3.514938847113385), (10, 26.12664753669285), (4, 14.735305303933481), (7, 6.388041505283394), (12, 23.31988964271815), (11, 22.0381979097164), (16, 22.468449650356767), (13, 27.138991767438633), (15, 24.100456684284623), (9, 9.893742902121902), (1, 15.993648249721106), (19, 6.693536041697497)]
Atom 4: [(13, 26.24079733223444), (7, 16.0459435530185), (12, 15.212401330856114), (8, 13.98906111104707), (21, 9.506748731205517), (5, 13.474976269906277), (18, 18.07620110450646), (10, 22.085609510648425), (14, 24.536091960243844), (11, 17.763086582426553), (9, 13.682900828902634), (15, 20.027528928596254), (0, 1.1532835365591834), (2, 17.025680206495895), (16, 8.95341964384986), (6, 17.473808323405006), (17, 4.337760384692859), (3, 15.005692975771302), (1, 15.958168264957916), (19, 11.60453245722818)]
Atom 5: [(13, 20.504634919150334), (7, 3.0300534313636502), (6, 4.721781164431224), (0, 13.253697267572246), (10, 19.46763997539304), (16, 18.589624314028878), (17, 12.159032193617897), (14, 18.416675874882568), (3, 6.723109626333771), (4, 13.355859950379411), (21, 11.8326862320893), (1, 9.275470694179418), (8, 3.224088326556205), (15, 17.473306883349704), (11, 15.459447626596047), (9, 3.1708746881819487), (2, 8.911220142564472), (12, 17.357092547368808), (18, 9.899286106469319)]
Atom 6: [(15, 16.340942463623485), (8, 6.688002959146265), (4, 17.38853904494115), (18, 12.226047028582029), (10, 18.082758343348274), (12, 17.978022037002244), (5, 4.634010595518671), (1, 8.156541495878795), (17, 16.593691293343095), (16, 21.367008818257034), (0, 17.296775753531318), (11, 14.772076124950162), (21, 16.283067667569973), (9, 4.1332394287152034), (3, 9.867461410207524), (7, 3.521306633544823), (2, 7.0269286887421085), (14, 15.790359928312006), (13, 17.867929874110647)]
Atom 7: [(4, 15.913394450705175), (6, 3.5747397416051685), (17, 14.328088266133575), (15, 18.94467961322209), (9, 4.996820704228453), (10, 20.833567196474473), (21, 13.257092920687969), (18, 8.793608098264604), (14, 19.096470218478487), (13, 21.188139581572305), (5, 2.915845434742513), (3, 6.33008796379459), (16, 21.301518651797704), (8, 3.3457761689330248), (2, 9.897222261250516), (0, 15.693895945580847), (11, 17.143053374309847), (1, 10.670526542267158), (12, 19.537100111220873)]
Atom 8: [(3, 3.538157087702533), (17, 11.559411550963196), (9, 6.355625248316797), (7, 3.483016179764874), (5, 3.1851939839959944), (10, 22.615032382161168), (6, 6.7901308739087956), (1, 12.456687800153691), (0, 13.506277188711312), (18, 6.7928090286338785), (15, 20.60245503005562), (13, 23.639939858528166), (14, 21.54795033375412), (4, 13.756275003796334), (16, 20.241415699582895), (12, 20.11963722231432), (2, 12.064754352075882), (21, 9.991415569993087), (11, 18.56147406317866)]
Atom 9: [(13, 17.382097980368872), (16, 17.300203148325235), (17, 13.449475079662651), (0, 13.684879796932512), (12, 14.703909901548956), (3, 9.921988643456485), (10, 16.30159679856283), (6, 4.184994659581995), (1, 6.07725246606941), (18, 13.065624332975492), (4, 13.638830543527392), (5, 3.199698310171536), (15, 14.331074644065064), (14, 15.30275009449179), (21, 14.125178460531796), (7, 5.0438507368099605), (8, 6.383964977265295), (2, 5.786616519233287), (11, 12.359776281189404)]
Atom 10: [(14, 5.674737626162614), (4, 22.279303069764648), (18, 29.354241850832736), (12, 8.386273610061366), (3, 26.186557288356024), (11, 4.667837116455062), (17, 24.99922394823047), (8, 22.6712987059408), (15, 2.3015997771928123), (13, 5.809258709211454), (1, 10.333306261084779), (21, 28.04615409294565), (16, 18.103747088791238), (6, 18.076039326560096), (0, 22.696664378154374), (2, 11.137130080222017), (5, 19.51940070422151), (9, 16.348217491162046), (7, 20.857236634144446)]
Atom 11: [(7, 17.18433084385403), (16, 14.671457004437302), (0, 18.385753411326146), (6, 14.77819035853189), (15, 2.273259734324474), (14, 7.450830058013312), (10, 4.507674337054341), (3, 22.1197069537444), (17, 20.56741968120867), (1, 6.687536967266603), (13, 8.676008970187532), (2, 7.915019598261079), (4, 17.955317375613227), (18, 25.39839173064988), (21, 23.6107401401062), (9, 12.416242864730625), (5, 15.52695872099252), (8, 18.6369156525094), (12, 5.6936375914295505)]
Atom 12: [(21, 22.81509637099549), (3, 23.447689754157377), (17, 18.914599836518217), (7, 19.60738002199243), (0, 15.975759011383929), (13, 13.591764240024702), (14, 12.719306372363096), (18, 26.905769429154056), (2, 11.966308313774922), (1, 10.416875043718752), (5, 17.447394351926626), (10, 8.130458977173223), (6, 18.00288153561021), (16, 10.030214666119008), (15, 6.470550608695238), (11, 5.513053264737153), (4, 15.460375296753135), (8, 20.230825051367276), (9, 14.765626638189245)]
Atom 13: [(16, 23.598731280965943), (14, 2.165306410582798), (18, 29.9776779283836), (21, 30.817048865831495), (10, 6.1668283588502), (3, 27.19103159102134), (12, 13.928593150108272), (15, 7.487653832343818), (0, 26.833879790565426), (11, 8.97560074307065), (8, 23.699509741878913), (5, 20.573128121401755), (1, 11.71091535471594), (2, 11.679132306507947), (4, 26.47855864521773), (9, 17.464023573762667), (6, 17.86650050397032), (17, 28.538717247412972), (7, 21.210847070027334)]
Atom 14: [(15, 6.580909000108722), (4, 24.675916290127248), (0, 25.00764735578282), (6, 15.746920786811456), (11, 7.660722090278472), (3, 25.04250302579609), (1, 9.623482995937621), (2, 9.538137303000266), (8, 21.5512384522562), (9, 15.323970847543611), (21, 28.750090071878674), (12, 12.945738966045708), (10, 5.917260396084917), (17, 26.585633578105636), (5, 18.426982510389692), (18, 27.837344584250076), (7, 19.07175645813779), (13, 2.1492607803224466), (16, 22.315666503914642)]
Atom 15: [(9, 14.384688691813938), (21, 25.895961715683953), (11, 2.4149482727265528), (7, 18.979329162746883), (12, 6.694359347884788), (13, 7.262615166497632), (6, 16.34458200033017), (10, 2.1507755313323225), (8, 20.668713164449628), (14, 6.366520122316751), (16, 16.468781851720685), (17, 22.86752685667709), (4, 20.215063549167276), (3, 24.17112670260872), (2, 9.40994512579739), (18, 27.380754674025916), (5, 17.533973083211688), (0, 20.619220074753006), (1, 8.453408561754625)]
Atom 16: [(14, 22.111668873435782), (13, 23.2820421743312), (12, 9.769990429613634), (18, 25.851802393363506), (21, 18.405113874273233), (1, 16.287513443525167), (4, 9.331533689228822), (8, 20.448974965368823), (5, 18.7044066940227), (11, 14.460751520712941), (3, 22.7069498887277), (6, 21.431489832655117), (0, 9.67129668706796), (10, 17.859834204091182), (15, 16.247418071164315), (9, 17.357790612563605), (7, 21.41890328405239), (17, 13.284099905581705), (2, 17.843547664398347), (19, 20.33736877471548)]
Atom 17: [(16, 12.957916003712322), (6, 16.684520809065862), (18, 14.594201344727926), (0, 3.7751066099384403), (8, 11.789795165145703), (5, 12.266022636607683), (15, 22.70157202027996), (13, 28.34155546884618), (11, 20.394210876003452), (9, 13.479200072342831), (12, 18.684394259493335), (21, 5.201264387398212), (4, 3.961534805649238), (7, 14.459581996530906), (10, 24.8315517005586), (1, 17.260736625853916), (3, 12.202073549367805), (14, 26.47824156722701), (2, 17.996799837966144), (20, 16.462602904471364), (19, 7.449648564852187)]
Atom 18: [(15, 27.192819641233125), (3, 3.2158732910892294), (13, 30.01139539599682), (12, 26.523191163779487), (7, 8.828979643728676), (5, 9.795531312909036), (6, 12.330711224681531), (9, 12.931774275948513), (21, 10.286631462945383), (10, 29.198160390754413), (4, 17.50499039069258), (16, 25.411415609865223), (8, 6.567764472751751), (11, 25.174207546016742), (1, 19.15250149084161), (17, 13.996928392984163), (0, 17.02777769513404), (14, 27.908157615694293), (2, 18.60060011365649), (20, 2.1903408393125243), (19, 7.777781177055762)]
Atom 19: [(15, 26.478407437056664), (18, 8.101520752340859), (0, 11.066462944547162), (7, 12.057118459109015), (16, 20.33736877471548), (2, 19.408732747997618), (17, 7.449648564852187), (4, 11.60453245722818), (6, 15.351619991728118), (10, 28.618889239771278), (3, 6.693536041697497), (13, 30.856136820957083), (12, 23.968386309329837), (9, 13.744643382894857), (11, 24.21644873183963), (5, 11.07671242030319), (1, 19.291508957292596), (14, 28.815254164907262), (8, 8.747162825764082), (21, 2.81567545876306)]
Atom 20: [(21, 12.362550831972099), (16, 27.44508295081123), (13, 30.731452340584134), (0, 19.468790623573003), (11, 26.541241363208957), (2, 19.531153167952958), (9, 14.199625659483242), (4, 19.646638414894248), (8, 8.07366751951797), (17, 16.462602904471364), (6, 12.919562749785248), (10, 30.395542321074952), (12, 28.23923540271893), (1, 20.19540763370614), (14, 28.64761067643542), (7, 9.614431998697434), (5, 11.101346311456302), (18, 1.9386809066482746), (15, 28.454891758810202), (3, 5.021635172823459)]
Atom 21: [(13, 30.66681534385006), (4, 9.212973695443198), (12, 22.607023184823532), (8, 10.182759589076726), (2, 19.510385234998804), (1, 19.162763287964353), (7, 13.373255226385814), (14, 28.67925207377781), (5, 11.90845891080667), (6, 16.372927390903993), (18, 10.76990841315624), (9, 14.135419544438129), (17, 4.907047423116443), (15, 25.755989417174455), (3, 8.891346226978419), (10, 27.908842002144535), (0, 8.625426926343412), (16, 18.113711772703702), (11, 23.461438952313024), (19, 2.81567545876306)]
New position of object Informational Sign:1: (14.858959763797682, -3.2213354249932316, 0.9763797864116603)
New position of object Pedestrian:2: (-0.9029785686611618, -0.0201368859635771, -0.10457983758323681)
New position of object Trash Can:1: (16.240335368042746, 0.20911818317239472, 0.1491379772988957)
New position of object Service Vehicle:1: (11.36259618157882, 15.93727370457756, 0.15526618905715558)
New position of object Pedestrian:1: (-1.6047461910855958, 1.4793262087949088, 0.09792536709521832)
New position of object Railing:2: (10.312294241697511, -11.714277138707628, -0.05377567237148828)
New position of object Bollard:4: (10.779704869442408, 10.773875822818638, -0.45720440708806265)
New position of object Railing:1: (14.546643437868301, -3.7935395574812922, 0.012014497800910073)
New position of object Bike:1: (17.509836989145814, 4.987183855241181, 0.03825854153160971)
New position of object Bollard:7: (16.75786916771577, 7.572558559200234, -0.34310780917945977)
New position of object Bollard:1: (5.779880776538821, 6.288972644344402, -0.5010351785300496)
New position of object Fence:1: (1.486322469748849, 7.727835142753076, 0.5487400055728298)
New position of object Fence:2: (4.851925350988214, 8.875865013102985, 0.5842844019560525)
New position of object Bollard:3: (8.167762630970717, 8.406731755026097, -0.45268599090817896)
New position of object Bollard:2: (3.4071656817454965, 4.137461026297626, -0.4379503896377095)
New position of object Fence:5: (-7.277950617077504, -8.058210397655861, 1.5230403577229)
New position of object Fence:8: (-3.2467590971928395, -6.273505050955157, 0.6079317779378562)
New position of object Fence:9: (0.5485866494087794, -10.231845925111044, 1.2207950140791073)
New position of object Fence:6: (-11.965543586883337, -4.046579615177981, 0.827075272576125)
New position of object Fence:7: (-10.12766424682751, -2.9189123456571338, 0.7701035345258872)
New position of object Fence:4: (-5.3551375077650825, -7.100791997007532, 1.4175572249457005)

After Updating position of all the atoms:
Atom 0: [(11, 18.168519900972402), (4, 0.9711177189848147), (8, 13.723399077965643), (21, 9.000279903228744), (12, 15.678468956353116), (13, 26.660688267724), (10, 22.46499676071911), (7, 15.85790128474272), (5, 13.391505118710308), (3, 14.910271437564132), (17, 4.144921199135681), (14, 24.849658572622875), (6, 17.391021321065075), (2, 17.165312491740902), (1, 16.12988167628551), (18, 17.938166225365755), (9, 13.736118655101798), (15, 20.395630857758654), (16, 9.290128056571266), (20, 19.492334124432098), (19, 11.038797569536968)]
Atom 1: [(15, 8.472555634307913), (18, 19.08999731276135), (3, 15.973954800962765), (6, 8.138750656668318), (10, 10.352819232901291), (11, 6.705670201047396), (0, 16.120013827265417), (14, 9.6406323853481), (5, 9.255762639455352), (12, 10.429186397770895), (16, 16.28854212561295), (9, 6.057544963142563), (17, 17.247129692599238), (8, 12.43698728402052), (2, 1.6435652564259073), (21, 19.14603946041383), (13, 11.72851356768496), (7, 10.651106878906857), (4, 15.948522734645588), (20, 20.12835802211397), (19, 19.225281857068712)]
Atom 2: [(18, 18.485552995799907), (17, 17.89030427387254), (8, 12.01216520934519), (1, 1.6678955981558925), (10, 11.190144159768321), (16, 17.85130625053392), (6, 6.973229859388744), (13, 11.729490941074742), (9, 5.736801698163951), (4, 17.00555006218959), (21, 19.4685509481452), (14, 9.588096293419987), (5, 8.859396031563385), (7, 9.842229067901368), (0, 17.144139398962068), (11, 7.96297008616865), (15, 9.461302095489271), (12, 12.000760963685527), (3, 15.53190397623846), (19, 19.35219970840237)]
Atom 3: [(13, 27.16862899370029), (1, 15.909750053326103), (4, 14.744540528607054), (10, 26.10402509394908), (14, 25.019886646752912), (8, 3.48630288414005), (16, 22.496627548588844), (5, 6.666740360115833), (0, 14.64791527842285), (17, 11.907990616128814), (11, 22.018510298924554), (2, 15.494239241225968), (15, 24.081074638736517), (21, 8.640062199978574), (7, 6.380745413388774), (12, 23.290887934339786), (18, 3.704522697763994), (9, 9.862059989433051), (6, 9.916122765294318), (19, 6.782322510257515)]
Atom 4: [(12, 15.19538747589646), (11, 17.77628895163521), (18, 18.405320940423696), (9, 13.736865679966634), (17, 4.348409386405856), (1, 15.90418127742199), (8, 14.007715844670091), (21, 9.59046528996997), (14, 24.556551087275718), (3, 15.053889312107973), (16, 8.981766267959479), (5, 13.536046598969298), (7, 16.115723052043116), (0, 1.16402726194696), (13, 26.342724360469123), (10, 22.08370240718141), (15, 20.029065727096427), (2, 16.990523270720942), (6, 17.5246469649836), (19, 11.584637131964293)]
Atom 5: [(12, 17.319154806525766), (14, 18.40829654208992), (17, 12.116454335427889), (11, 15.43960816382555), (21, 11.814286458250882), (2, 8.83312900512471), (10, 19.450583519196314), (8, 3.243911638385786), (4, 13.370729218349613), (3, 6.716734222581141), (16, 18.570401601364576), (15, 17.45849079569673), (7, 3.084481055332071), (9, 3.1466220894348824), (1, 9.199056958760227), (13, 20.55356206001807), (0, 13.230963298612371), (6, 4.751939092096733), (18, 9.98422496226939)]
Atom 6: [(17, 16.564168651106808), (12, 17.969655026500362), (8, 6.695898286511984), (2, 6.985828741245635), (3, 9.831441624345432), (11, 14.774490712628515), (10, 18.09143177432496), (4, 17.424182421112164), (1, 8.134288956472117), (7, 3.4915497487905465), (18, 12.160944368548927), (16, 21.36016228464401), (21, 16.264217729672573), (13, 17.917439548940216), (5, 4.648332621520351), (15, 16.351995907577518), (9, 4.107957485422791), (14, 15.795874434993253), (0, 17.288569637247136)]
Atom 7: [(2, 9.830256293538419), (10, 20.82897539165316), (21, 13.25302653838614), (13, 21.22737207781109), (15, 18.94318770660956), (14, 19.086781816460032), (18, 8.777255249166384), (3, 6.310761760086229), (4, 15.963360041057252), (5, 2.9548319734185777), (8, 3.370800923032103), (12, 19.522446969840612), (0, 15.70467239292624), (6, 3.556194418410865), (1, 10.617546931994587), (9, 4.972145127973917), (17, 14.31774199172313), (16, 21.311421888575264), (11, 17.13670748797451)]
Atom 8: [(14, 21.543322034118543), (4, 13.775074845226927), (0, 13.491712063681955), (5, 3.192055927696777), (7, 3.5057339426762835), (18, 6.903229353010861), (13, 23.691261390525987), (15, 20.59293475678043), (2, 11.991415643979881), (16, 20.238901753142464), (12, 20.087909906378115), (6, 6.790095526910669), (11, 18.548510796434716), (9, 6.337367071131778), (10, 22.603373244678703), (3, 3.5250012355859823), (1, 12.38594521613821), (17, 11.52082857078722), (21, 9.960355801201512)]
Atom 9: [(6, 4.189747352429211), (3, 9.919511386293058), (7, 5.058138670814392), (13, 17.42407563317581), (14, 15.28498824557083), (8, 6.394542439150358), (17, 13.433793002760767), (2, 5.698429972869682), (12, 14.679342899480785), (21, 14.136270435893813), (5, 3.203554097286316), (11, 12.342429502432317), (15, 14.316855882288598), (18, 13.13373405358749), (1, 5.997841260347709), (0, 13.685605677358245), (10, 16.283488960443893), (4, 13.681783631492788), (16, 17.29468107525362)]
Atom 10: [(12, 8.395272799763175), (16, 18.03524014255004), (21, 28.050335161392454), (17, 24.966900193901086), (2, 11.188422843054976), (3, 26.165774638137307), (14, 5.68189330313035), (0, 22.66576710575435), (6, 18.08206231934105), (18, 29.398775069450114), (7, 20.851332421752172), (13, 5.8979002643521214), (11, 4.66769873838141), (1, 10.387494495672533), (5, 19.50501227175286), (4, 22.28864110230958), (9, 16.332531846337925), (15, 2.3068963347556113), (8, 22.662035928767974)]
Atom 11: [(16, 14.624902909337035), (18, 25.468652381786207), (5, 15.508896832640257), (15, 2.259636138953808), (2, 7.94120302379187), (12, 5.70631176218251), (10, 4.502566152465538), (14, 7.443343433680879), (21, 23.621259986076524), (13, 8.756575387656556), (9, 12.399870932148058), (8, 18.625938070711946), (4, 17.975275242073682), (7, 17.17826133016323), (6, 14.779820432102298), (0, 18.364872687656202), (17, 20.542194294772173), (1, 6.716069786348774), (3, 22.101796333227696)]
Atom 12: [(16, 9.957515688439623), (6, 17.996698321153357), (13, 13.680489420103578), (5, 17.414608340746273), (21, 22.81887975014073), (9, 14.744486856526013), (7, 19.59664479032573), (1, 10.399166388703255), (3, 23.42502525593489), (4, 15.455048789082916), (17, 18.878378059666417), (0, 15.937182152087066), (14, 12.719420681916226), (2, 11.960319030696656), (15, 6.452188366604626), (18, 27.03292976875526), (8, 20.205171596662325), (10, 8.12839032266957), (11, 5.518035262525396)]
Atom 13: [(7, 21.2102754356024), (6, 17.879234150774344), (5, 20.578814439067973), (4, 26.52591966686142), (14, 2.1817679186071315), (8, 23.708073988340974), (16, 23.576928171755235), (11, 9.001356772477203), (3, 27.177961679000703), (1, 11.809342364345381), (15, 7.539991440151963), (0, 26.837609800837008), (21, 30.83876090857757), (17, 28.5331766606376), (18, 29.95924755824236), (9, 17.461357375793295), (2, 11.764923180235796), (10, 6.208951343442829), (12, 13.964812570547545)]
Atom 14: [(5, 18.424194101434992), (17, 26.560150167164903), (8, 21.551985364687724), (21, 28.75540694895582), (13, 2.157007120593047), (12, 12.948530941640934), (4, 24.70143986625688), (7, 19.066709370306622), (0, 24.989305493737888), (15, 6.602078578920584), (9, 15.311545338192184), (2, 9.61438807493906), (16, 22.267220792074976), (18, 27.81708842986161), (1, 9.70890292608455), (11, 7.656790944994025), (3, 25.022326350166885), (10, 5.924539315304345), (6, 15.757122876551156)]
Atom 15: [(21, 25.90036068874334), (14, 6.378426543802368), (10, 2.1505782800317226), (18, 27.438035133197662), (3, 24.152673131216883), (5, 17.52014343985961), (7, 18.977145333763655), (1, 8.501429130312154), (17, 22.834362766669244), (12, 6.685519650133097), (0, 20.5877281245556), (9, 14.37077578659245), (8, 20.660346821110128), (16, 16.39870370704599), (11, 2.405235243737804), (6, 16.353855839973907), (2, 9.456494683233386), (4, 20.223608823960127), (13, 7.3057751635427906)]
Atom 16: [(14, 22.05911002752887), (9, 17.378661943404193), (15, 16.16805674098638), (13, 23.313766283757214), (3, 22.72842054782411), (2, 17.779483546301137), (7, 21.4446963439977), (6, 21.435372407980076), (10, 17.775139549020004), (1, 16.20301951874471), (0, 9.6883149510978), (21, 18.496785098618513), (4, 9.35590322884009), (17, 13.317289572082355), (18, 26.125440444414068), (12, 9.685975287980362), (8, 20.45094561952235), (5, 18.740386101541404), (11, 14.406406303142766), (19, 20.337432985762934)]
Atom 17: [(14, 26.44779758378907), (15, 22.66286324538883), (16, 12.919589697677738), (5, 12.256889588043784), (10, 24.790672247298538), (7, 14.46995759314893), (0, 3.7895302516966587), (2, 17.92120043015291), (9, 13.46339320179497), (4, 3.9704790874931963), (13, 28.389580311140495), (1, 17.146723982985776), (21, 5.27728453808272), (3, 12.17710829068302), (6, 16.671574513356028), (8, 11.747012767315004), (11, 20.363338074459275), (18, 14.905460862454914), (12, 18.637492672576446), (20, 16.467156804732653), (19, 7.397999818831216)]
Atom 18: [(15, 27.192819641233125), (3, 3.2158732910892294), (13, 30.01139539599682), (12, 26.523191163779487), (7, 8.828979643728676), (5, 9.795531312909036), (6, 12.330711224681531), (9, 12.931774275948513), (21, 10.286631462945383), (10, 29.198160390754413), (4, 17.50499039069258), (16, 25.411415609865223), (8, 6.567764472751751), (11, 25.174207546016742), (1, 19.15250149084161), (17, 13.996928392984163), (0, 17.02777769513404), (14, 27.908157615694293), (2, 18.60060011365649), (20, 2.1903408393125243), (19, 7.777781177055762)]
Atom 19: [(11, 24.2117300917034), (2, 19.35219970840237), (7, 12.132350990937816), (21, 2.7193856397709175), (15, 26.472021495410548), (8, 8.77124555415626), (0, 11.038797569536968), (3, 6.782322510257515), (4, 11.584637131964293), (12, 23.93002935803164), (1, 19.225281857068712), (16, 20.337432985762934), (14, 28.828039666258984), (13, 30.934785608652412), (6, 15.400334814566866), (10, 28.61063354447964), (18, 8.518847422690753), (9, 13.767075375344131), (5, 11.107767253352879), (17, 7.397999818831216)]
Atom 20: [(10, 30.38228515229183), (4, 19.656594750554195), (18, 1.65358762045071), (0, 19.492334124432098), (6, 12.904234630637115), (7, 9.608721271062727), (3, 5.021195555395104), (14, 28.6290448475921), (21, 12.237170661635243), (15, 28.444524534400244), (12, 28.215824603380735), (17, 16.467156804732653), (11, 26.52723847007531), (5, 11.065637978291436), (9, 14.170258453604337), (13, 30.7581303136201), (1, 20.12835802211397), (2, 19.47604492625512), (16, 27.403815528773748), (8, 8.067344232388535)]
Atom 21: [(17, 4.945082424172678), (0, 8.676808762900379), (18, 11.083265165852687), (5, 11.902914653616067), (2, 19.433885755344708), (8, 10.141982992126795), (15, 25.756294846558003), (6, 16.370855593118062), (16, 18.186585474746707), (14, 28.679746805291636), (3, 8.889654988228948), (12, 22.601068528198354), (7, 13.388659049184444), (11, 23.467485993231517), (13, 30.73973890962329), (1, 19.08207118144323), (10, 27.906829611733475), (9, 14.134328596254097), (4, 9.267270818471669), (19, 2.7193856397709175)]
New position of object Informational Sign:1: (14.728009805171226, -3.538288359619594, 0.9484514040004178)
New position of object Pedestrian:2: (-0.8851697267363363, -0.010776070796236326, -0.08155615445360936)
New position of object Trash Can:1: (16.154624210445107, -0.18900990727693667, 0.1305773124284001)
New position of object Service Vehicle:1: (11.682119968918975, 15.6333372735456, 0.12849731211577925)
New position of object Pedestrian:1: (-1.5466534955812392, 1.5234496675218168, 0.10428387049113359)
New position of object Railing:2: (9.92181077869973, -11.973211184317657, -0.1473656351616356)
New position of object Bollard:4: (11.015145204524728, 10.463657852173876, -0.44604652922567345)
New position of object Railing:1: (14.38778854389001, -4.150467675616255, -0.033063267824690545)
New position of object Bike:1: (17.62248482733046, 4.383864663668176, 0.05381272636828581)
New position of object Bollard:7: (16.865428493497525, 7.150157407646366, -0.34073862186947146)
New position of object Bollard:1: (5.848601114500703, 6.1533391984865204, -0.5093843519140139)
New position of object Fence:1: (1.613904140228911, 7.680010841205883, 0.5606969169650193)
New position of object Fence:2: (4.994102623356461, 8.740196253435618, 0.587687888468281)
New position of object Bollard:3: (8.321163199227051, 8.184791366986929, -0.46446478924938106)
New position of object Bollard:2: (3.410513689554154, 4.062961113843559, -0.43257563253523784)
New position of object Fence:5: (-7.535294309252446, -7.886905272553728, 1.532721559641899)
New position of object Fence:8: (-3.4745710458301424, -6.1966705511547975, 0.610705655916056)
New position of object Fence:9: (0.23355175545020757, -10.245924257542507, 1.2061531467245934)
New position of object Fence:6: (-12.115469336549605, -3.753634445551592, 0.8366067589547469)
New position of object Fence:7: (-10.271583559855678, -2.695146562900975, 0.796234293954065)
New position of object Fence:4: (-5.588585635798712, -6.986001388893802, 1.4120183916207492)

After Updating position of all the atoms:
Atom 0: [(7, 15.867604283981017), (1, 16.05658936792688), (10, 22.47269769745598), (12, 15.682280604385026), (21, 9.013916463710556), (15, 20.40206603338858), (14, 24.864029584691647), (11, 18.184875063021156), (5, 13.369558081927062), (16, 9.346111253665365), (2, 17.107272398891716), (17, 4.119355090202858), (9, 13.747754370649574), (18, 18.224542033665657), (6, 17.390445407229574), (4, 0.9874011406166172), (3, 14.913182883268588), (8, 13.699764031738182), (13, 26.698668222595376), (20, 19.429384936884123), (19, 10.976039472040657)]
Atom 1: [(21, 19.062272452700896), (18, 19.071519638629944), (15, 8.514474659170634), (14, 9.726576261609727), (9, 5.979885544346571), (2, 1.6644544776789754), (13, 11.827426017509444), (11, 6.728615923240752), (12, 10.402982499220991), (17, 17.12847039337307), (0, 16.039814014316047), (8, 12.367205004628428), (4, 15.888955680296487), (7, 10.598584496594661), (6, 8.11833431202518), (10, 10.402094823828461), (16, 16.197404370026764), (3, 15.890850431010117), (5, 9.180724085646222), (20, 20.06786423822815), (19, 19.142358292808787)]
Atom 2: [(6, 6.920323951054773), (0, 17.064538559038144), (5, 8.7609773903533), (21, 19.368831752631152), (11, 7.996031712874014), (8, 11.918878655413737), (7, 9.758597398187412), (14, 9.68564100068523), (1, 1.6810549983371437), (18, 18.41331921779828), (9, 5.627379302865283), (15, 9.518759460286), (4, 16.949132551375964), (12, 11.992647867302177), (13, 11.836423630290284), (3, 15.421568133087078), (17, 17.783937740733187), (16, 17.773492488843164), (10, 11.254725508405539), (19, 19.25779447870506)]
Atom 3: [(6, 9.96357309693569), (15, 24.082547073290755), (8, 3.5126310042129516), (7, 6.447320907988159), (16, 22.4654775734647), (2, 15.428187596595915), (1, 15.857620083201754), (17, 11.841708909625462), (10, 26.10697725457171), (9, 9.894553261579375), (13, 27.20808497135939), (21, 8.509250273547359), (18, 3.9631022763123895), (4, 14.695202538735812), (14, 25.051758372889264), (0, 14.552817106885636), (5, 6.696193991138335), (12, 23.251474906202656), (11, 22.014663445739977), (19, 6.724298440169808)]
Atom 4: [(2, 16.915041985240098), (0, 1.2057715673252007), (12, 15.168349649211676), (7, 16.15546806181481), (11, 17.77344741043219), (13, 26.36756995691175), (8, 14.019560019060517), (17, 4.340695124338116), (9, 13.763276288372209), (15, 20.014790593372684), (18, 18.732999260574704), (21, 9.656549528397568), (10, 22.070255210716915), (14, 24.559503882958392), (1, 15.82411616739983), (6, 17.54652101574646), (16, 9.008514773994808), (5, 13.538721802092486), (3, 15.003930925286532), (19, 11.573136615275999)]
Atom 5: [(3, 6.7287470163671825), (7, 3.098648210432728), (9, 3.1669345727985494), (12, 17.307742934977252), (17, 12.11812919411845), (8, 3.2341154675558843), (1, 9.139093158614877), (10, 19.452641272736106), (15, 17.461639576627654), (6, 4.756904414519682), (2, 8.74655683706821), (11, 15.44022120030561), (4, 13.39078189756655), (21, 11.919419816484112), (0, 13.22485646471143), (16, 18.582086085801603), (18, 10.05487668759809), (13, 20.57105295251287), (14, 18.416945789878927)]
Atom 6: [(4, 17.42081788700312), (8, 6.671441322624497), (14, 15.81914827164925), (3, 9.856244548362266), (10, 18.10201076362406), (21, 16.35225265282475), (12, 17.955646567893748), (2, 6.9354655880902145), (1, 8.112093596977195), (17, 16.53901540523643), (16, 21.348812643231362), (0, 17.262107573895193), (18, 12.082021276633688), (13, 17.943948331776518), (5, 4.626927564874543), (7, 3.4518697732126347), (11, 14.775956280136494), (9, 4.0942328451584), (15, 16.363797958328785)]
Atom 7: [(12, 19.496200176744104), (13, 21.241199189554486), (15, 18.940231338553392), (4, 15.962327014048684), (11, 17.126687904254602), (5, 2.936931152534075), (18, 8.754978076669442), (16, 21.304174685474443), (0, 15.672915610420345), (10, 20.824616226793253), (1, 10.563770518854714), (6, 3.542663321031963), (17, 14.300241775407374), (14, 19.095442442361968), (3, 6.347588557309927), (8, 3.356440707731698), (2, 9.751748629723592), (21, 13.369318782135469), (9, 4.975487343497399)]
Atom 8: [(9, 6.366235740362262), (7, 3.5333881644438487), (21, 10.061323939552917), (4, 13.75313295192474), (18, 7.022658018173547), (15, 20.59689944306212), (13, 23.723932727527767), (10, 22.607910891753217), (1, 12.331687256557005), (14, 21.567930573389532), (16, 20.223938573027684), (3, 3.528613146050202), (12, 20.06054774865815), (2, 11.919343715042645), (6, 6.8039021147874275), (5, 3.2003716882326803), (11, 18.547484895866617), (0, 13.434084035676522), (17, 11.482061413261368)]
Atom 9: [(10, 16.278528863096856), (12, 14.671938152784971), (6, 4.15901971148602), (11, 12.338738566176048), (3, 9.93979480067942), (13, 17.429128165421623), (0, 13.702990460497075), (18, 13.189762297162696), (5, 3.212452397750148), (15, 14.313944809989737), (16, 17.31003051707393), (21, 14.223912132214318), (14, 15.279897120743133), (4, 13.715705808915494), (17, 13.446514484153623), (2, 5.595609262035014), (7, 5.0423427208576745), (1, 5.930551857669133), (8, 6.411316570010761)]
Atom 10: [(9, 16.323982738690507), (5, 19.50454608737533), (0, 22.691552409686388), (18, 29.435787061659845), (11, 4.674380245601942), (3, 26.16825359664719), (12, 8.422895950185316), (7, 20.84081047584471), (14, 5.655344540093855), (13, 5.905348973523681), (4, 22.294264056646526), (15, 2.320413882273505), (1, 10.433765413501858), (21, 28.029855819285054), (17, 24.948664112826823), (8, 22.665291326251157), (2, 11.245400532002368), (6, 18.082630933213004), (16, 18.007529176388008)]
Atom 11: [(16, 14.60842701174675), (17, 20.533577770257136), (3, 22.105093184679408), (14, 7.418406545786635), (9, 12.399712478992864), (21, 23.60812617897383), (5, 15.514473293445848), (4, 17.99069967365094), (10, 4.4940494169785214), (0, 18.398777614392273), (13, 8.761639203762195), (6, 14.780303347976298), (7, 17.17058395835354), (2, 7.973304540535884), (15, 2.237180203079523), (18, 25.540574701475883), (1, 6.741625629442171), (8, 18.631204597908663), (12, 5.73067597795294)]
Atom 12: [(5, 17.418601841538763), (7, 19.583618559882574), (0, 15.973356055708194), (2, 11.954137744968943), (16, 9.933674854851194), (1, 10.3763187790132), (21, 22.753760254118365), (14, 12.69763914541064), (10, 8.125674536732241), (15, 6.416384986994173), (13, 13.689174598960546), (17, 18.862103216266654), (3, 23.40639468669666), (11, 5.5227880642280684), (8, 20.196328913586783), (4, 15.46068133451625), (6, 17.990584637949905), (18, 27.175538446791826), (9, 14.748651454088474)]
Atom 13: [(15, 7.56591392717897), (10, 6.208583318741818), (2, 11.835699465165685), (18, 29.89930709804567), (8, 23.7038973052407), (1, 11.873147909261759), (4, 26.520491715747784), (0, 26.84457590637917), (17, 28.50268785279845), (5, 20.55888241185552), (6, 17.868969384079417), (9, 17.428888060025123), (16, 23.540844469024705), (14, 2.156977685938525), (7, 21.18714749064261), (11, 8.982459573646493), (3, 27.18091111027008), (21, 30.841166905664206), (12, 13.956529420534714)]
Atom 14: [(4, 24.716195632379957), (5, 18.435311070152032), (18, 27.79283745540349), (1, 9.802098023217912), (13, 2.1264856668086396), (15, 6.630776399393753), (9, 15.3095322707201), (8, 21.578986157463117), (3, 25.05638075952179), (10, 5.914731680705588), (21, 28.787890525686763), (11, 7.64816776958174), (6, 15.778599015274274), (7, 19.074897944017838), (12, 12.943729959043477), (16, 22.242887376818068), (17, 26.553121799005513), (2, 9.71595359037639), (0, 25.01427045817371)]
Atom 15: [(13, 7.306127938008374), (21, 25.88189268053387), (2, 9.510948548142293), (6, 16.361311743268814), (8, 20.667734627275248), (1, 8.54439315437507), (17, 22.816843753210218), (11, 2.394619585322119), (10, 2.148457986944096), (16, 16.366928148600206), (9, 14.368920911760027), (7, 18.973299761888963), (18, 27.49353689375652), (3, 24.158371027396825), (14, 6.381308231813205), (5, 17.525504281910614), (4, 20.228297946405014), (0, 20.612269884616758), (12, 6.675834135984335)]
Atom 16: [(11, 14.369006812065686), (21, 18.58137772080644), (1, 16.121259639923814), (3, 22.765367329471072), (7, 21.46911801431973), (5, 18.729335932716705), (9, 17.380414244680573), (17, 13.333889728615157), (12, 9.631279619345742), (4, 9.39795228094755), (13, 23.298869162261127), (18, 26.40566462587185), (8, 20.45756533987102), (15, 16.111319041042993), (6, 21.442323858548928), (10, 17.71861392469219), (0, 9.769763923656793), (14, 22.01825437986256), (2, 17.71295724699098), (19, 20.345870499572097)]
Atom 17: [(6, 16.673643019455447), (3, 12.223751830073114), (13, 28.392072668435343), (16, 12.922793438054365), (11, 20.33869766452803), (18, 15.258190352140657), (0, 3.731194559698882), (9, 13.47365108008956), (10, 24.757803471587238), (8, 11.748060635515778), (14, 26.431421597468226), (12, 18.590200060100894), (21, 5.351458333776415), (15, 22.629602252919167), (1, 17.042046395014992), (5, 12.247387215125798), (4, 3.9487078019513455), (2, 17.83759088566863), (7, 14.495820395989622), (20, 16.442322488850333), (19, 7.3885559018773925)]
Atom 18: [(15, 27.192819641233125), (3, 3.2158732910892294), (13, 30.01139539599682), (12, 26.523191163779487), (7, 8.828979643728676), (5, 9.795531312909036), (6, 12.330711224681531), (9, 12.931774275948513), (21, 10.286631462945383), (10, 29.198160390754413), (4, 17.50499039069258), (16, 25.411415609865223), (8, 6.567764472751751), (11, 25.174207546016742), (1, 19.15250149084161), (17, 13.996928392984163), (0, 17.02777769513404), (14, 27.908157615694293), (2, 18.60060011365649), (20, 2.1903408393125243), (19, 7.777781177055762)]
Atom 19: [(0, 10.976039472040657), (3, 6.724298440169808), (15, 26.45627934225447), (1, 19.142358292808787), (16, 20.345870499572097), (11, 24.199065664051123), (13, 30.950858798263518), (5, 11.120103523240646), (7, 12.17201676342993), (6, 15.415634462584324), (14, 28.83135778420962), (8, 8.788680376489504), (17, 7.3885559018773925), (9, 13.791686899149502), (10, 28.594944977444428), (4, 11.573136615275999), (21, 2.8950268745521477), (18, 8.922518048734904), (12, 23.891667060320298), (2, 19.25779447870506)]
Atom 20: [(14, 28.640256842690288), (12, 28.180780336009647), (17, 16.442322488850333), (16, 27.382506459510097), (7, 9.618873725167974), (21, 12.13717476637924), (1, 20.06786423822815), (15, 28.438889772210036), (0, 19.429384936884123), (2, 19.413340161311293), (4, 19.63727594036611), (8, 8.056817538631561), (11, 26.514355134684067), (5, 11.070225334848136), (9, 14.175715225189617), (18, 1.3354120830870448), (13, 30.773350996638786), (3, 4.977124180361891), (10, 30.376281174443186), (6, 12.908441211294761)]
Atom 21: [(9, 14.225956703350667), (15, 25.724079494615246), (14, 28.703909110220017), (16, 18.080231852306653), (4, 9.127192118161345), (11, 23.439537519727978), (6, 16.486443740447054), (8, 10.28745704222724), (3, 8.992812762506613), (2, 19.381444356122948), (1, 19.022735581707966), (12, 22.50552915762749), (18, 11.656783801867904), (13, 30.775343233576137), (17, 4.803299848424256), (0, 8.481678639385404), (7, 13.547939204053067), (10, 27.87463985391535), (5, 12.007687675794738), (19, 2.8950268745521477)]
New position of object Informational Sign:1: (14.569544096066636, -3.887645619460198, 0.9185458026255884)
New position of object Pedestrian:2: (-0.8657344642635749, -0.005077896614666955, -0.08944920888539186)
New position of object Trash Can:1: (16.065546775087114, -0.5700229794675398, 0.13503640014334312)
New position of object Service Vehicle:1: (11.988371885585742, 15.32806117666434, 0.16231891028507262)
New position of object Pedestrian:1: (-1.4908754106592994, 1.5650645326651116, 0.11001718015884414)
New position of object Railing:2: (9.58597471176455, -12.202339305568083, -0.2031026840791872)
New position of object Bollard:4: (11.147875948248178, 10.217140876210228, -0.44574827269302747)
New position of object Railing:1: (14.191027928332836, -4.466791508288578, -0.04316390931121884)
New position of object Bike:1: (17.782729575126922, 3.9692140854346665, -0.0033170830080454343)
New position of object Bollard:7: (16.939165135845947, 6.773881272489483, -0.37670839047669774)
New position of object Bollard:1: (5.929124109557755, 6.007306718991737, -0.5062756144944198)
New position of object Fence:1: (1.7233012391907785, 7.63457680443529, 0.5728802286673244)
New position of object Fence:2: (5.129248481644282, 8.604323543928285, 0.593071771159609)
New position of object Bollard:3: (8.439341491599784, 7.975786972491484, -0.4521032208046962)
New position of object Bollard:2: (3.4509695936843947, 3.9660838479276688, -0.4340086172192309)
New position of object Fence:5: (-7.789217910763806, -7.709056445301053, 1.532317017729463)
New position of object Fence:8: (-3.7003923619511987, -6.1128509181861705, 0.6141667148667991)
New position of object Fence:9: (-0.08163498936437819, -10.250566181234332, 1.1922641196847765)
New position of object Fence:6: (-12.277629554729263, -3.47357017906881, 0.821081442421387)
New position of object Fence:7: (-10.415445113086697, -2.4845828320630368, 0.8250328225750113)
New position of object Fence:4: (-5.819097042836809, -6.864755651721447, 1.4063909617002501)

After Updating position of all the atoms:
Atom 0: [(3, 14.847753198624963), (16, 9.386903785923064), (11, 18.193857560867677), (10, 22.47209760032734), (15, 20.400821502007847), (17, 4.100399912445014), (14, 24.870034928059038), (4, 1.0038278422679716), (6, 17.372027471836933), (9, 13.768138442566453), (5, 13.37591892649638), (1, 15.964914680844643), (8, 13.66377389014341), (13, 26.685475729327354), (12, 15.685378593265973), (2, 17.019835472529078), (18, 18.54028381941442), (7, 15.851212468562759), (21, 8.859237707934108), (20, 19.40303370010691), (19, 10.998224536927768)]
Atom 1: [(11, 6.755150978607389), (7, 10.548745200335325), (18, 19.054371412733325), (2, 1.6845117237883238), (15, 8.56113432606306), (17, 17.022774511528926), (12, 10.380845333827287), (6, 8.101350905992406), (16, 16.112439327229048), (4, 15.806878248233296), (5, 9.120567356576279), (14, 9.822978260466027), (9, 5.912104143724654), (0, 15.947984521584614), (3, 15.839093772405805), (10, 10.451682606750685), (8, 12.313150852639279), (13, 11.893939236135294), (21, 19.002568072595466), (20, 20.009912320637053), (19, 19.053903931314704)]
Atom 2: [(0, 16.980071886433855), (17, 17.685790471731885), (11, 8.026846755367439), (12, 11.986434804011804), (13, 11.90371737428957), (3, 15.35886459157409), (21, 19.320179417032772), (9, 5.527884713191972), (18, 18.344486336519203), (16, 17.7087707467078), (4, 16.87660361032398), (7, 9.683265183689379), (1, 1.701744778585641), (5, 8.67777842136612), (10, 11.309236082593682), (15, 9.57116318107191), (8, 11.850186267570479), (6, 6.872796857256708), (14, 9.783717499366666), (19, 19.15815931022635)]
Atom 3: [(9, 9.886398575226213), (0, 14.57786381217055), (2, 15.326621813217756), (8, 3.4815369883301206), (21, 8.729102628602966), (11, 22.007845341400472), (12, 23.25055452141251), (15, 24.072983760363428), (13, 27.16634372450707), (5, 6.67838658584826), (10, 26.09083518603401), (6, 9.916984378852936), (14, 25.04122467503107), (1, 15.778071517329826), (18, 4.189266535641412), (17, 11.869444015900038), (4, 14.734161599465349), (7, 6.41235384645042), (16, 22.475130788837543), (19, 6.737939867521705)]
Atom 4: [(2, 16.802643960950117), (7, 16.106083782049847), (8, 13.953327761484042), (18, 19.018275591691165), (5, 13.512979792563646), (3, 15.001357219134057), (14, 24.541040645787927), (13, 26.33086378704922), (1, 15.703984348841491), (12, 15.15817632687348), (10, 22.05025331244896), (9, 13.752374650854456), (17, 4.32786104494319), (11, 17.762134275678314), (15, 19.9924257332086), (0, 1.1847236048193996), (6, 17.495527942776828), (21, 9.49307197864539), (16, 9.00393221115619), (19, 11.576538109329519)]
Atom 5: [(2, 8.670047596798002), (15, 17.468930856197833), (3, 6.7053514407690615), (16, 18.57567437517045), (8, 3.234971181304144), (14, 18.436164302124315), (10, 19.45500448982053), (13, 20.559344788244047), (6, 4.7494729020235065), (9, 3.182657689314157), (11, 15.447141837381013), (1, 9.082544580492119), (18, 10.129043386001483), (12, 17.307208725837235), (4, 13.348417915127044), (0, 13.213517903805231), (7, 3.0886415351972123), (17, 12.100397163589733)]
Atom 6: [(14, 15.831308639103993), (4, 17.385822793738587), (1, 8.093584503103985), (16, 21.352447737261908), (3, 9.824960542170677), (12, 17.95362655121352), (11, 14.775747374188992), (2, 6.883614817469439), (17, 16.528979758113724), (8, 6.701537375463498), (15, 16.368541451101212), (5, 4.636974367161362), (0, 17.259984061770563), (13, 17.924075379362893), (18, 12.017800241093992), (10, 18.098599193766105), (7, 3.452644685955495), (9, 4.076035571823291)]
Atom 7: [(6, 3.5413688109998), (3, 6.316977395287865), (13, 21.21694435089944), (10, 20.81427908203923), (0, 15.661239038207972), (9, 4.962859518829051), (16, 21.293508902621692), (12, 19.485265135090838), (15, 18.936759840246264), (2, 9.675254493551341), (14, 19.102484845597655), (17, 14.282193490343408), (18, 8.742636743238332), (8, 3.388614818537557), (4, 15.917747682691214), (11, 17.120030596290594), (5, 2.931358402426736), (1, 10.51320353528603)]
Atom 8: [(11, 18.545334370604497), (2, 11.833112408474147), (18, 7.153855462621882), (1, 12.264182016574946), (0, 13.423825668602225), (12, 20.052819241321057), (16, 20.212212869999984), (7, 3.527628767319116), (15, 20.593999122278277), (10, 22.599856717244073), (3, 3.515660195458652), (4, 13.713748119217984), (9, 6.371789119975219), (14, 21.576048881774), (13, 23.701062178623694), (17, 11.46885380913799), (6, 6.8023681260612845), (5, 3.190460854134155)]
Atom 9: [(16, 17.294782815037788), (17, 13.41743771540948), (6, 4.178098091600467), (11, 12.342451864930648), (8, 6.400148494662269), (14, 15.303396788241919), (7, 5.038331234398965), (2, 5.5211131004022596), (15, 14.320249491501357), (10, 16.280644128037427), (18, 13.240629487666201), (1, 5.875608965127986), (13, 17.42189814381753), (3, 9.91555440816477), (4, 13.660710061736559), (12, 14.663665385831772), (5, 3.211395823126408), (0, 13.679662604413267)]
Atom 10: [(5, 19.506085874963382), (8, 22.656530559638153), (7, 20.830154157806167), (2, 11.300503306956209), (9, 16.325353059103584), (14, 5.642982305559808), (17, 24.93928607975563), (12, 8.420624340549777), (1, 10.484084805378641), (3, 26.151000296890402), (18, 29.46820440464318), (13, 5.90303543606), (6, 18.078595654333142), (11, 4.663995729427508), (15, 2.319496234887607), (4, 22.273877732006493), (16, 18.0304905943726), (0, 22.691278815492712)]
Atom 11: [(1, 6.770173708858374), (18, 25.607796176953013), (8, 18.627930299026964), (6, 14.778698381173903), (14, 7.409075881842984), (2, 8.00540552263365), (15, 2.2280558525313134), (7, 17.162698697228635), (3, 22.09667675460676), (5, 15.520347922599179), (9, 12.402643886159273), (16, 14.638215332069366), (12, 5.736606966041772), (13, 8.742362519730033), (17, 20.533992728785837), (4, 17.979002061682454), (0, 18.407464883317104), (10, 4.484346823346921)]
Atom 12: [(11, 5.527231597207635), (16, 9.960880692954822), (8, 20.186900044928738), (9, 14.738968627643061), (3, 23.40324833617994), (18, 27.312648537019115), (7, 19.570876438397057), (4, 15.449506097103779), (0, 15.975566606099232), (5, 17.416448932367526), (14, 12.691582135463747), (1, 10.355077558060607), (2, 11.948487191706263), (15, 6.405636630787528), (13, 13.680269852304006), (6, 17.986655353662893), (17, 18.856355057817375), (10, 8.122914637096734)]
Atom 13: [(9, 17.444556006694253), (16, 23.563903647540002), (7, 21.18789532179601), (12, 13.957354148680102), (17, 28.499769974570146), (2, 11.926756353173626), (11, 8.976503461010315), (15, 7.578237791931809), (6, 17.87396420343788), (18, 29.859406401200975), (3, 27.162377193394963), (8, 23.704465142776264), (14, 2.1519250081132277), (0, 26.85054358495997), (4, 26.50138180534117), (5, 20.570240215047345), (10, 6.212168626229527), (1, 11.962058950540579)]
Atom 14: [(11, 7.63549129203171), (10, 5.890029268718136), (15, 6.626152239085152), (12, 12.931859413028299), (1, 9.908642469431548), (4, 24.70144595645097), (17, 26.559076901761216), (6, 15.805383123622187), (9, 15.34515372303644), (8, 21.599847009402644), (18, 27.77921405950586), (0, 25.024528280155955), (16, 22.260922004902334), (3, 25.058441391028495), (2, 9.82643554505063), (13, 2.1085166541050295), (7, 19.095945891705526), (5, 18.466984414780388)]
Atom 15: [(6, 16.364997820377916), (18, 27.54454026993793), (2, 9.564306342846216), (0, 20.610625039877107), (11, 2.383671435074511), (4, 20.20535925736263), (13, 7.318153342917911), (16, 16.38281126125891), (5, 17.531941802116318), (1, 8.592352271331416), (7, 18.968926405846222), (10, 2.14710908802223), (14, 6.375759311555867), (12, 6.665435774296226), (17, 22.807403115517737), (3, 24.147459104732956), (8, 20.663948689633155), (9, 14.37457096134664)]
Atom 16: [(6, 21.43467159503552), (15, 16.12718447503913), (21, 18.43240794022385), (1, 16.063135674302153), (13, 23.311248000047318), (18, 26.657676324764967), (12, 9.658228460260757), (4, 9.376511410257796), (9, 17.399683169662183), (5, 18.734799257258903), (0, 9.758493235622112), (2, 17.67303202987591), (3, 22.712308935113523), (10, 17.74186883021134), (8, 20.427999299297515), (17, 13.319533598235875), (14, 22.038784194067507), (11, 14.398201161541207), (7, 21.454613365103217), (19, 20.351817996955248)]
Atom 17: [(1, 16.94219115525761), (18, 15.596891267900576), (3, 12.14851127049213), (7, 14.472800390369983), (0, 3.7227047936690316), (2, 17.736210751338714), (10, 24.748535111885122), (12, 18.585543385375296), (14, 26.431000116896985), (21, 5.193424319706369), (16, 12.956000314066195), (15, 22.620718654033904), (11, 20.33965655049735), (5, 12.247646945964798), (13, 28.368948729547117), (4, 3.9576147365427152), (9, 13.488387132064718), (8, 11.703916134654218), (6, 16.64614729489943), (20, 16.412592094193766), (19, 7.413367752438437)]
Atom 18: [(15, 27.192819641233125), (3, 3.2158732910892294), (13, 30.01139539599682), (12, 26.523191163779487), (7, 8.828979643728676), (5, 9.795531312909036), (6, 12.330711224681531), (9, 12.931774275948513), (21, 10.286631462945383), (10, 29.198160390754413), (4, 17.50499039069258), (16, 25.411415609865223), (8, 6.567764472751751), (11, 25.174207546016742), (1, 19.15250149084161), (17, 13.996928392984163), (0, 17.02777769513404), (14, 27.908157615694293), (2, 18.60060011365649), (20, 2.1903408393125243), (19, 7.777781177055762)]
Atom 19: [(13, 30.926889678238865), (4, 11.576538109329519), (7, 12.144174455862272), (0, 10.998224536927768), (3, 6.737939867521705), (2, 19.15815931022635), (11, 24.2060080559337), (18, 9.27206254773447), (6, 15.380618456014796), (10, 28.593421445911222), (1, 19.053903931314704), (5, 11.108703150589127), (14, 28.835102345387757), (15, 26.458145611235977), (9, 13.797703403484983), (16, 20.351817996955248), (8, 8.733173870927303), (12, 23.900977999682684), (17, 7.413367752438437)]
Atom 20: [(3, 4.997969426080358), (21, 12.309770085073113), (8, 8.05404127933024), (2, 19.333069571411272), (18, 1.1248327606175732), (9, 14.171662929016781), (14, 28.64862095058358), (10, 30.364225864447), (4, 19.626728223134865), (16, 27.381125832490927), (17, 16.412592094193766), (1, 20.009912320637053), (12, 28.165477400428113), (7, 9.617728709361339), (6, 12.894997478455037), (13, 30.749974529805215), (5, 11.059995197592908), (0, 19.40303370010691), (11, 26.506937407563058), (15, 28.432878374899847)]
Atom 21: [(2, 19.42330118376928), (1, 19.06744939760246), (15, 25.850305516243953), (8, 10.368461183284152), (16, 18.1313497471783), (13, 30.89093976645951), (9, 14.378930449417576), (11, 23.571064126553622), (18, 12.093205846475517), (10, 27.99873772784382), (14, 28.84609974903269), (6, 16.598766228217464), (12, 22.61651207620712), (0, 8.53842119628408), (4, 9.16886573500123), (5, 12.142896223918346), (7, 13.662376697897136), (3, 9.124342014118229), (17, 4.855155155752972)]
New position of object Informational Sign:1: (14.349718678310428, -4.297983564701767, 0.8891160942090889)
New position of object Pedestrian:2: (-0.8467910946613522, -0.00199670637251792, -0.06264233346883222)
New position of object Trash Can:1: (15.957995667864143, -0.9635413648104443, 0.15731916865466475)
New position of object Service Vehicle:1: (12.226916016438008, 15.050316675258024, 0.194444187022711)
New position of object Pedestrian:1: (-1.4504654540353457, 1.6035097146311816, 0.11597583140406739)
New position of object Railing:2: (9.329537507940213, -12.393043479279733, -0.1770951654506856)
New position of object Bollard:4: (11.286237909566228, 9.9806508431931, -0.4507386926611573)
New position of object Railing:1: (14.006301030969542, -4.804488117527903, -0.008052300213730823)
New position of object Bike:1: (17.6906001750917, 3.472227442013658, -0.0020516021952286106)
New position of object Bollard:7: (17.03101441180871, 6.386994570927261, -0.3766318286393751)
New position of object Bollard:1: (5.958003173998907, 5.893802792877582, -0.5191491540951422)
New position of object Fence:1: (1.8042998145886955, 7.596176830944158, 0.5844344845417655)
New position of object Fence:2: (5.25437631005099, 8.472149217208957, 0.6000781696330963)
New position of object Bollard:3: (8.55165008798448, 7.7842420826726855, -0.46626218161684185)
New position of object Bollard:2: (3.460766513540573, 3.8982043358234595, -0.43566748165865044)
New position of object Fence:5: (-8.04298296724609, -7.528745104403388, 1.525798269546634)
New position of object Fence:8: (-3.9240683138186583, -6.022102213842675, 0.6183233197787208)
New position of object Fence:9: (-0.39682273017396597, -10.245767413900282, 1.1791403111745942)
New position of object Fence:6: (-12.452812378513046, -3.238197194764778, 0.805601485353763)
New position of object Fence:4: (-6.046623118117157, -6.737067372569424, 1.400705749629081)

After Updating position of all the atoms:
Atom 0: [(8, 13.688567161680172), (17, 4.172576226715398), (15, 20.338068242309475), (2, 16.908777282861536), (12, 15.61374737894483), (13, 26.640194445007655), (3, 14.923890152411275), (10, 22.409409606676995), (6, 17.375627166599198), (5, 13.381051481225727), (4, 0.9606377469734798), (16, 9.293279190717024), (7, 15.861092068777106), (11, 18.143203940807116), (14, 24.831549820693134), (18, 18.90989448128752), (9, 13.74147738826189), (1, 15.83971727845481), (20, 19.47679599871382), (21, 8.504813232960002), (19, 11.088743047502797)]
Atom 1: [(2, 1.7030375335425934), (17, 16.92302877587747), (11, 6.778174524060874), (8, 12.248631377388016), (5, 9.067610765846522), (9, 5.861256105683489), (6, 8.08248220025761), (16, 16.053370082931778), (13, 11.979017404969824), (7, 10.498178806598675), (10, 10.494758465459151), (12, 10.353426020052934), (18, 19.03996845440414), (14, 9.925237567859826), (15, 8.601124671026637), (4, 15.686643139963063), (0, 15.820722375151533), (3, 15.762283481865312), (20, 19.938907925075593), (21, 18.860243364226843), (19, 18.987725737214063)]
Atom 2: [(13, 11.97920684490655), (1, 1.7245225567884788), (18, 18.288871097511905), (17, 17.596760473129233), (3, 15.271816586291903), (14, 9.878568862657673), (9, 5.468848595094267), (16, 17.67784743120217), (10, 11.353840475666273), (6, 6.830470473765931), (12, 11.981285768457463), (5, 8.616203749020213), (15, 9.615697139684606), (11, 8.05311037196328), (0, 16.884051273554384), (7, 9.619337310001427), (4, 16.7788616307759), (8, 11.778663450601467), (21, 19.232431719318914), (19, 19.0968449673957)]
Atom 3: [(8, 3.481996584807615), (6, 9.899576599685796), (17, 11.915133150773022), (9, 9.877587034181085), (2, 15.255204731894285), (7, 6.394711559924022), (11, 22.01667344004681), (15, 24.079226199484047), (10, 26.09082728961424), (4, 14.74220176081359), (14, 25.05938326363061), (18, 4.411313191273739), (13, 27.16412044677242), (16, 22.460760336132005), (1, 15.71668742770863), (12, 23.264353306659952), (5, 6.670023699002384), (0, 14.664907971913218), (21, 9.14203212104713), (19, 6.7766004966508175)]
Atom 4: [(10, 22.04209383760583), (7, 16.092223037388898), (14, 24.54582807892342), (9, 13.730236455945406), (5, 13.504959129063398), (12, 15.15158298980289), (2, 16.732885267232263), (17, 4.311534719286119), (6, 17.49113783093497), (13, 26.33066296840855), (0, 1.085998927481042), (3, 15.039782203020978), (15, 19.98228617647416), (8, 13.947173588567244), (1, 15.610293063182079), (11, 17.76586504034569), (16, 8.915540646477794), (18, 19.329891607594494), (21, 9.059697381552727), (19, 11.598880405926842)]
Atom 5: [(12, 17.321859429931063), (7, 3.0447976071572977), (18, 10.207188299229353), (6, 4.706965350286636), (17, 12.14416024952006), (15, 17.469648188763802), (10, 19.448197357626416), (9, 3.1636318708982136), (0, 13.27692017274429), (4, 13.397378355194357), (2, 8.584602836300704), (14, 18.44163712029068), (1, 9.015213544416326), (16, 18.598198603026223), (11, 15.450849249316455), (8, 3.239782882806764), (3, 6.715436871485541), (13, 20.54463909306885)]
Atom 6: [(1, 8.073365625356898), (3, 9.831808066621171), (7, 3.474437801454437), (5, 4.62268599527654), (10, 18.08823455408677), (11, 14.772946956866967), (14, 15.843035348096203), (17, 16.546247592455043), (13, 17.913571263453427), (0, 17.290211591153145), (8, 6.726239092527458), (12, 17.956403957721083), (9, 4.114161248451158), (16, 21.372366700015313), (18, 11.973677721424274), (4, 17.407365264132686), (15, 16.367967508654246), (2, 6.835569444492521)]
Atom 7: [(13, 21.216038366855372), (0, 15.680723420344142), (6, 3.5595786507567255), (12, 19.47726296680395), (3, 6.305802691916809), (1, 10.463010623128914), (16, 21.273626946131028), (14, 19.12181699599829), (15, 18.933900902201543), (8, 3.3907911118266654), (5, 2.8975215011646487), (9, 4.9624828845664375), (17, 14.27570522424407), (18, 8.739464298515303), (4, 15.913362558149364), (10, 20.80470706738307), (11, 17.114622677863935), (2, 9.610799486602925)]
Atom 8: [(10, 22.60664913350691), (7, 3.5330316071466923), (2, 11.772118289631523), (6, 6.831256673195547), (18, 7.2777646939186615), (5, 3.2099162068013274), (1, 12.21143399136663), (0, 13.469774543130935), (17, 11.478960048413326), (11, 18.558261359025607), (3, 3.5074810015085456), (9, 6.371523687698327), (16, 20.194345224590403), (12, 20.06336536662712), (15, 20.606269374039254), (4, 13.727319521984823), (14, 21.60710319047524), (13, 23.711905890529724)]
Atom 9: [(8, 6.404632774339627), (10, 16.283845227032657), (11, 12.35336292590251), (4, 13.67947400082718), (12, 14.67605113274002), (13, 17.424683301521522), (18, 13.288053448934106), (1, 5.822866002125321), (17, 13.422702446257128), (14, 15.325749129963507), (3, 9.911326108368645), (6, 4.17845551859197), (5, 3.197745038267855), (7, 5.021033452812328), (16, 17.31802783230585), (15, 14.33005075452364), (2, 5.448865312036554), (0, 13.69313064533641)]
Atom 10: [(2, 11.351077682267034), (14, 5.61811550920927), (1, 10.533767724020834), (6, 18.07258718367395), (7, 20.825593401973176), (0, 22.633520965720674), (8, 22.667989052194216), (3, 26.155389970659567), (11, 4.65767341096895), (13, 5.9053620720814965), (16, 18.120864007865325), (17, 24.920305187436227), (15, 2.323964006439365), (5, 19.503184738590654), (12, 8.420369150359528), (4, 22.269827088122216), (9, 16.332751559959252), (18, 29.501526417836907)]
Atom 11: [(12, 5.742265181807887), (5, 15.5221768012202), (7, 17.155975727002172), (16, 14.726834366314236), (13, 8.736023797713129), (17, 20.520673255584082), (10, 4.478720967681804), (8, 18.639608852785756), (6, 14.774060850334516), (15, 2.2186142766188133), (1, 6.795220351505896), (9, 12.412057205646502), (4, 17.98257699400689), (3, 22.103945674925345), (18, 25.670320994223612), (2, 8.032497830107848), (14, 7.395589560345291), (0, 18.35693887544177)]
Atom 12: [(18, 27.444272467437827), (13, 13.680074281353576), (17, 18.83305401963549), (5, 17.42853194734727), (6, 17.987039498300746), (2, 11.943443815304304), (14, 12.678098149100693), (9, 14.74925543334308), (1, 10.328568825059014), (8, 20.195637092875188), (11, 5.531304080174671), (16, 10.052474951502091), (0, 15.903481702927762), (7, 19.560975603613485), (15, 6.394055216833779), (3, 23.414918470707338), (10, 8.12195471185289), (4, 15.442374194290283)]
Atom 13: [(14, 2.1723668103631573), (16, 23.648417912758347), (11, 8.973554233836671), (2, 12.04032172268009), (15, 7.584131683416284), (5, 20.593846589203203), (0, 26.823605143451232), (10, 6.194681606776983), (3, 27.200346370468782), (1, 12.08000707662096), (8, 23.754983652249887), (4, 26.517918133846024), (12, 13.94964006816554), (7, 21.23014329141801), (9, 17.484592320322047), (17, 28.509092285707396), (18, 29.859828344112387), (6, 17.908037956680094)]
Atom 14: [(11, 7.63549129203171), (10, 5.890029268718136), (15, 6.626152239085152), (12, 12.931859413028299), (1, 9.908642469431548), (4, 24.70144595645097), (17, 26.559076901761216), (6, 15.805383123622187), (9, 15.34515372303644), (8, 21.599847009402644), (18, 27.77921405950586), (0, 25.024528280155955), (16, 22.260922004902334), (3, 25.058441391028495), (2, 9.82643554505063), (13, 2.1085166541050295), (7, 19.095945891705526), (5, 18.466984414780388), (20, 28.645189129746505), (21, 28.742258766982427), (19, 28.869655765231215)]
Atom 15: [(6, 16.36292086001303), (7, 18.96506951930567), (17, 22.783390017036044), (0, 20.54803183942525), (13, 7.323626318054535), (18, 27.59106216352083), (2, 9.609392404487194), (14, 6.12385742076989), (5, 17.530994735071296), (4, 20.195029803123298), (10, 2.151244852831771), (12, 6.654345320702535), (11, 2.3724536543381323), (3, 24.15239160558455), (1, 8.633702424981351), (9, 14.383036138593448), (16, 16.459217388613027), (8, 20.675192336498093)]
Atom 16: [(11, 14.486061796842746), (15, 16.203410856119273), (17, 13.216724598378192), (0, 9.584832833919013), (8, 20.390128306389354), (7, 21.42720249873915), (6, 21.4364844948162), (13, 23.397073085490568), (5, 18.714808534071633), (18, 26.868702830056815), (9, 17.385183696239785), (4, 9.299327771219891), (2, 17.669121533890053), (3, 22.68477387510785), (10, 17.830132126035785), (1, 16.03461266782736), (14, 22.114388791157694), (12, 9.748616394055567), (21, 17.934459305457445), (19, 20.298827319527568)]
Atom 17: [(1, 16.83371050382354), (18, 15.945530069101432), (0, 3.7736701498401986), (3, 12.18641035869575), (6, 16.6351090325437), (8, 11.6967152394645), (7, 14.456683051984239), (12, 18.56312723149957), (10, 24.724941770104497), (15, 22.597041340288097), (2, 17.6311992552349), (14, 26.42570315611402), (11, 20.326739002795154), (13, 28.354741344530655), (4, 3.9287568039870595), (9, 13.456469615341978), (5, 12.231571680560027), (16, 12.924516785167583), (20, 16.44280946066519), (21, 4.764804542545292), (19, 7.447607094559906)]
Atom 18: [(15, 27.192819641233125), (3, 3.2158732910892294), (13, 30.01139539599682), (12, 26.523191163779487), (7, 8.828979643728676), (5, 9.795531312909036), (6, 12.330711224681531), (9, 12.931774275948513), (21, 10.286631462945383), (10, 29.198160390754413), (4, 17.50499039069258), (16, 25.411415609865223), (8, 6.567764472751751), (11, 25.174207546016742), (1, 19.15250149084161), (17, 13.996928392984163), (0, 17.02777769513404), (14, 27.908157615694293), (2, 18.60060011365649), (20, 2.1903408393125243), (19, 7.777781177055762)]
Atom 19: [(2, 19.0968449673957), (0, 11.088743047502797), (11, 24.22847592863863), (7, 12.145324413221559), (12, 23.91887605649574), (8, 8.737665637580495), (9, 13.79426395596616), (15, 26.47481157107757), (1, 18.987725737214063), (10, 28.607458336885465), (16, 20.298827319527568), (4, 11.598880405926842), (6, 15.38779117194785), (14, 28.869655765231215), (13, 30.94611228289949), (5, 11.109137619965468), (3, 6.7766004966508175), (18, 9.642971235901404), (17, 7.447607094559906)]
Atom 20: [(12, 28.15369861667212), (2, 19.23634463473087), (7, 9.596177146887705), (1, 19.938907925075593), (5, 11.04215650186755), (3, 4.9933718226001655), (17, 16.44280946066519), (16, 27.383204204378824), (13, 30.72457993351853), (14, 28.645189129746505), (18, 1.035783312066819), (0, 19.47679599871382), (6, 12.863216357433004), (10, 30.33850006087397), (15, 28.41474612620901), (8, 8.05063443755198), (9, 14.15176334993874), (4, 19.617127849360426), (11, 26.490280892600843)]
Atom 21: [(9, 14.254738163412224), (3, 9.14203212104713), (5, 12.042142169700151), (7, 13.582346579117868), (14, 28.742258766982427), (4, 9.059697381552727), (8, 10.299047632322866), (18, 12.47850440357301), (16, 17.934459305457445), (13, 30.77363231309394), (17, 4.764804542545292), (6, 16.510915605544515), (2, 19.232431719318914), (12, 22.48541299621856), (0, 8.504813232960002), (1, 18.860243364226843), (10, 27.867481517331676), (15, 25.72047420275593), (11, 23.448411756562077)]
New position of object Informational Sign:1: (14.196539261684475, -4.476701724868427, 0.8684461311116046)
New position of object Pedestrian:2: (-0.830773913569459, -0.004674662579706279, -0.06499257634340272)
New position of object Trash Can:1: (15.913851366840422, -1.1871085176790075, 0.15622874079607754)
New position of object Service Vehicle:1: (12.376067764251683, 14.860010549221114, 0.19338161208003612)
New position of object Pedestrian:1: (-1.4282221989640647, 1.6350770467181555, 0.1200487886562972)
New position of object Railing:2: (9.067322775997209, -12.565703814287208, -0.2628121608270967)
New position of object Bollard:4: (11.35701255327741, 9.789124830823516, -0.45675899978886103)
New position of object Railing:1: (13.836911707451403, -5.015571260136102, -0.015298944966245925)
New position of object Bike:1: (17.699241505527457, 3.3143782281848484, 0.05436802311567121)
New position of object Bollard:7: (17.024910828882017, 6.135042577741652, -0.3348674752996911)
New position of object Bollard:1: (5.9802867752800815, 5.78027301443948, -0.49585925366997097)
New position of object Fence:1: (1.8371677823498196, 7.570569833250483, 0.5927011617092868)
New position of object Fence:2: (5.340873423708938, 8.361333996963547, 0.6077530823569041)
New position of object Bollard:3: (8.52194084075666, 7.689552593994529, -0.4617564332930534)
New position of object Bollard:2: (3.4067767649610055, 3.8166530067764164, -0.4270131221696868)
New position of object Fence:5: (-8.281897605342095, -7.3724583961496855, 1.514215294311641)
New position of object Fence:8: (-4.1317793804667176, -5.937032552391813, 0.6216956615303457)
New position of object Fence:9: (-0.6861953749524865, -10.234125947729943, 1.1686340049028852)
New position of object Fence:6: (-12.619595578144049, -3.058467941295227, 0.8064381588824036)
New position of object Fence:4: (-6.255986823117844, -6.621226338784126, 1.392716237318518)

After Updating position of all the atoms:
Atom 0: [(6, 17.303255698074377), (16, 9.351434619693535), (2, 16.803688264030672), (11, 18.188107185670873), (3, 14.806253605711639), (1, 15.72233121841615), (18, 19.06389816508212), (14, 24.692512979897582), (12, 15.695377154541656), (10, 22.457591803120053), (8, 13.563810788827103), (7, 15.738711520847344), (17, 3.993835993513925), (5, 13.317141641366431), (4, 0.9549261771226265), (15, 20.37592148340357), (9, 13.67832520231244), (13, 26.67818932692933), (20, 19.43394633492502), (21, 8.580942431330579), (19, 11.04793041711811)]
Atom 1: [(12, 10.3255102059184), (10, 10.5431594393155), (8, 12.200742662048276), (7, 10.455999016360755), (14, 9.940221916166925), (16, 16.02236490381898), (4, 15.594237535295353), (13, 12.094849319732727), (0, 15.70638326075034), (11, 6.800354784509768), (15, 8.64167033095235), (3, 15.705970235693854), (5, 9.004764785064976), (6, 8.070830966315874), (17, 16.817598875079675), (9, 5.812674393007638), (2, 1.7329235877651414), (18, 19.031466742027547), (20, 19.885831407567725), (21, 18.82529761986156), (19, 18.88370826596303)]
Atom 2: [(1, 1.7549844525314648), (6, 6.79702606145846), (15, 9.646891285752647), (13, 12.073126064100304), (18, 18.251012739345672), (3, 15.219457815331205), (4, 16.72450049265751), (10, 11.388890553605838), (16, 17.680663277515322), (0, 16.79425821634223), (14, 9.91154759424837), (8, 11.736858270298397), (7, 9.572518315667566), (12, 11.972465277239206), (5, 8.549949956065289), (17, 17.57024632469913), (11, 8.069071790842052), (9, 5.415974181140789), (21, 19.201151897416935), (19, 18.99933570236063)]
Atom 3: [(8, 3.448144965916037), (13, 27.170065079703765), (17, 11.90034589680824), (10, 26.080624582550985), (14, 25.026521989751117), (1, 15.640144769438042), (6, 9.856339354440527), (15, 24.07180380905123), (7, 6.33194272610452), (9, 9.851603455814105), (11, 22.01504338216393), (16, 22.472620194467478), (0, 14.60591961787437), (5, 6.657832123762123), (18, 4.597597774234048), (12, 23.28574065139031), (4, 14.838921996781508), (2, 15.175092426743493), (21, 9.077855610477782), (19, 6.744793956721866)]
Atom 4: [(3, 15.017450287600484), (6, 17.44131930398607), (17, 4.358924989731764), (7, 15.99866264772768), (13, 26.362521286874166), (15, 20.008087747704348), (11, 17.800758215623972), (10, 22.07760889163372), (0, 1.0957726558438605), (5, 13.466458589410879), (8, 13.855416985344267), (2, 16.651539120791668), (9, 13.685630937844406), (14, 24.39854240017792), (1, 15.500082439958307), (16, 8.933909723761957), (12, 15.211207479496894), (18, 19.51939027368992), (21, 9.182075115872578), (19, 11.601795180285364)]
Atom 5: [(1, 8.946609046262818), (6, 4.680107726055056), (13, 20.56224086482536), (3, 6.706832471991539), (15, 17.462168558340036), (8, 3.2601652257257947), (4, 13.360679142019833), (14, 18.40849320818412), (18, 10.289049836683745), (11, 15.447773741452233), (16, 18.605347833818712), (7, 2.9957006409789844), (12, 17.3293716273142), (0, 13.212632777235992), (21, 11.988214509366442), (10, 19.438856877412213), (2, 8.51163894610617), (9, 3.145439223663563), (17, 12.150939455915903)]
Atom 6: [(7, 3.534149675327638), (13, 17.918657991366764), (16, 21.4120657734307), (4, 17.400415685275), (12, 17.96542505453972), (5, 4.642796729015274), (11, 14.763239184901341), (1, 8.058213394884994), (18, 11.961895465729125), (8, 6.800833171410878), (2, 6.790894389901451), (10, 18.068684529700892), (0, 17.26171632971074), (3, 9.831113740079777), (14, 15.852021823376962), (17, 16.584343791975133), (9, 4.144862271931247), (15, 16.355901466741212), (21, 16.4319917340127)]
Atom 7: [(13, 21.241551786219457), (6, 3.5918641043641553), (17, 14.253578191892736), (11, 17.109134822077696), (5, 2.8790077141102346), (15, 18.927904673738993), (18, 8.753142601060333), (8, 3.434476765483334), (4, 15.859144195226593), (3, 6.274209325852442), (16, 21.27405039411462), (14, 19.1296287517725), (2, 9.55515795723489), (1, 10.417865350857072), (10, 20.795793630134153), (0, 15.598267195255689), (12, 19.480037562430656), (9, 4.954094754768201), (21, 13.36066088191414)]
Atom 8: [(15, 20.58735497499069), (2, 11.661943062195059), (18, 7.376032307100475), (10, 22.581932142728174), (5, 3.179074850301135), (14, 21.53586415776253), (16, 20.263574029377743), (21, 10.179950033145735), (6, 6.768473133537159), (9, 6.323803271655862), (0, 13.490302081584263), (12, 20.097576708293854), (3, 3.5278690688771386), (1, 12.117418368191341), (17, 11.567945340142266), (4, 13.77927471790501), (7, 3.4226204535769793), (13, 23.684640257959394), (11, 18.549371787692795)]
Atom 9: [(12, 14.656014671755063), (1, 5.717555402906128), (6, 4.194684865293894), (5, 3.237822894713319), (13, 17.401632622735892), (11, 12.314021363356197), (0, 13.670293417388974), (2, 5.332519609428286), (7, 5.04634484414002), (4, 13.673529499851451), (10, 16.236641541835258), (14, 15.242277053983992), (17, 13.483497897849558), (3, 9.943719303967645), (21, 14.30938699317971), (16, 17.33350391904111), (15, 14.285949022348193), (18, 13.385489616567591), (8, 6.416031626531501)]
Atom 10: [(0, 22.673388553463052), (17, 25.010736672947033), (5, 19.504990298751895), (18, 29.545441636533827), (16, 18.196787419476063), (7, 20.83155748668932), (9, 16.296922724460163), (13, 5.915300436713089), (3, 26.155142338413324), (8, 22.65254126710963), (2, 11.404045842419375), (12, 8.398963373108547), (21, 28.13110770284014), (6, 18.07038365064839), (4, 22.296548078027246), (14, 5.377576124718979), (15, 2.326597989086023), (1, 10.597045763489591), (11, 4.649382795940437)]
Atom 11: [(7, 17.15151980215442), (16, 14.796551440212683), (2, 8.055911791948333), (8, 18.62724688810699), (15, 2.2166503942830786), (21, 23.71716540830698), (14, 7.172531638951656), (0, 18.388059064737654), (6, 14.767684081199898), (10, 4.481129313942057), (13, 8.749692782846143), (9, 12.37190368770718), (12, 5.7293840701912675), (5, 15.517669305446093), (17, 20.605963938802418), (18, 25.72962754815197), (1, 6.823565633987534), (3, 22.099270713419397), (4, 18.003574990952753)]
Atom 12: [(2, 11.938513914499547), (3, 23.422453572653787), (0, 15.960383350850861), (9, 14.721511468617678), (7, 19.555850180132133), (8, 20.21648332463115), (13, 13.694089507349345), (16, 10.12997580422125), (10, 8.124239039817972), (5, 17.426230119757314), (14, 12.443141915973717), (17, 18.932380743798333), (18, 27.561363867606968), (6, 17.991838486290437), (11, 5.534997952914271), (15, 6.40448761123741), (1, 10.30458204349152), (21, 22.86542900032844), (4, 15.477585392565711)]
Atom 13: [(3, 27.231122719925054), (11, 8.964557312892767), (12, 13.92936804258246), (5, 20.634314715893545), (14, 2.277711384861748), (9, 17.482371137611313), (1, 12.209068807839829), (18, 29.889352840494983), (8, 23.750638414626632), (4, 26.54151998324935), (15, 7.555740513374892), (2, 12.15513607633758), (16, 23.703444009048415), (21, 30.990493056664707), (6, 17.944919458665677), (10, 6.158497042401009), (0, 26.853683542511508), (17, 28.60213895746206), (7, 21.284496677986414)]
Atom 14: [(11, 7.63549129203171), (10, 5.890029268718136), (15, 6.626152239085152), (12, 12.931859413028299), (1, 9.908642469431548), (4, 24.70144595645097), (17, 26.559076901761216), (6, 15.805383123622187), (9, 15.34515372303644), (8, 21.599847009402644), (18, 27.77921405950586), (0, 25.024528280155955), (16, 22.260922004902334), (3, 25.058441391028495), (2, 9.82643554505063), (13, 2.1085166541050295), (7, 19.095945891705526), (5, 18.466984414780388), (20, 28.645189129746505), (21, 28.742258766982427), (19, 28.869655765231215)]
Atom 15: [(1, 8.67966624837854), (16, 16.519122367854827), (4, 20.206068552414752), (2, 9.648499328629894), (11, 2.3611122643874887), (17, 22.859577056272073), (13, 7.316589763761432), (5, 17.523991987216213), (6, 16.356841204150044), (7, 18.962606597021363), (10, 2.1641224832241788), (18, 27.637064374272644), (0, 20.571331221228046), (12, 6.642727843835028), (9, 14.33979568659767), (8, 20.654893090684684), (21, 25.96844967130624), (3, 24.144107587471854), (14, 5.893655675984407)]
Atom 16: [(10, 17.92575362276244), (18, 27.063998954930405), (7, 21.39799992170777), (13, 23.478928947568463), (12, 9.850450852389045), (3, 22.65605899295446), (11, 14.572966893843882), (2, 17.6625373004665), (1, 15.993464415631204), (6, 21.446928930935336), (14, 21.96339344423062), (15, 16.284092087013804), (5, 18.72129699624065), (9, 17.393206250180327), (4, 9.20298201026669), (17, 13.28619508913146), (8, 20.357495136713567), (0, 9.644716786030967), (21, 18.077268319575957), (19, 20.323540912123047)]
Atom 17: [(6, 16.62554981586968), (2, 17.58717342471398), (15, 22.685087743294346), (1, 16.787780212826934), (10, 24.81979022076999), (5, 12.235781688465254), (14, 26.369728698342595), (7, 14.391757043210117), (13, 28.4481328344163), (8, 11.622161340013536), (11, 20.423852542998553), (9, 13.464400109906112), (18, 16.148928939844723), (16, 13.00143346645309), (12, 18.685388371075383), (4, 4.092819531046945), (3, 12.103803737568182), (0, 3.778602644678292), (20, 16.432508131805683), (21, 4.843694506914659), (19, 7.422231826467407)]
Atom 18: [(15, 27.192819641233125), (3, 3.2158732910892294), (13, 30.01139539599682), (12, 26.523191163779487), (7, 8.828979643728676), (5, 9.795531312909036), (6, 12.330711224681531), (9, 12.931774275948513), (21, 10.286631462945383), (10, 29.198160390754413), (4, 17.50499039069258), (16, 25.411415609865223), (8, 6.567764472751751), (11, 25.174207546016742), (1, 19.15250149084161), (17, 13.996928392984163), (0, 17.02777769513404), (14, 27.908157615694293), (2, 18.60060011365649), (20, 2.1903408393125243), (19, 7.777781177055762)]
Atom 19: [(17, 7.422231826467407), (13, 30.953100955718604), (16, 20.323540912123047), (2, 18.99933570236063), (21, 2.9261533636418404), (11, 24.23972915064597), (9, 13.747713154164924), (8, 8.63326538218005), (6, 15.31819274743849), (1, 18.88370826596303), (10, 28.610495805049258), (0, 11.04793041711811), (12, 23.961217743731606), (7, 12.036680342279332), (14, 28.785698621508185), (5, 11.071070472752456), (4, 11.601795180285364), (3, 6.744793956721866), (18, 9.849235172645201), (15, 26.476387738124746)]
Atom 20: [(18, 1.0253200382387546), (1, 19.885831407567725), (4, 19.732986189107553), (13, 30.730981531045813), (7, 9.575419763946478), (10, 30.33099646635892), (11, 26.494105855224927), (6, 12.832711335386586), (5, 11.049530972277404), (8, 8.070179668960842), (14, 28.64763449312503), (12, 28.185431324160742), (3, 5.040909761139688), (9, 14.143531900248536), (0, 19.43394633492502), (16, 27.42530863136634), (17, 16.432508131805683), (2, 19.15499482821022), (15, 28.412795456982348)]
Atom 21: [(12, 22.64089669949443), (1, 18.82529761986156), (4, 9.182075115872578), (15, 25.82073334867181), (14, 28.716850058359096), (0, 8.580942431330579), (7, 13.482398557853582), (2, 19.201151897416935), (17, 4.843694506914659), (13, 30.864979342522034), (16, 18.077268319575957), (10, 27.971423835452008), (9, 14.258862430689755), (3, 9.077855610477782), (6, 16.470092321734676), (11, 23.559614601356), (8, 10.19456558319395), (18, 12.622372048062624), (5, 12.034908832029078), (19, 2.9261533636418404)]
New position of object Informational Sign:1: (14.070567202675878, -4.678436345670793, 0.8732967942290044)
New position of object Pedestrian:2: (-0.8245067165512019, -0.017378606018738196, -0.06576387872004294)
New position of object Trash Can:1: (15.848994288853024, -1.3179730412395223, 0.12002219049541613)
New position of object Service Vehicle:1: (12.453605762095624, 14.765071418740023, 0.1443166577500773)
New position of object Pedestrian:1: (-1.429561269804136, 1.6517634368047887, 0.11784275890895426)
New position of object Railing:2: (8.763199733804878, -12.67455061882779, -0.14918108195392463)
New position of object Bollard:4: (11.444307449297515, 9.617688141812028, -0.47127727403432496)
New position of object Railing:1: (13.673322588498255, -5.190101878960181, -0.03095353698382608)
New position of object Bike:1: (17.588000720338353, 3.1308409932314074, -0.051137832048386345)
New position of object Bollard:7: (17.03148296722878, 5.901582311637913, -0.4177931003134171)
New position of object Bollard:1: (5.9740632184632325, 5.698334255437035, -0.5038082793058475)
New position of object Fence:1: (1.8244481054830217, 7.553634108643134, 0.5941863314141328)
New position of object Fence:2: (5.342084166272226, 8.29911869020955, 0.6144390784560987)
New position of object Bollard:3: (8.58082324874783, 7.5337556231169085, -0.4745853892481724)
New position of object Bollard:2: (3.389443774430646, 3.7813759354719156, -0.4382530037842469)
New position of object Fence:5: (-8.474709782330155, -7.285359125982545, 1.496898977920461)
New position of object Fence:8: (-4.299130501175224, -5.883623366487033, 0.6209904406433409)
New position of object Fence:9: (-0.9020328434571567, -10.223932592495867, 1.1636394371253993)
New position of object Fence:6: (-12.7503286256433, -2.9628760169847794, 0.8304272325072588)
New position of object Fence:4: (-6.420420855933958, -6.553948085309578, 1.3775165131487355)

After Updating position of all the atoms:
Atom 0: [(8, 13.621188348899143), (21, 8.816065241385848), (14, 24.584143706417873), (10, 22.523348204161312), (3, 14.779808985439491), (5, 13.293300085255735), (4, 0.9787018078639069), (18, 19.247358810543005), (13, 26.73936343623312), (7, 15.69438363001539), (6, 17.31395239849858), (12, 15.77069918535414), (17, 4.012636677500681), (9, 13.695757572483748), (2, 16.75232243093955), (15, 20.42579320561901), (11, 18.247541989933623), (1, 15.645267727845486), (16, 9.409154397306095), (20, 19.52424058764919), (19, 11.062130448949143)]
Atom 1: [(5, 8.950025743550938), (18, 19.036956651680775), (15, 8.674038579258198), (11, 6.815640537599854), (7, 10.424411842120717), (13, 12.212005649867752), (4, 15.490050571928245), (9, 5.721368658347722), (21, 18.82137836267746), (16, 15.979599002090065), (3, 15.643202950889066), (10, 10.592743354515298), (17, 16.780648977831405), (6, 8.068150275284653), (2, 1.769069929461416), (14, 9.943174280992356), (8, 12.120630370014641), (0, 15.635553116506259), (12, 10.291977186462793), (20, 19.871417502581195), (19, 18.814738650984754)]
Atom 2: [(16, 17.676703535297285), (5, 8.504532294259526), (13, 12.160481531663411), (10, 11.416696072127563), (6, 6.777114309313605), (15, 9.66240372964359), (12, 11.955380443870514), (17, 17.53190867226245), (21, 19.201026342467568), (8, 11.654322262009712), (4, 16.659420033110884), (0, 16.759955929205805), (11, 8.071287073987598), (9, 5.326704456587945), (7, 9.544481922341069), (18, 18.240273323860123), (3, 15.167177976508329), (1, 1.7848914725872354), (14, 9.917438514409422), (19, 18.95146486592155)]
Atom 3: [(2, 15.150561528066337), (0, 14.597407135476736), (5, 6.676966456378256), (21, 8.895629201660316), (1, 15.605215582780765), (14, 25.019875392981742), (10, 26.10996794287689), (13, 27.228457882974602), (8, 3.50114608833743), (9, 9.91240977031866), (11, 22.039927555255822), (4, 14.834579606359567), (16, 22.4551996985197), (12, 23.322369742752553), (17, 11.80421902210422), (18, 4.764872620106471), (6, 9.880277124717463), (15, 24.093095123885202), (7, 6.3241314938894275), (19, 6.710352700571196)]
Atom 4: [(9, 13.663105793103844), (13, 26.392473052259795), (3, 14.981089372388018), (0, 1.1123279925219705), (11, 17.832709063192684), (18, 19.674909283857925), (1, 15.39302869407683), (17, 4.444066015927356), (15, 20.031283695003136), (6, 17.416034230706085), (7, 15.921026019973102), (16, 8.952109088939752), (21, 9.409648494387923), (10, 22.11745736845313), (8, 13.878322102802484), (14, 24.25533498721047), (5, 13.407015426656244), (12, 15.266857738894503), (2, 16.58102415938503), (19, 11.59535873360528)]
Atom 5: [(13, 20.59423409321481), (16, 18.5867679157325), (4, 13.343921009480518), (17, 12.12979786234704), (18, 10.361140232119968), (3, 6.729484757239776), (14, 18.366870557743177), (11, 15.452397047316326), (7, 2.9543299748492555), (2, 8.460191544332305), (15, 17.462602970245342), (8, 3.233944836843133), (1, 8.89279537450276), (10, 19.446091090353395), (12, 17.349334161594697), (0, 13.233562001892855), (9, 3.183956901727251), (6, 4.67134914798731)]
Atom 6: [(11, 14.747050199507235), (15, 16.335781198033178), (16, 21.3980916588252), (7, 3.608020258394372), (18, 11.982061514303325), (0, 17.31094691784317), (5, 4.676220193313235), (3, 9.896323839747314), (12, 17.973250363763686), (1, 8.048150685381472), (17, 16.601751133656364), (14, 15.831426829352768), (13, 17.924624366806036), (10, 18.049180435158707), (8, 6.7815852052481675), (4, 17.41233566443761), (9, 4.184691155427634), (2, 6.756297628185818)]
Atom 7: [(2, 9.502058812777864), (15, 18.913954155468254), (1, 10.375627521130692), (11, 17.100355123869424), (8, 3.4119284979945053), (16, 21.264570340372593), (4, 15.867738869787068), (9, 4.992247592709515), (5, 2.90068170465234), (12, 19.496882906079133), (0, 15.641942275277222), (3, 6.336760559833416), (6, 3.5958199191951463), (10, 20.785110173525627), (13, 21.25214287971908), (18, 8.795854712277347), (14, 19.095347528557312), (17, 14.25230022677735)]
Atom 8: [(2, 11.625687136674141), (5, 3.188232022568078), (11, 18.554628312634943), (1, 12.06842967954184), (3, 3.5415148528417784), (4, 13.71229041695316), (7, 3.5015976011076635), (16, 20.21174881878677), (17, 11.468782358624722), (10, 22.594289082643588), (14, 21.515443861883845), (6, 6.8404146966102015), (12, 20.10660139518765), (13, 23.733815112724383), (15, 20.59080529787354), (0, 13.45703190687856), (9, 6.371018128791278), (18, 7.493648768076958)]
Atom 9: [(13, 17.453425490179704), (11, 12.334494414277717), (2, 5.297858200077164), (7, 5.032987653257967), (6, 4.212490255151548), (1, 5.68565413608963), (10, 16.261622377718822), (8, 6.405629883847958), (12, 14.684250521313874), (18, 13.424067070347109), (3, 9.947082969041222), (4, 13.65325860345917), (15, 14.30387758093399), (14, 15.212925016321751), (0, 13.688498251972375), (5, 3.2185842174943198), (17, 13.474250635945547), (16, 17.313530386590916)]
Atom 10: [(5, 19.528086557066786), (14, 5.221619555176814), (17, 25.082824125577005), (16, 18.1355586899475), (15, 2.3183308590895964), (4, 22.299322279786043), (2, 11.463336046763365), (9, 16.33938731198698), (11, 4.630875713026738), (0, 22.70406220033446), (13, 5.960152975398689), (1, 10.667289392800352), (18, 29.61089700525662), (3, 26.198358196076647), (7, 20.84606627869348), (6, 18.085443415563066), (12, 8.334503004707479), (8, 22.68003790850358)]
Atom 11: [(1, 6.852552045009286), (7, 17.14943834155919), (4, 17.997640763837342), (16, 14.742263336695608), (10, 4.490828569243513), (9, 12.395498480212003), (2, 8.078962769965639), (13, 8.788972245362286), (0, 18.410918716405114), (12, 5.681556688898759), (18, 25.790492428943907), (8, 18.63114472999082), (14, 7.000315298625021), (5, 15.522416813037312), (15, 2.229104195573245), (3, 22.12102044974954), (6, 14.766814885585031), (17, 20.665020315369638)]
Atom 12: [(11, 5.538323266732809), (15, 6.457305300761682), (16, 10.057124201225019), (6, 17.994439502745955), (13, 13.739459700516148), (1, 10.280621921471337), (2, 11.93332028871764), (18, 27.649163531405144), (17, 19.000056907111343), (9, 14.735382516843202), (10, 8.129680926098267), (5, 17.42353754312172), (7, 19.554898288840295), (14, 12.268545234283765), (8, 20.197619439184628), (0, 15.969207231897832), (4, 15.466334083879039), (3, 23.426373698057578)]
Atom 13: [(5, 20.673645003137004), (18, 29.940973345906414), (8, 23.80966975871915), (16, 23.62431286820053), (4, 26.53133723273114), (0, 26.87574069815068), (15, 7.475036551748133), (17, 28.655394820015413), (7, 21.31231044022755), (11, 8.944125367436628), (3, 27.301015438528673), (2, 12.245915541335336), (10, 6.116286561983468), (14, 2.38337460077298), (12, 13.900218915839032), (6, 17.97434037031582), (1, 12.3168316426438), (9, 17.538150902143624)]
Atom 14: [(11, 7.63549129203171), (10, 5.890029268718136), (15, 6.626152239085152), (12, 12.931859413028299), (1, 9.908642469431548), (4, 24.70144595645097), (17, 26.559076901761216), (6, 15.805383123622187), (9, 15.34515372303644), (8, 21.599847009402644), (18, 27.77921405950586), (0, 25.024528280155955), (16, 22.260922004902334), (3, 25.058441391028495), (2, 9.82643554505063), (13, 2.1085166541050295), (7, 19.095945891705526), (5, 18.466984414780388), (20, 28.645189129746505), (21, 28.742258766982427), (19, 28.869655765231215)]
Atom 15: [(2, 9.686545254100915), (17, 22.911210738948252), (13, 7.298139328207022), (5, 17.529433561942646), (18, 27.69195534138885), (4, 20.189165162714296), (6, 16.358953075416686), (14, 5.729327238683356), (16, 16.441864709738457), (8, 20.662308726798315), (7, 18.961867107613454), (10, 2.183876662366106), (3, 24.16792035218623), (11, 2.349795671167474), (0, 20.582817431745376), (12, 6.6307718964599704), (1, 8.724909965294385), (9, 14.364866362735313)]
Atom 16: [(13, 23.464999244562172), (10, 17.928034268802374), (7, 21.325892906763894), (4, 9.188059775327643), (18, 27.203220515565725), (1, 15.87876181475847), (3, 22.615021198868387), (14, 21.73947916557068), (8, 20.36793089310301), (6, 21.409932507488136), (21, 18.31775424169072), (11, 14.569450470305899), (17, 13.388532748364476), (15, 16.26641162070461), (5, 18.666689733974522), (9, 17.341518234712613), (0, 9.65150008684136), (12, 9.848013865742578), (2, 17.584281419179387), (19, 20.3349299161531)]
Atom 17: [(11, 20.513866126688253), (7, 14.295015574638594), (4, 4.211771683326342), (13, 28.530003476937484), (16, 13.139599620680857), (0, 3.8759436463792483), (6, 16.600027165333817), (3, 11.994923909462615), (12, 18.81514992252927), (5, 12.171926511800866), (1, 16.725181557330178), (10, 24.917875329427307), (18, 16.25712339879889), (21, 4.988627418022255), (2, 17.527769806498288), (15, 22.76783774615687), (8, 11.62582025784661), (14, 26.299786985706827), (9, 13.471169555688624), (20, 16.43756589554712), (19, 7.335496183270485)]
Atom 18: [(15, 27.192819641233125), (3, 3.2158732910892294), (13, 30.01139539599682), (12, 26.523191163779487), (7, 8.828979643728676), (5, 9.795531312909036), (6, 12.330711224681531), (9, 12.931774275948513), (21, 10.286631462945383), (10, 29.198160390754413), (4, 17.50499039069258), (16, 25.411415609865223), (8, 6.567764472751751), (11, 25.174207546016742), (1, 19.15250149084161), (17, 13.996928392984163), (0, 17.02777769513404), (14, 27.908157615694293), (2, 18.60060011365649), (20, 2.1903408393125243), (19, 7.777781177055762)]
Atom 19: [(11, 24.271732776672764), (18, 10.049393903914298), (3, 6.710352700571196), (14, 28.726403240538808), (9, 13.783309991188155), (12, 24.016535092069297), (13, 30.999479053928443), (15, 26.50292304243145), (2, 18.95146486592155), (7, 11.990516036655352), (6, 15.319067593633845), (10, 28.647862907391758), (17, 7.335496183270485), (16, 20.3349299161531), (8, 8.695463053077779), (5, 11.052137691090717), (4, 11.59535873360528), (1, 18.814738650984754), (0, 11.062130448949143)]
Atom 20: [(13, 30.76982914559624), (16, 27.54276567767134), (15, 28.442592849253806), (8, 8.117159619269646), (2, 19.10765523760712), (12, 28.260634616309797), (6, 12.832406520399493), (9, 14.21405636488904), (1, 19.871417502581195), (4, 19.829594984982997), (0, 19.52424058764919), (3, 5.13067764116106), (18, 1.0207626803763823), (21, 12.595362624945297), (11, 26.53073688897333), (5, 11.092352602967084), (7, 9.581940701352963), (17, 16.43756589554712), (14, 28.6532272911967), (10, 30.36293708587173)]
Atom 21: [(3, 8.944309369000676), (5, 11.914541124531489), (8, 10.155978575931579), (2, 19.075740848180907), (10, 27.964643174090785), (12, 22.67281252064579), (17, 4.779684658570066), (15, 25.801613782751772), (7, 13.333578713872058), (11, 23.54629234458841), (13, 30.847072078226805), (16, 18.102406716824298), (14, 28.574352806306543), (0, 8.61462306112853), (18, 12.728440517236836), (1, 18.679719769842833), (9, 14.202772026059378), (6, 16.377254320038038), (4, 9.19582527911173)]
New position of object Informational Sign:1: (13.897479566761866, -4.867644516429252, 0.8773681402911714)
New position of object Pedestrian:2: (-0.8205631037394703, -0.025996201905266858, -0.07229614721045993)
New position of object Trash Can:1: (15.663033644203942, -1.6396956369228004, 0.10890261120475267)
New position of object Service Vehicle:1: (12.699731321418803, 14.494150292301319, 0.0664157433228451)
New position of object Pedestrian:1: (-1.423228971140226, 1.6684001408446925, 0.11595172888287142)
New position of object Railing:2: (8.484804839027667, -12.74316246797634, -0.17943927241692578)
New position of object Bollard:4: (11.432038796239276, 9.509380228815285, -0.52316450626474)
New position of object Railing:1: (13.514463629593614, -5.394994988994291, -0.04065790832526825)
New position of object Bike:1: (17.46410765447134, 2.937880173040135, -0.10253079297244236)
New position of object Bollard:7: (17.016154377174118, 5.66286403661424, -0.4775362743515613)
New position of object Bollard:1: (5.971209329803912, 5.629193095280035, -0.5223179878522177)
New position of object Fence:1: (1.838653273958645, 7.530929605961573, 0.5956330640543255)
New position of object Fence:2: (5.340154689584729, 8.242416196459754, 0.6209103836462662)
New position of object Bollard:3: (8.58145624352344, 7.430973243447331, -0.5110625939514172)
New position of object Bollard:2: (3.3343396167063517, 3.7437487704491126, -0.4513758031281767)
New position of object Fence:5: (-8.66787946434821, -7.193756446694621, 1.4901576505886802)
New position of object Fence:8: (-4.465614795904905, -5.82725374924939, 0.6201986235076004)
New position of object Fence:9: (-1.1174859623092424, -10.20972574840799, 1.158559921454893)
New position of object Fence:6: (-12.849426831340098, -2.8229606607290094, 0.9048421315513936)
New position of object Fence:4: (-6.584006969494126, -6.483800476824882, 1.3622654902243607)

After Updating position of all the atoms:
Atom 0: [(16, 9.400128488508463), (6, 17.32415779435144), (3, 14.753364365845409), (12, 15.741579996602356), (13, 26.715838522204677), (8, 13.560580303624471), (10, 22.510975515593444), (11, 18.22675397631709), (2, 16.673264217645475), (17, 4.120940448488208), (1, 15.529052048757922), (15, 20.39389236285888), (4, 0.9895824225209041), (7, 15.70438077384696), (14, 24.429490957958254), (5, 13.27885847270261), (9, 13.673157279321298), (18, 19.413983142107735), (20, 19.415749866146225), (21, 8.63754904549696), (19, 11.065871358896253)]
Atom 1: [(16, 15.86947857547112), (12, 10.272880838092561), (10, 10.665209082881745), (3, 15.6072702079375), (0, 15.523021635982701), (18, 19.040807918478603), (15, 8.72207081987944), (8, 12.070532284821573), (2, 1.7949676808162618), (5, 8.89500470845137), (14, 9.945431527656398), (4, 15.386436205790625), (13, 12.319069687119876), (7, 10.38062448081356), (9, 5.68807216265662), (11, 6.847837135230885), (6, 8.0554999122221), (17, 16.720655913011583), (20, 19.84067177654933), (21, 18.523354502787377), (19, 18.726340829643732)]
Atom 2: [(8, 11.61172639358844), (14, 9.930257535138546), (6, 6.738849574282761), (3, 15.136363868362906), (15, 9.704147710669412), (4, 16.582113861194834), (11, 8.096847087979695), (1, 1.8082097159643826), (12, 11.949764549061108), (16, 17.59414282261859), (0, 16.67404404506559), (10, 11.480426905977794), (5, 8.446561618438214), (18, 18.224089149536585), (17, 17.403560484149526), (13, 12.25815568013405), (9, 5.285227388708252), (7, 9.486009696696565), (21, 18.93121229540431), (19, 18.876409300782868)]
Atom 3: [(4, 14.877513196516894), (7, 6.312402260855619), (11, 22.039131963202202), (0, 14.653966371341163), (12, 23.33191517343408), (2, 15.071408284331195), (9, 9.874238088715227), (18, 4.87541990781482), (13, 27.242912483490056), (5, 6.656871899197429), (14, 24.95967425892136), (17, 11.941638032718675), (16, 22.4494986916737), (6, 9.868090730335648), (8, 3.4691328327851503), (15, 24.090525533856617), (10, 26.12321889519187), (1, 15.532319185237602), (21, 8.930139999701234), (19, 6.780863925315979)]
Atom 4: [(5, 13.421404559570881), (3, 15.056882361129153), (9, 13.670402052272134), (12, 15.251371775425854), (0, 1.1258648031525629), (14, 24.12178376069621), (11, 17.83257334443759), (17, 4.329087049292642), (15, 20.018841385567494), (10, 22.123772397322032), (6, 17.45641674774235), (13, 26.391538496786062), (8, 13.844915776427749), (2, 16.524246959323683), (16, 8.905744950070478), (1, 15.307519080481244), (18, 19.86286044116077), (7, 15.960754606645795), (21, 9.221731108807997), (19, 11.607279915149148)]
Atom 5: [(6, 4.705920075860373), (10, 19.48197821641588), (0, 13.22756519444139), (9, 3.1760051260253856), (3, 6.6989933101425505), (8, 3.231055807217775), (4, 13.366577900904995), (12, 17.361034084510976), (18, 10.42101200555719), (1, 8.849398761107649), (2, 8.412668235802204), (17, 12.131225881460406), (13, 20.643390096551272), (7, 2.969262161152225), (16, 18.546675635816946), (15, 17.481155534387938), (11, 15.470358020705284), (14, 18.33497089815518)]
Atom 6: [(14, 15.828014434060334), (11, 14.752059656789413), (8, 6.826582709753904), (2, 6.726010830616223), (13, 17.972575709136215), (7, 3.586711049492635), (15, 16.346480562772427), (0, 17.297956714063194), (12, 17.97412371494805), (18, 11.983503308955251), (1, 8.038948242169655), (4, 17.43011590026783), (16, 21.349727800961414), (17, 16.596709508224293), (5, 4.684488858479816), (3, 9.858956367158022), (9, 4.187245431725655), (10, 18.074848535095775)]
Atom 7: [(6, 3.5731448718147365), (13, 21.280696827810434), (9, 4.982768343594652), (4, 15.91339005657809), (10, 20.80215476480556), (11, 17.101485687774353), (2, 9.445423700642886), (0, 15.657818223818216), (5, 2.9213243648866833), (18, 8.837187712365642), (1, 10.33448705126869), (15, 18.91602458118175), (16, 21.23496870766678), (8, 3.493457242759448), (3, 6.3265438575827275), (12, 19.500397370784952), (14, 19.061718161538927), (17, 14.29965440695125)]
Atom 8: [(10, 22.61670063433493), (15, 20.59614216601059), (9, 6.346798817200429), (14, 21.470576713293696), (3, 3.5278524548166517), (13, 23.767135778370275), (1, 12.008200410969748), (7, 3.527865962812419), (2, 11.562617435874479), (0, 13.470109230461198), (16, 20.177092635568595), (11, 18.55989067441179), (6, 6.833751417795914), (18, 7.588195402731783), (12, 20.110616406062597), (17, 11.52432771465426), (4, 13.749956492254205), (5, 3.1717388506628263)]
Atom 9: [(1, 5.62297920665637), (3, 9.940844618733756), (14, 15.148528431708183), (13, 17.47393451767627), (10, 16.275461385855877), (12, 14.685068896816373), (8, 6.413378183352055), (6, 4.204288748969754), (17, 13.464474813838306), (11, 12.333131381138612), (0, 13.693121646028205), (15, 14.301844619356798), (2, 5.221435753798295), (18, 13.487735343013021), (5, 3.24237798220099), (4, 13.686498880562587), (16, 17.274822247039076), (7, 5.040942410183097)]
Atom 10: [(6, 18.110874737745718), (13, 5.916247509156679), (4, 22.307740454704724), (5, 19.564790156667065), (9, 16.353954732619826), (16, 18.105193726818413), (0, 22.69320902602703), (14, 5.066822758517737), (7, 20.86279074184722), (15, 2.339468521198203), (12, 8.342478969557618), (1, 10.742365794391722), (11, 4.643045103154118), (2, 11.528712940569578), (18, 29.67534048008582), (8, 22.70302145838154), (3, 26.211733155026955), (17, 24.994975288213062)]
Atom 11: [(15, 2.218756808746459), (6, 14.771102257951082), (5, 15.539717382878589), (3, 22.119109628542137), (16, 14.70314874070208), (9, 12.393209827268668), (10, 4.503685898746922), (2, 8.105257779833428), (14, 6.827582786972754), (1, 6.8862573272168035), (13, 8.768428542321248), (12, 5.685528040592892), (18, 25.849550896306297), (4, 17.99741090208702), (0, 18.389948901839844), (17, 20.56598051593469), (7, 17.149598481899023), (8, 18.635621740094656)]
Atom 12: [(7, 19.556884521008122), (17, 18.871487351168106), (14, 12.093019381989267), (3, 23.434203832372326), (8, 20.200281685592394), (5, 17.434055799708783), (18, 27.734630310677613), (4, 15.450362602505264), (15, 6.444669952532717), (16, 10.02060537534027), (1, 10.262139997194744), (10, 8.13722740978009), (2, 11.927715006303686), (0, 15.939450760488805), (9, 14.73465626241959), (6, 17.99406841805118), (11, 5.5412868899643986), (13, 13.70939570226455)]
Atom 13: [(11, 8.910392984257811), (15, 7.448208245289911), (7, 21.292817054947122), (9, 17.517856498007514), (10, 6.0771529881875965), (12, 13.866041530729058), (6, 17.973267679578054), (18, 29.94408761542401), (17, 28.548100430783023), (1, 12.388356306505353), (8, 23.7998045385123), (0, 26.824960181867645), (5, 20.6807164922252), (4, 26.505924831012656), (16, 23.552823843956112), (3, 27.271146066802757), (14, 2.4586858452278455), (2, 12.302547193885152)]
Atom 14: [(11, 7.63549129203171), (10, 5.890029268718136), (15, 6.626152239085152), (12, 12.931859413028299), (1, 9.908642469431548), (4, 24.70144595645097), (17, 26.559076901761216), (6, 15.805383123622187), (9, 15.34515372303644), (8, 21.599847009402644), (18, 27.77921405950586), (0, 25.024528280155955), (16, 22.260922004902334), (3, 25.058441391028495), (2, 9.82643554505063), (13, 2.1085166541050295), (7, 19.095945891705526), (5, 18.466984414780388), (20, 28.645189129746505), (21, 28.742258766982427), (19, 28.869655765231215)]
Atom 15: [(9, 14.3619517249698), (1, 8.773738561096673), (17, 22.80278680937921), (10, 2.2052025890257156), (8, 20.666919467175774), (16, 16.3898003475353), (6, 16.368921471705303), (7, 18.963034993756196), (0, 20.550872883240995), (3, 24.164324538209677), (11, 2.3386539379080826), (4, 20.17677407007677), (5, 17.5473566238865), (14, 5.564375882121929), (2, 9.72858172863522), (18, 27.74516646877112), (12, 6.618675623579311), (13, 7.270933250511004)]
Atom 16: [(2, 17.491412940498762), (9, 17.294220374830193), (4, 9.164687049296749), (10, 17.894771958353438), (0, 9.614451238679601), (17, 13.224866180404966), (15, 16.214075336279887), (8, 20.279293331824718), (11, 14.530071135163066), (18, 27.301963722458687), (12, 9.81137611463633), (6, 21.37565904634635), (13, 23.400955678852213), (5, 18.614452453336654), (1, 15.758415847998599), (3, 22.55773625860217), (7, 21.290479853753748), (14, 21.528280669584174), (21, 18.0701104665971), (19, 20.289272989742265)]
Atom 17: [(1, 16.563387956738733), (2, 17.40662470597443), (6, 16.621048757894414), (13, 28.453304897233036), (9, 13.428641202721957), (4, 4.072332784888974), (7, 14.337279918971772), (18, 16.521274676908597), (0, 3.7586399719144907), (11, 20.41472884673918), (10, 24.828022633123815), (12, 18.68697465139856), (8, 11.603894620018886), (3, 12.035902498298485), (14, 26.101987111072756), (5, 12.169562245512157), (15, 22.65917520604715), (16, 13.017001945741601), (20, 16.403778535999194), (21, 4.92369495103225), (19, 7.449981481188774)]
Atom 18: [(15, 27.192819641233125), (3, 3.2158732910892294), (13, 30.01139539599682), (12, 26.523191163779487), (7, 8.828979643728676), (5, 9.795531312909036), (6, 12.330711224681531), (9, 12.931774275948513), (21, 10.286631462945383), (10, 29.198160390754413), (4, 17.50499039069258), (16, 25.411415609865223), (8, 6.567764472751751), (11, 25.174207546016742), (1, 19.15250149084161), (17, 13.996928392984163), (0, 17.02777769513404), (14, 27.908157615694293), (2, 18.60060011365649), (20, 2.1903408393125243), (19, 7.777781177055762)]
Atom 19: [(0, 11.065871358896253), (14, 28.64559699716982), (9, 13.756045307464206), (12, 24.0030247703126), (6, 15.346385250420633), (10, 28.659013123834566), (18, 10.244192675983555), (3, 6.780863925315979), (13, 31.018666482693206), (4, 11.607279915149148), (2, 18.876409300782868), (15, 26.49461790484876), (1, 18.726340829643732), (7, 12.017743717470816), (17, 7.449981481188774), (16, 20.289272989742265), (5, 11.042179382347886), (8, 8.640315693443549), (11, 24.26663350649863)]
Atom 20: [(6, 12.912052188404827), (8, 8.1058731724206), (11, 26.54284302118673), (3, 5.064097746367194), (14, 28.69083930420368), (4, 19.70855510365724), (2, 19.09362338616088), (18, 1.1417837535792201), (1, 19.84067177654933), (12, 28.23465086964684), (15, 28.46614919210802), (7, 9.633987636820112), (13, 30.871297874040984), (17, 16.403778535999194), (9, 14.20210122384188), (16, 27.45325248726896), (10, 30.40970681939755), (0, 19.415749866146225), (5, 11.087206439020415)]
Atom 21: [(8, 10.00865813224724), (7, 13.27404903121004), (12, 22.63076709076079), (16, 18.0701104665971), (15, 25.74404874682159), (17, 4.92369495103225), (14, 28.41712409484206), (0, 8.63754904549696), (13, 30.799374896522366), (9, 14.103912855665088), (2, 18.93121229540431), (10, 27.926601070964896), (1, 18.523354502787377), (6, 16.321444481224987), (3, 8.930139999701234), (11, 23.494274679010072), (18, 12.841528395063882), (4, 9.221731108807997), (5, 11.823800214123237)]
New position of object Informational Sign:1: (13.754763996909158, -5.040785147432265, 0.8818508251675489)
New position of object Pedestrian:2: (-0.8204324243762464, -0.02532036300803142, -0.05131663247729182)
New position of object Trash Can:1: (15.59160151887254, -1.7685574880090726, 0.1316535289941201)
New position of object Service Vehicle:1: (12.752860287671428, 14.364464576030313, 0.10949307236739417)
New position of object Pedestrian:1: (-1.3997244215265887, 1.6847347193130577, 0.11430243995344504)
New position of object Railing:2: (8.18290924886998, -12.864011051705665, -0.24288197358049077)
New position of object Bollard:4: (11.506653801924234, 9.329019171918308, -0.4720331345894473)
New position of object Railing:1: (13.36386277814675, -5.572649690796796, -0.06926491267285662)
New position of object Bike:1: (17.373206334687698, 2.7647051946905297, -0.03466424689303249)
New position of object Bollard:7: (16.986135266188686, 5.434527175295759, -0.40332326986576883)
New position of object Bollard:1: (5.9442609753717015, 5.531133662084159, -0.5027021410504444)
New position of object Fence:1: (1.8654704433893166, 7.505342906907112, 0.5969091452975295)
New position of object Fence:2: (5.338647173846617, 8.18870419577092, 0.6262801915858981)
New position of object Bollard:3: (8.547533644331981, 7.353408653168755, -0.48371725865810256)
New position of object Bollard:2: (3.3157568852826174, 3.7138229084750147, -0.4441743361621723)
New position of object Fence:5: (-8.858468518826367, -7.093008343215997, 1.5008204541447407)
New position of object Fence:8: (-4.631309303492898, -5.767878668770061, 0.619323149527221)
New position of object Fence:9: (-1.3326402673948579, -10.191494199759381, 1.1533953910380896)
New position of object Fence:4: (-6.746919382611086, -6.410565018424839, 1.3472383065390021)

After Updating position of all the atoms:
Atom 0: [(15, 20.395555788334697), (14, 24.305069573721532), (6, 17.324076518218604), (13, 26.696483732504767), (8, 13.573801172290615), (1, 15.443401979615121), (7, 15.7263211734756), (10, 22.53398017217485), (11, 18.239221422251173), (5, 13.28171107241936), (16, 9.39283889912957), (18, 19.569900522246137), (9, 13.694187586721974), (12, 15.747327827598408), (2, 16.61238210481201), (17, 3.9757202928214586), (3, 14.801230790563999), (4, 1.0169716032229723), (20, 19.446440917834796), (21, 8.652098260544355), (19, 11.037463521714013)]
Atom 1: [(7, 10.332482304203022), (16, 15.759040698786542), (17, 16.563107539501996), (8, 12.00846331627571), (6, 8.036553630411774), (14, 9.943853818092236), (10, 10.739881000105095), (18, 19.04049563637806), (4, 15.307604779176978), (15, 8.770916219832465), (12, 10.260319446017117), (5, 8.849958330062872), (11, 6.884817955407817), (3, 15.532424369805419), (2, 1.805555739010518), (9, 5.623883016756564), (0, 15.442216137163015), (13, 12.386998718827286), (20, 19.78196262760279), (21, 18.406330737272725), (19, 18.628142600188525)]
Atom 2: [(18, 18.195822183971764), (15, 9.7549558975193), (3, 15.042791919510922), (4, 16.509984575292762), (12, 11.94354729775505), (5, 8.384193569767973), (14, 9.958492160423647), (0, 16.597598236676713), (7, 9.417314287880608), (17, 17.33870483462715), (13, 12.330448325853107), (9, 5.193350850420372), (1, 1.8130905326782325), (16, 17.491552822529304), (8, 11.53404985554702), (11, 8.129304120775373), (10, 11.556239036641717), (6, 6.7005047512100795), (21, 18.804559459851575), (19, 18.771486789670238)]
Atom 3: [(17, 11.840922394853992), (4, 14.866538867560093), (7, 6.356173602318673), (12, 23.319311558510847), (15, 24.097342671655884), (5, 6.658257059303707), (1, 15.48023660479653), (8, 3.487245675451803), (0, 14.607473340783779), (14, 24.93635886101318), (6, 9.891575779807372), (11, 22.04583732216846), (10, 26.15079538622872), (9, 9.898605524253625), (2, 15.01177781094173), (18, 5.051287656899797), (13, 27.254083421859036), (16, 22.441710688252726), (21, 8.814643960774944), (19, 6.722834675528258)]
Atom 4: [(2, 16.451955277456058), (6, 17.463571622704166), (12, 15.25514632935647), (5, 13.428993406067569), (17, 4.412970156758685), (14, 23.995653963777617), (3, 15.022356084048873), (9, 13.694255141013661), (13, 26.37510618834574), (10, 22.146274000033586), (16, 8.946304983160282), (1, 15.230476525835435), (0, 1.1577153372422757), (8, 13.862207864174836), (15, 20.019914648123372), (7, 15.991006187833973), (11, 17.844619742597875), (18, 20.025738896398554), (21, 9.25135230369097), (19, 11.592687157215925)]
Atom 5: [(1, 8.765786160003362), (8, 3.250270637108366), (4, 13.36160033418163), (3, 6.735361080940543), (15, 17.458357434947235), (18, 10.51764548233479), (14, 18.266214012458075), (16, 18.53268468552602), (17, 12.114416105002428), (2, 8.313218449540813), (0, 13.216898716443126), (6, 4.696971219607727), (10, 19.47842310505976), (9, 3.163711213468657), (7, 2.9964149397893474), (11, 15.447957285233448), (13, 20.614916303733597), (12, 17.332129598899407)]
Atom 6: [(9, 4.172058056745154), (12, 17.97323393202191), (1, 8.021543502275113), (0, 17.287042029178306), (13, 17.980458256538054), (3, 9.87020006231818), (10, 18.105603413807945), (4, 17.426723861504186), (18, 11.97635698183596), (5, 4.6629582163254915), (16, 21.343051864145234), (7, 3.5520816015926218), (11, 14.759448373931866), (8, 6.807172503280686), (14, 15.83261013186289), (2, 6.691329196161493), (15, 16.360793730628103), (17, 16.571914965527508)]
Atom 7: [(0, 15.681700386441271), (5, 2.950262755336006), (6, 3.539887273694989), (10, 20.821843533838106), (15, 18.920194225981874), (11, 17.10469721665848), (8, 3.51902194797095), (1, 10.289003761562602), (9, 4.9936179228742095), (2, 9.379199961947428), (18, 8.876194014544964), (4, 15.94561787071649), (16, 21.26175178371025), (12, 19.505568466298495), (17, 14.300866707154704), (3, 6.367960126389751), (14, 19.030238631506055), (13, 21.26359319786808)]
Atom 8: [(14, 21.403118151169775), (12, 20.1140092557632), (5, 3.1777468681201455), (3, 3.5580283230488665), (2, 11.464703866960141), (10, 22.624912002095275), (9, 6.340984340647192), (1, 11.932786785162948), (7, 3.496679190818518), (0, 13.512811110321238), (15, 20.58736336115482), (6, 6.770583879088807), (16, 20.222141630088267), (11, 18.55506733938351), (17, 11.54157007119156), (4, 13.800426855134845), (13, 23.734289692140614), (18, 7.672194338508465)]
Atom 9: [(12, 14.699918586402179), (17, 13.45676164647654), (11, 12.357782116004346), (7, 5.026183497539058), (13, 17.48892648086046), (6, 4.1908005771473205), (10, 16.319450596894605), (15, 14.326900290541385), (16, 17.27872303027419), (0, 13.68847597132806), (3, 9.930860863424), (18, 13.5226908345442), (4, 13.687350453870105), (8, 6.373353598555981), (2, 5.163802779321079), (5, 3.196103507514035), (14, 15.118764131242548), (1, 5.5895967283300285)]
Atom 10: [(8, 22.706965126824944), (18, 29.733860809360397), (6, 18.136476552560048), (9, 16.394583575891737), (17, 25.060533111384963), (5, 19.55770601675572), (4, 22.329546944878025), (0, 22.714599451842144), (7, 20.877108343499298), (3, 26.23572652185458), (12, 8.351878866241192), (11, 4.655619543275334), (14, 4.911053932701467), (1, 10.81533019269068), (15, 2.3587087658061154), (2, 11.601899369691939), (16, 18.07632503135483), (13, 5.875052818820961)]
Atom 11: [(12, 5.689265000695086), (18, 25.906831377505792), (1, 6.924558917365742), (17, 20.620342230307905), (16, 14.673196297268754), (2, 8.138773438220735), (4, 18.009399937839905), (14, 6.654214836083099), (15, 2.2085143267942984), (5, 15.51674280023665), (7, 17.151859543946752), (9, 12.417308593683996), (8, 18.629728408390594), (10, 4.5168441620144275), (6, 14.777924768522357), (3, 22.125578775319454), (13, 8.734501638026634), (0, 18.402317168688455)]
Atom 12: [(11, 5.543899794808195), (3, 23.420929366364255), (1, 10.250111141499879), (18, 27.81781292775354), (6, 17.992099172692967), (4, 15.453667027079952), (9, 14.748480226885851), (15, 6.431754947239432), (0, 15.944695281739232), (5, 17.403935693250133), (7, 19.560562865526503), (14, 11.916444464303014), (17, 18.931977691800814), (2, 11.921787944051928), (8, 20.202019465203193), (16, 9.981864525196235), (10, 8.146128506702967), (13, 13.67455439852014)]
Atom 13: [(11, 8.910392984257811), (15, 7.448208245289911), (7, 21.292817054947122), (9, 17.517856498007514), (10, 6.0771529881875965), (12, 13.866041530729058), (6, 17.973267679578054), (18, 29.94408761542401), (17, 28.548100430783023), (1, 12.388356306505353), (8, 23.7998045385123), (0, 26.824960181867645), (5, 20.6807164922252), (4, 26.505924831012656), (16, 23.552823843956112), (3, 27.271146066802757), (14, 2.4586858452278455), (2, 12.302547193885152), (20, 30.84667359893834), (21, 30.749182711663124), (19, 30.984805433551756)]
Atom 14: [(11, 7.63549129203171), (10, 5.890029268718136), (15, 6.626152239085152), (12, 12.931859413028299), (1, 9.908642469431548), (4, 24.70144595645097), (17, 26.559076901761216), (6, 15.805383123622187), (9, 15.34515372303644), (8, 21.599847009402644), (18, 27.77921405950586), (0, 25.024528280155955), (16, 22.260922004902334), (3, 25.058441391028495), (2, 9.82643554505063), (13, 2.1085166541050295), (7, 19.095945891705526), (5, 18.466984414780388), (20, 28.645189129746505), (21, 28.742258766982427), (19, 28.869655765231215)]
Atom 15: [(18, 27.79668253460905), (0, 20.552661720489887), (4, 20.17801136345619), (5, 17.52405506481151), (14, 5.398529033938215), (9, 14.386446532177995), (7, 18.966269036967965), (16, 16.34243651280638), (8, 20.657193974676616), (2, 9.779902997820571), (12, 6.606619323649851), (3, 24.17099900841073), (1, 8.823296033405171), (6, 16.382574454325585), (13, 7.092758036532393), (10, 2.2244001713420856), (11, 2.3278127559377566), (17, 22.848093932095438)]
Atom 16: [(2, 17.42470809729749), (13, 23.334505020817133), (0, 9.670235403087181), (17, 13.34683811913638), (6, 21.375366564653483), (15, 16.16618074749149), (12, 9.772748893765142), (9, 17.30230572684685), (7, 21.314517632422273), (10, 17.863490529068244), (1, 15.6821183889542), (4, 9.178919742116838), (14, 21.32537824169772), (18, 27.458040846226687), (3, 22.6098217265198), (11, 14.499862825626664), (8, 20.300668661218936), (5, 18.627085135365597), (21, 18.131786637219868), (19, 20.30662529734035)]
Atom 17: [(14, 26.02613958417569), (18, 16.62967444597808), (1, 16.50536918424793), (16, 13.07842850827523), (5, 12.15344964645402), (13, 28.47106742437602), (0, 3.8267795756187324), (11, 20.469577864434672), (10, 24.895797532213372), (7, 14.337054386263121), (15, 22.704746950186856), (8, 11.583893407451754), (4, 4.182731403169597), (2, 17.358495928303547), (12, 18.748372270494006), (3, 12.038381446331975), (9, 13.452357147632044), (6, 16.608411201772476), (20, 16.380883486013225), (21, 4.873627793817312), (19, 7.356313833331153)]
Atom 18: [(15, 27.192819641233125), (3, 3.2158732910892294), (13, 30.01139539599682), (12, 26.523191163779487), (7, 8.828979643728676), (5, 9.795531312909036), (6, 12.330711224681531), (9, 12.931774275948513), (21, 10.286631462945383), (10, 29.198160390754413), (4, 17.50499039069258), (16, 25.411415609865223), (8, 6.567764472751751), (11, 25.174207546016742), (1, 19.15250149084161), (17, 13.996928392984163), (0, 17.02777769513404), (14, 27.908157615694293), (2, 18.60060011365649), (20, 2.1903408393125243), (19, 7.777781177055762)]
Atom 19: [(11, 24.249801800946663), (5, 11.017288593268036), (4, 11.592687157215925), (7, 12.023400472528415), (3, 6.722834675528258), (14, 28.549391749744448), (15, 26.47103025390925), (0, 11.037463521714013), (12, 23.977556802749195), (10, 28.656365593497018), (9, 13.756182795945739), (1, 18.628142600188525), (16, 20.30662529734035), (6, 15.324458477000547), (18, 10.422794048604958), (2, 18.771486789670238), (13, 30.984805433551756), (17, 7.356313833331153), (8, 8.639214902930794)]
Atom 20: [(0, 19.446440917834796), (15, 28.462853507093904), (16, 27.44309062714186), (18, 1.2005861304339154), (14, 28.656112277088507), (12, 28.237880169196917), (6, 12.886172706309933), (4, 19.774701698616656), (17, 16.380883486013225), (11, 26.541329908110118), (8, 8.115356005348005), (10, 30.422215893421846), (3, 5.0711605222672755), (9, 14.20643198511922), (5, 11.07677492651044), (13, 30.84667359893834), (1, 19.78196262760279), (2, 19.030281146909637), (7, 9.62752451630138)]
Atom 21: [(11, 23.47732336207423), (9, 14.07913184715515), (4, 9.25135230369097), (10, 27.92193026412624), (6, 16.26150388603065), (14, 28.293166191237137), (16, 18.131786637219868), (7, 13.237425271132812), (18, 12.956798613708408), (15, 25.71836579467215), (3, 8.814643960774944), (1, 18.406330737272725), (13, 30.749182711663124), (17, 4.873627793817312), (12, 22.620020862841482), (0, 8.652098260544355), (5, 11.766419710475825), (2, 18.804559459851575), (8, 9.964731935853331)]
New position of object Informational Sign:1: (13.560886739874366, -5.256866115642508, 0.8264582037268698)
New position of object Pedestrian:2: (-0.8228678787154173, -0.014257751310616129, -0.06660151052557389)
New position of object Trash Can:1: (15.43628819145253, -2.0309508269491285, 0.07557780191977886)
New position of object Service Vehicle:1: (12.893178270084587, 14.143335078571114, 0.18970941665909413)
New position of object Pedestrian:1: (-1.3544499015985139, 1.6983901712328962, 0.11404051335202936)
New position of object Railing:2: (7.982228316784525, -12.995172854466562, -0.2511776216429959)
New position of object Bollard:4: (11.508297900860438, 9.203950799477367, -0.4519742329867622)
New position of object Railing:1: (13.185663323559364, -5.748507218318737, -0.07863625655926021)
New position of object Bike:1: (17.32199012455278, 2.5469972066074735, -0.05749128362658398)
New position of object Bollard:7: (16.93893878551631, 5.2645210547919365, -0.41912948851254794)
New position of object Bollard:1: (5.895009235748812, 5.483794741225129, -0.47784206658750505)
New position of object Fence:1: (1.89407073336006, 7.478011038529232, 0.5988483358006287)
New position of object Fence:2: (5.344549177877852, 8.131710132023851, 0.6290393084857164)
New position of object Bollard:3: (8.561046750060978, 7.2411644285892525, -0.4579215745211569)
New position of object Bollard:2: (3.2824789384822175, 3.6777416865433903, -0.4437629754362876)
New position of object Fence:5: (-9.044398328403165, -6.978772018843719, 1.533904433941061)
New position of object Fence:8: (-4.79721986577384, -5.705746261839719, 0.6197445223282878)
New position of object Fence:9: (-1.5496908879283886, -10.170684985075725, 1.1468960494799998)
New position of object Railing:6: (-2.593468882075303, -11.535439863888351, 0.9895946694448431)
New position of object Fence:4: (-6.91010321705793, -6.3337822533398995, 1.3350164689685582)

After Updating position of all the atoms:
Atom 0: [(2, 16.507963966109397), (16, 9.377354871541597), (11, 18.200550421359235), (18, 19.761159048443922), (6, 17.31211813307548), (7, 15.761619704740344), (12, 15.693138276624587), (8, 13.633389114513605), (3, 14.786953788421899), (13, 26.522343462323875), (17, 4.095711553722253), (14, 24.136073536502185), (9, 13.676639000730209), (1, 15.328466998660467), (10, 22.504525610207814), (15, 20.347216580707638), (4, 0.969978148766717), (5, 13.272550412895216), (20, 19.422128873901258), (21, 8.707901476176128), (19, 11.120355763747245), (22, 17.332348582319295)]
Atom 1: [(13, 12.38832656269861), (5, 8.759884851726941), (7, 10.282652260060978), (18, 19.033513500370805), (14, 9.945604847666951), (15, 8.832104839983725), (8, 11.927318160347829), (9, 5.582952765491094), (3, 15.475086537376662), (0, 15.335413103101796), (10, 10.822957045331153), (16, 15.692394857204192), (12, 10.262767758052352), (4, 15.236766545990287), (11, 6.933893018143309), (17, 16.509139233504175), (2, 1.803348309539482), (6, 8.013226777244993), (20, 19.713778227019912), (21, 18.324736885272326), (19, 18.53298566439222), (22, 11.70419649334649)]
Atom 2: [(12, 11.93524547621373), (18, 18.153879570965135), (9, 5.117069900714275), (4, 16.417379501405975), (14, 10.005219009731302), (13, 12.37749874410499), (5, 8.266890263819006), (17, 17.199952016512356), (7, 9.337243387981502), (10, 11.64139776194171), (8, 11.418661328234274), (1, 1.8023245807666526), (3, 14.965893549657475), (0, 16.472716719173626), (11, 8.169350553954878), (16, 17.41126481920672), (6, 6.657458164955881), (15, 9.816040860176281), (21, 18.69649617196463), (19, 18.645364823124876), (22, 13.320511270694919)]
Atom 3: [(10, 26.15739778308974), (4, 14.897567233842052), (1, 15.400699026486441), (6, 9.84731163762486), (15, 24.08948376484358), (7, 6.344915158123878), (5, 6.667133263523979), (16, 22.478313481975583), (11, 22.04065054436637), (12, 23.316307413248673), (14, 24.877762624826243), (0, 14.661607561584207), (17, 11.91345598170407), (13, 27.19901292415546), (9, 9.862012643972694), (8, 3.4916527372692374), (18, 5.175673037474633), (2, 14.90315718453607), (21, 8.847014479855908), (19, 6.70910172144139), (22, 25.1209130484636)]
Atom 4: [(6, 17.44327009411285), (17, 4.348484769988821), (11, 17.83064878737638), (12, 15.232832122000383), (2, 16.337328351618126), (3, 15.050878272707674), (7, 16.00994789665942), (14, 23.842863495018882), (9, 13.677878586111415), (15, 19.994481542133002), (5, 13.410743388551706), (18, 20.186316436795636), (0, 1.0962205836566112), (10, 22.141502104878125), (13, 26.21739826478304), (1, 15.136733737173985), (8, 13.904550947194489), (16, 8.922985444038368), (21, 9.269576051711702), (19, 11.640008766262557), (22, 16.840745824295553)]
Atom 5: [(1, 8.690660097522564), (17, 12.157864887216336), (10, 19.487334015983382), (0, 13.260040450377556), (14, 18.199545191920024), (13, 20.549157753369382), (7, 2.9740813476112606), (11, 15.446919046406263), (15, 17.45351172836169), (18, 10.583702421656307), (4, 13.396925379251838), (3, 6.734184425781393), (6, 4.634536657827896), (16, 18.59785212505641), (8, 3.2452082268699654), (9, 3.128334459770276), (2, 8.199650634693077), (12, 17.338239136856), (22, 19.075166522862347)]
Atom 6: [(18, 11.96892707445461), (1, 7.997416491528401), (10, 18.131333649107976), (13, 17.98817307544812), (2, 6.647702032292531), (17, 16.55553748728848), (16, 21.376142439770536), (0, 17.272622791969987), (15, 16.37435014351442), (8, 6.742109664520613), (9, 4.156705436669509), (12, 17.97026993911817), (3, 9.824279116443963), (5, 4.598224631629555), (4, 17.40401774863096), (14, 15.837569776526443), (11, 14.765994649236928), (7, 3.5172352956288013), (22, 19.539754597128443)]
Atom 7: [(10, 20.839332204010983), (16, 21.30909002770336), (11, 17.108957176731643), (17, 14.33280132159757), (12, 19.508962688304333), (14, 19.003197357500685), (18, 8.91214786992529), (1, 10.240983451570894), (5, 2.9222677102935037), (2, 9.302119013629405), (0, 15.709906145246345), (13, 21.23915352359415), (8, 3.4789495342784393), (6, 3.511984552322131), (15, 18.92609807386231), (3, 6.349022652807083), (9, 4.978505118361162), (4, 15.957578432949026), (22, 21.211763713802025)]
Atom 8: [(18, 7.769221431679453), (5, 3.193196059090364), (7, 3.5100444787712948), (0, 13.522159547315644), (17, 11.555331573523896), (3, 3.5410245769415667), (1, 11.868114263067747), (15, 20.590341090173705), (12, 20.109176313698462), (9, 6.321027839808247), (13, 23.697090912428628), (6, 6.754363638957175), (10, 22.643866533563223), (4, 13.793567533411462), (2, 11.373942190245524), (11, 18.558930916089473), (14, 21.362194999466322), (16, 20.24566917823037), (22, 21.88788228724758)]
Atom 9: [(3, 9.90975035944126), (12, 14.703943151480258), (6, 4.178129107389165), (14, 15.0737258026083), (13, 17.444662522068253), (11, 12.368425135991458), (1, 5.534165077877841), (4, 13.67700796600222), (2, 5.072483240114136), (0, 13.67795106566019), (7, 5.024029590470688), (17, 13.437781231074464), (10, 16.346041296879523), (16, 17.32370666540997), (15, 14.337728148095612), (5, 3.1762089942122538), (8, 6.368787973067802), (18, 13.57160253812775), (22, 16.371382648220358)]
Atom 10: [(5, 19.558849470237334), (7, 20.88509664965579), (2, 11.680944483765042), (14, 4.751842242096023), (18, 29.782309592041862), (8, 22.718399147559595), (0, 22.68180665481069), (6, 18.152768705896257), (1, 10.893100623609792), (15, 2.3740499036040053), (17, 25.018226627722196), (16, 18.146338800834368), (3, 26.234282040619206), (9, 16.414151086427594), (12, 8.362869324281291), (11, 4.666698658884687), (4, 22.32239861681502), (13, 5.669632204357307), (22, 7.9166903243267965)]
Atom 11: [(4, 17.996489991465594), (3, 22.12052343839918), (1, 6.9756423402676155), (17, 20.571705986858195), (13, 8.557439481823389), (18, 25.963229473359995), (2, 8.181053592935063), (6, 14.784629284757218), (0, 18.364757065533748), (15, 2.1971219564818902), (7, 17.15607079665671), (5, 15.51561430749312), (8, 18.634031974373386), (9, 12.428291396758821), (14, 6.479389790488954), (12, 5.6929807311925), (10, 4.527119151890955), (16, 14.737996515159352), (22, 6.243287196921279)]
Atom 12: [(14, 11.738030508747727), (11, 5.546170840929505), (7, 19.56467195512339), (0, 15.892698088758937), (5, 17.410516057212273), (4, 15.433348611754857), (15, 6.417929822731933), (13, 13.480789117726436), (10, 8.15528806921933), (9, 14.753270235579379), (18, 27.90097723001056), (17, 18.86601389371095), (16, 10.039413600375182), (8, 20.19838991589936), (1, 10.254455722739577), (2, 11.915529978450635), (6, 17.98989498953059), (3, 23.41888061313724), (22, 1.7253324620110717)]
Atom 13: [(11, 8.910392984257811), (15, 7.448208245289911), (7, 21.292817054947122), (9, 17.517856498007514), (10, 6.0771529881875965), (12, 13.866041530729058), (6, 17.973267679578054), (18, 29.94408761542401), (17, 28.548100430783023), (1, 12.388356306505353), (8, 23.7998045385123), (0, 26.824960181867645), (5, 20.6807164922252), (4, 26.505924831012656), (16, 23.552823843956112), (3, 27.271146066802757), (14, 2.4586858452278455), (2, 12.302547193885152), (20, 30.84667359893834), (21, 30.749182711663124), (19, 30.984805433551756), (22, 13.457308435019655)]
Atom 14: [(11, 7.63549129203171), (10, 5.890029268718136), (15, 6.626152239085152), (12, 12.931859413028299), (1, 9.908642469431548), (4, 24.70144595645097), (17, 26.559076901761216), (6, 15.805383123622187), (9, 15.34515372303644), (8, 21.599847009402644), (18, 27.77921405950586), (0, 25.024528280155955), (16, 22.260922004902334), (3, 25.058441391028495), (2, 9.82643554505063), (13, 2.1085166541050295), (7, 19.095945891705526), (5, 18.466984414780388), (20, 28.645189129746505), (21, 28.742258766982427), (19, 28.869655765231215), (22, 11.963628453378773)]
Atom 15: [(22, 6.76830038480221), (17, 22.791703600704), (1, 8.885682695018744), (4, 20.153927501854444), (5, 17.51891797519006), (7, 18.971699423690154), (16, 16.391207244975824), (2, 9.84235032417748), (10, 2.2384780192192517), (11, 2.3173949211137197), (0, 20.505604348411723), (6, 16.395763367615178), (14, 5.231045909987939), (3, 24.16302927883881), (9, 14.397339994183957), (8, 20.660355407158303), (18, 27.8469660053861), (12, 6.594788260688465), (13, 6.912776808988191)]
Atom 16: [(8, 20.3577605391412), (2, 17.412861305080213), (3, 22.601767669560868), (17, 13.262124354365774), (10, 17.93081462411522), (7, 21.366213992021883), (0, 9.600214578735288), (5, 18.63975881318527), (6, 21.41039757987535), (18, 27.613951698077997), (14, 21.215680973550718), (1, 15.686552975977385), (12, 9.828540893100294), (13, 23.211379510804303), (4, 9.170001735257229), (11, 14.563409083637122), (15, 16.21295117443271), (9, 17.34945943707867), (21, 18.133607341914264), (19, 20.338812450831206), (22, 10.74782338541555)]
Atom 17: [(18, 16.847379760199612), (2, 17.241204696328055), (13, 28.30894970244993), (3, 12.032905823130012), (14, 25.866572630966626), (6, 16.594570765739054), (0, 3.806242429513016), (10, 24.857412305534876), (12, 18.680286950496022), (4, 4.106039131312079), (11, 20.419812876644126), (1, 16.38436517025591), (5, 12.14981934773265), (9, 13.423108682421697), (7, 14.37730767653765), (15, 22.647137549349964), (8, 11.654782410124149), (16, 13.041016699111836), (20, 16.373391788238436), (21, 4.952896865468826), (19, 7.465025391003144), (22, 20.402031242448512)]
Atom 18: [(15, 27.192819641233125), (3, 3.2158732910892294), (13, 30.01139539599682), (12, 26.523191163779487), (7, 8.828979643728676), (5, 9.795531312909036), (6, 12.330711224681531), (9, 12.931774275948513), (21, 10.286631462945383), (10, 29.198160390754413), (4, 17.50499039069258), (16, 25.411415609865223), (8, 6.567764472751751), (11, 25.174207546016742), (1, 19.15250149084161), (17, 13.996928392984163), (0, 17.02777769513404), (14, 27.908157615694293), (2, 18.60060011365649), (20, 2.1903408393125243), (19, 7.777781177055762), (22, 29.5888244264402)]
Atom 19: [(14, 28.458019421206266), (18, 10.545311979760827), (3, 6.70910172144139), (2, 18.645364823124876), (6, 15.272952070225855), (12, 23.983574444450745), (10, 28.66881518708251), (5, 10.998227439888012), (13, 30.8950964956113), (8, 8.647733993492148), (4, 11.640008766262557), (0, 11.120355763747245), (7, 12.008767377087604), (1, 18.53298566439222), (15, 26.465969983453522), (16, 20.338812450831206), (9, 13.711177085583842), (11, 24.25010990002536), (17, 7.465025391003144)]
Atom 20: [(4, 19.723302640159687), (16, 27.41843384593109), (10, 30.427543971050927), (9, 14.174044345222557), (5, 11.087691309382198), (15, 28.45234820073062), (3, 5.053512734127669), (2, 18.96073512487601), (8, 8.08957548717722), (13, 30.839071375792088), (6, 12.877852755837516), (11, 26.528261638642075), (14, 28.63884100118948), (18, 1.3803074877588102), (12, 28.20437057840504), (1, 19.713778227019912), (7, 9.62907903570972), (17, 16.373391788238436), (0, 19.422128873901258)]
Atom 21: [(10, 27.94234165653246), (3, 8.847014479855908), (2, 18.69649617196463), (4, 9.269576051711702), (18, 13.129508135293976), (16, 18.133607341914264), (8, 10.013707909596507), (5, 11.770981424018892), (1, 18.324736885272326), (14, 28.203917459208014), (13, 30.660674066714147), (9, 14.060070254251693), (6, 16.245535776306347), (11, 23.484943993488493), (12, 22.621464252102232), (7, 13.262613221236947), (0, 8.707901476176128), (15, 25.72010091544852), (17, 4.952896865468826)]
Atom 22: [(12, 1.7253324620110717), (1, 11.70419649334649), (4, 16.840745824295553), (8, 21.88788228724758), (0, 17.332348582319295), (16, 10.74782338541555), (10, 7.9166903243267965), (2, 13.320511270694919), (14, 11.963628453378773), (15, 6.606315328019058), (11, 6.243287196921279), (17, 20.402031242448512), (18, 29.5888244264402), (5, 19.075166522862347), (9, 16.371382648220358), (13, 13.457308435019655), (6, 19.539754597128443), (7, 21.211763713802025), (3, 25.1209130484636)]
New position of object Informational Sign:1: (13.417656881355423, -5.412934109939162, 0.8505158041733226)
New position of object Pedestrian:2: (-0.826102897790232, -0.0014906048278007233, -0.061934348524434774)
New position of object Trash Can:1: (15.36971735072439, -2.172220909706766, 0.020951520517569655)
New position of object Service Vehicle:1: (12.91015146968881, 14.052437521876126, 0.12306761417327139)
New position of object Pedestrian:1: (-1.3060760873926114, 1.7041029477539311, 0.11734046435873072)
New position of object Railing:2: (7.715904678209366, -13.099804634387901, -0.27600131179897236)
New position of object Bollard:4: (11.573780236375502, 9.032394298301899, -0.4861206315501)
New position of object Railing:1: (12.996756862577644, -5.918896574429024, -0.14214428895232203)
New position of object Bike:1: (17.291704810431565, 2.2845460879490176, -0.14527726552261508)
New position of object Bollard:7: (16.937956963857577, 5.018643365130977, -0.5014889529208215)
New position of object Bollard:1: (5.878239472535437, 5.407808542285698, -0.5146892281092527)
New position of object Fence:1: (1.9204583065313763, 7.447033072847587, 0.6034174617852613)
New position of object Fence:2: (5.367600858426453, 8.06143368271012, 0.6272404439474605)
New position of object Bollard:3: (8.626055963033348, 7.086126710046952, -0.4970521700554339)
New position of object Bollard:2: (3.2329368040099666, 3.630092392989429, -0.45090561235194215)
New position of object Fence:5: (-9.225998539679953, -6.8513518385465275, 1.578165677097348)
New position of object Fence:8: (-4.9652846596488445, -5.641271533701655, 0.6247852561109779)
New position of object Fence:9: (-1.7731682231577182, -10.150120132377669, 1.1367997496977664)
New position of object Railing:6: (-2.846226817776433, -11.494872024506595, 0.9890269446217866)
New position of object Fence:4: (-7.07526444889977, -6.252566941059019, 1.3311783434721165)

After Updating position of all the atoms:
Atom 0: [(1, 15.257108377288468), (12, 15.70813591379817), (9, 13.6761608622378), (2, 16.41122992627217), (8, 13.617080456696423), (10, 22.526934825281966), (14, 24.012343518833617), (18, 19.90426248497928), (22, 17.142361793239033), (5, 13.307646744956793), (11, 18.218691754731882), (3, 14.79849507444682), (6, 17.292566063072552), (4, 1.0147678916333573), (7, 15.769638786967594), (17, 4.014126579950502), (15, 20.354373800636505), (16, 9.39403834695455), (13, 26.394518381421822), (20, 19.485569926914753), (21, 8.674736456591303), (19, 11.092260281496307)]
Atom 1: [(13, 12.387722488409564), (8, 11.863028126384386), (14, 9.945247201232915), (3, 15.39576973136847), (4, 15.14457234626407), (9, 5.528380238328926), (17, 16.389111700277564), (6, 7.986170745262697), (7, 10.232465287483416), (5, 8.685314206703936), (12, 10.266321875622141), (16, 15.698990101489015), (11, 6.983766079768626), (15, 8.891819217300803), (18, 19.02604322313148), (0, 15.264369582009524), (22, 11.715855978485857), (10, 10.898143747208804), (2, 1.7887739827229001), (20, 19.652781115273452), (21, 18.26165014325477), (19, 18.465014922679778)]
Atom 2: [(22, 13.330555182264547), (16, 17.391869174821654), (18, 18.11538994123232), (6, 6.618973043105283), (0, 16.37003589166764), (11, 8.206482804935979), (15, 9.873978601768927), (10, 11.716680514173184), (8, 11.32916984360834), (7, 9.263195250096643), (4, 16.296941931464634), (5, 8.154504407377551), (9, 5.026422601302182), (13, 12.424307231748369), (1, 1.7808882861874713), (17, 17.12066775178935), (3, 14.858668100958127), (12, 11.921825419103037), (14, 10.051195007669158), (21, 18.608689815097716), (19, 18.553001643971946)]
Atom 3: [(5, 6.696347319896268), (2, 14.831005304216605), (7, 6.39203670510397), (11, 22.05550655173505), (14, 24.857311139200963), (9, 9.870145691735788), (13, 27.1841362210659), (15, 24.105805725493227), (0, 14.623747497312104), (17, 11.841016117843644), (4, 14.874113763402823), (8, 3.505119497610455), (10, 26.18295696497264), (16, 22.466899731538035), (6, 9.863571414104683), (12, 23.31631385520978), (1, 15.347576752916718), (22, 25.018482874810694), (18, 5.346969739863053), (21, 8.851231050239381), (19, 6.69961377263589)]
Atom 4: [(0, 1.1910201097227548), (9, 13.658463871554652), (11, 17.81155567112614), (16, 8.914637292750331), (18, 20.34198989111622), (13, 26.05199054364553), (8, 13.891092293247722), (2, 16.20951832865978), (15, 19.96590123839881), (10, 22.130182950714303), (6, 17.415390978786483), (3, 15.022792049548965), (14, 23.682507126471375), (5, 13.437592105476813), (12, 15.209814983793107), (7, 16.017819933129307), (17, 4.43791846004343), (22, 16.609681826018345), (1, 15.03640844744559), (21, 9.259754813451645), (19, 11.631507501408482)]
Atom 5: [(10, 19.501518733871563), (13, 20.505758121651358), (3, 6.751120104100412), (7, 3.0020959622589363), (22, 19.002799242304842), (15, 17.459326284945764), (14, 18.154031347189097), (8, 3.249903269434614), (1, 8.626338207054875), (0, 13.25877336672838), (16, 18.60015405384911), (12, 17.33852576364679), (6, 4.625938264170159), (18, 10.657281887594058), (2, 8.10748337819766), (17, 12.158614633946293), (11, 15.45197309091385), (9, 3.120277969797653), (4, 13.383061247899759)]
Atom 6: [(17, 16.5454489993905), (3, 9.84312388183814), (14, 15.838580145611429), (4, 17.3749338808176), (13, 17.99202976612597), (16, 21.366635574975348), (11, 14.768990176262879), (22, 19.515607863801492), (5, 4.590493547975934), (9, 4.14237185979558), (7, 3.4919675613654926), (2, 6.605152645042343), (10, 18.143807196216745), (1, 7.966605077287178), (15, 16.383678615734972), (8, 6.728018826149009), (12, 17.96444527324931), (18, 11.965733596193191), (0, 17.25182276172866)]
Atom 7: [(6, 3.5015492880958075), (14, 18.983206428151405), (8, 3.471097077060841), (2, 9.23112214413611), (15, 18.933177390820298), (16, 21.31028821044775), (9, 4.971070031956889), (22, 21.155315757493188), (10, 20.850312892064267), (17, 14.322625698560561), (12, 19.507155563248464), (0, 15.69751067113392), (1, 10.190568000897706), (18, 8.945182853253952), (5, 2.9336805477139514), (11, 17.113120117897495), (4, 15.945081006428776), (13, 21.2227990795317), (3, 6.379576778497418)]
Atom 8: [(16, 20.207648628314978), (0, 13.453694666794838), (18, 7.887625157544129), (10, 22.675782585106397), (15, 20.6112268958648), (5, 3.2198693146627146), (14, 21.352403918506567), (11, 18.575887137825834), (1, 11.822307467282858), (17, 11.465700911129753), (7, 3.5822879897581643), (6, 6.80487521885584), (2, 11.313306552648863), (9, 6.338276076664478), (13, 23.69286140182269), (12, 20.100894000125823), (22, 21.79106693677276), (4, 13.72441680316904), (3, 3.5323017163425248)]
Atom 9: [(5, 3.187784381857689), (2, 4.963363474013806), (22, 16.30997893668486), (11, 12.360727779591551), (16, 17.32100017383825), (3, 9.93759403160318), (17, 13.460718066120792), (4, 13.660552916730543), (6, 4.171718243668649), (13, 17.381667519511296), (18, 13.639713913324119), (15, 14.330023604910691), (8, 6.4056254159053205), (14, 15.00985013091488), (1, 5.460356857835301), (0, 13.682052078907725), (12, 14.693126080897946), (10, 16.34687838647218), (7, 5.0354716928918615)]
Atom 10: [(18, 29.820607840518985), (9, 16.40740300518981), (5, 19.56540469366443), (14, 4.588100239046094), (7, 20.887043213304622), (15, 2.385449844009968), (4, 22.30873812808424), (13, 5.459902257669797), (16, 18.152387782572827), (11, 4.673870322306362), (0, 22.700961449377495), (17, 25.08522318697137), (8, 22.743255865717448), (1, 10.962151878617863), (22, 8.141102266843538), (2, 11.74968035960338), (12, 8.374345657643483), (6, 18.15592039479377), (3, 26.252342113357496)]
Atom 11: [(14, 6.301510264622726), (3, 22.138004618200203), (5, 15.522969697549259), (17, 20.63761696935873), (10, 4.530663454592864), (16, 14.739528332940921), (7, 17.161953834149422), (8, 18.653946638379075), (18, 26.020450788244386), (13, 8.37741044796289), (15, 2.1831900269499642), (1, 7.029334136231029), (2, 8.222033438558183), (0, 18.385745346854975), (12, 5.696882191818291), (4, 17.98055038747475), (22, 6.36394659746447), (6, 14.789105120079201), (9, 12.422807052870107)]
Atom 12: [(2, 11.907143953580235), (13, 13.282491295495777), (9, 14.747072696098002), (7, 19.568109927185706), (11, 5.548106151791114), (3, 23.42528043863159), (18, 27.988698958860763), (8, 20.19657250583215), (5, 17.41610175140933), (15, 6.402485908327604), (10, 8.162190629060794), (1, 10.26297118071619), (14, 11.55623686852961), (22, 1.616685889462057), (4, 15.417186438827708), (6, 17.988528970820578), (17, 18.941238583494822), (0, 15.914900479253978), (16, 10.036889459799026)]
Atom 13: [(11, 8.910392984257811), (15, 7.448208245289911), (7, 21.292817054947122), (9, 17.517856498007514), (10, 6.0771529881875965), (12, 13.866041530729058), (6, 17.973267679578054), (18, 29.94408761542401), (17, 28.548100430783023), (1, 12.388356306505353), (8, 23.7998045385123), (0, 26.824960181867645), (5, 20.6807164922252), (4, 26.505924831012656), (16, 23.552823843956112), (3, 27.271146066802757), (14, 2.4586858452278455), (2, 12.302547193885152), (20, 30.84667359893834), (21, 30.749182711663124), (19, 30.984805433551756), (22, 13.457308435019655)]
Atom 14: [(11, 7.63549129203171), (10, 5.890029268718136), (15, 6.626152239085152), (12, 12.931859413028299), (1, 9.908642469431548), (4, 24.70144595645097), (17, 26.559076901761216), (6, 15.805383123622187), (9, 15.34515372303644), (8, 21.599847009402644), (18, 27.77921405950586), (0, 25.024528280155955), (16, 22.260922004902334), (3, 25.058441391028495), (2, 9.82643554505063), (13, 2.1085166541050295), (7, 19.095945891705526), (5, 18.466984414780388), (20, 28.645189129746505), (21, 28.742258766982427), (19, 28.869655765231215), (22, 11.963628453378773)]
Atom 15: [(0, 20.515746255396312), (11, 2.307528543696737), (18, 27.896872834565716), (7, 18.97922652480635), (8, 20.683196991926454), (2, 9.902804272874569), (3, 24.180973581036316), (14, 5.060700979447281), (9, 14.391031645054161), (6, 16.405234053024824), (17, 22.850451331398716), (12, 6.583382740195499), (1, 8.948113679757178), (4, 20.128786725016106), (5, 17.526119004133218), (22, 6.744152241248177), (10, 2.24615298358649), (16, 16.378228677729698), (13, 6.729406587691289)]
Atom 16: [(7, 21.382694982384194), (5, 18.673686450616874), (11, 14.562030959630635), (9, 17.354234881332474), (10, 17.93461892437315), (3, 22.62456009026199), (12, 9.821183228916613), (22, 10.50391134427634), (1, 15.638975302434973), (4, 9.16508517706824), (14, 21.03903646396245), (15, 16.19550999824374), (0, 9.63675243317469), (8, 20.359331583443403), (6, 21.403401838396128), (18, 27.753940335874077), (2, 17.340891972109144), (13, 23.020442510827213), (17, 13.344703648657335), (21, 18.12156958147969), (19, 20.331631782687726)]
Atom 17: [(7, 14.389050092499886), (22, 20.280142957290845), (8, 11.6275164294331), (16, 13.106690554643253), (9, 13.436493380888415), (14, 25.79958759352538), (3, 12.022957277348894), (12, 18.748588047996034), (6, 16.584751826299716), (10, 24.92871846840114), (4, 4.191638519730001), (15, 22.703210434609137), (13, 28.24048199312431), (0, 3.8731045716518895), (11, 20.482912663177693), (2, 17.16648088526445), (1, 16.340854740373988), (5, 12.191532494064695), (18, 16.969018308964557), (20, 16.410345311457395), (21, 4.856381356110101), (19, 7.378404200884118)]
Atom 18: [(15, 27.192819641233125), (3, 3.2158732910892294), (13, 30.01139539599682), (12, 26.523191163779487), (7, 8.828979643728676), (5, 9.795531312909036), (6, 12.330711224681531), (9, 12.931774275948513), (21, 10.286631462945383), (10, 29.198160390754413), (4, 17.50499039069258), (16, 25.411415609865223), (8, 6.567764472751751), (11, 25.174207546016742), (1, 19.15250149084161), (17, 13.996928392984163), (0, 17.02777769513404), (14, 27.908157615694293), (2, 18.60060011365649), (20, 2.1903408393125243), (19, 7.777781177055762), (22, 29.5888244264402)]
Atom 19: [(2, 18.553001643971946), (4, 11.631507501408482), (9, 13.72127653323935), (1, 18.465014922679778), (22, 25.64639540944031), (15, 26.47603244408253), (10, 28.69082760514558), (5, 11.052765242402376), (13, 30.83434374492088), (17, 7.378404200884118), (6, 15.283250453292323), (18, 10.759071315208736), (8, 8.66684041182172), (16, 20.331631782687726), (14, 28.394835244637406), (0, 11.092260281496307), (11, 24.262885425943104), (7, 12.057212900873363), (3, 6.69961377263589), (12, 23.983869411297654)]
Atom 20: [(0, 19.485569926914753), (22, 29.930796552348372), (8, 8.102203493556715), (11, 26.536456319451368), (4, 19.803888603941964), (12, 28.229327474434818), (18, 1.3912298059362471), (2, 18.870649689722303), (13, 30.804968908673384), (15, 28.458904978891137), (5, 11.090308927583719), (16, 27.495412584063946), (7, 9.620257700199488), (9, 14.165016377016212), (1, 19.652781115273452), (10, 30.435250814057344), (3, 5.0797332658023615), (14, 28.60156032951337), (17, 16.410345311457395), (6, 12.837580989786144)]
Atom 21: [(0, 8.674736456591303), (15, 25.73313748337137), (4, 9.259754813451645), (11, 23.502140828487413), (2, 18.608689815097716), (1, 18.26165014325477), (6, 16.266927683949525), (13, 30.58884098135318), (18, 13.352155974974789), (10, 27.968179098160615), (7, 13.323791548338088), (16, 18.12156958147969), (5, 11.841894329641258), (12, 22.623012284411264), (14, 28.13133927147937), (22, 24.242526246225378), (8, 10.044411481308112), (9, 14.081494850556895), (3, 8.851231050239381), (17, 4.856381356110101)]
Atom 22: [(4, 16.833632480112513), (6, 19.536267567391757), (17, 20.48583939664109), (13, 13.239076413984725), (0, 17.364419573126195), (10, 7.912701901823507), (18, 29.67576910128502), (7, 21.21430996946504), (8, 21.887786944125367), (12, 1.7267452622750818), (14, 11.768826237377741), (11, 6.236001671808788), (9, 16.364418252403745), (5, 19.08083029435404), (3, 25.129292200553223), (15, 6.578118862230778), (16, 10.758007571585855), (1, 11.71679293791649), (2, 13.317088342071436)]
New position of object Informational Sign:1: (13.283545113365836, -5.571060360911931, 0.8234032954906341)
New position of object Pedestrian:2: (-0.8296200072002371, 0.009083303891237904, -0.07490602167502719)
New position of object Trash Can:1: (15.220457029625454, -2.4282757240320034, -0.013491359945580705)
New position of object Service Vehicle:1: (13.060400160176425, 13.84794658510871, 0.07683315611937028)
New position of object Pedestrian:1: (-1.2788087628513622, 1.7049536863876238, 0.1197487183226002)
New position of object Railing:2: (7.449361523742692, -13.213672859944976, -0.3453432220826792)
New position of object Bollard:4: (11.616543734002494, 8.84210169437143, -0.5187311945503806)
New position of object Railing:1: (12.872383239927299, -6.075764952926596, -0.15754270147558597)
New position of object Bike:1: (17.255435161735786, 2.028571520469855, -0.17623964975323902)
New position of object Bollard:7: (16.933010048179842, 4.805049700660659, -0.5305203211071411)
New position of object Bollard:1: (5.882020674596173, 5.3365882419728194, -0.5289291021410433)
New position of object Fence:1: (1.9356269581179042, 7.420431479299249, 0.607443202859138)
New position of object Fence:2: (5.395092633524197, 7.989035768694783, 0.6230305315101435)
New position of object Bollard:3: (8.591759988055156, 6.9926488884758875, -0.49690560917027204)
New position of object Bollard:2: (3.184793782449681, 3.5838537221731634, -0.45288030886094555)
New position of object Fence:5: (-9.399711703524801, -6.716882914992501, 1.605014346116343)
New position of object Fence:8: (-5.1323430178643505, -5.573437507116514, 0.6303495570807215)
New position of object Fence:9: (-1.9961836476066779, -10.125019723123076, 1.1272930848945817)
New position of object Fence:4: (-7.239789040301581, -6.167404234075891, 1.3290081932157125)

After Updating position of all the atoms:
Atom 0: [(2, 16.318197592592277), (1, 15.194936558291962), (4, 1.0656076529603598), (18, 20.04842511474585), (8, 13.55139079102968), (5, 13.31031951642891), (7, 15.765327372465949), (9, 13.685751809138099), (12, 15.740731311677095), (3, 14.761403620042236), (22, 17.183961079144606), (15, 20.37654076409276), (16, 9.428112262861328), (6, 17.281171609493928), (17, 4.067942117355118), (11, 18.250045666211868), (13, 26.27719366501971), (10, 22.558554208742333), (14, 23.89913144750119), (20, 19.434633812159483), (21, 8.63305283818132), (19, 11.082209323049538)]
Atom 1: [(7, 10.185229636086246), (18, 19.020186369395862), (3, 15.343844901443761), (5, 8.621776050688085), (2, 1.7711749492427398), (11, 7.037030609030493), (0, 15.202841598514153), (9, 5.45503898792954), (4, 15.043741681094009), (17, 16.34581926905189), (13, 12.387741341783487), (8, 11.818314549767972), (16, 15.649580647513059), (22, 11.727729728426057), (15, 8.95507741586465), (14, 9.945667583507824), (6, 7.959029478861629), (12, 10.27462547111634), (10, 10.968016632261437), (20, 19.607902028122165), (21, 18.197742212278396), (19, 18.404344719469915)]
Atom 2: [(22, 13.320955025508008), (0, 16.29409895013063), (13, 12.449802508038346), (17, 17.009618160570515), (3, 14.807008731451912), (15, 9.919102519545387), (14, 10.076098734311037), (10, 11.768397070569524), (1, 1.7651168120652492), (18, 18.095388558094545), (16, 17.327502904622808), (4, 16.185902961297646), (5, 8.083129655979416), (9, 4.938385714468538), (7, 9.210708259902713), (12, 11.908885729772958), (8, 11.289101456029972), (6, 6.5909575112458425), (11, 8.2348158101105), (21, 18.539431908035045), (19, 18.485231660089696)]
Atom 3: [(11, 22.046150748216775), (12, 23.296558950186768), (17, 11.843346887012027), (1, 15.268470340655238), (8, 3.4679872021090867), (16, 22.446662606127738), (14, 24.80943402525244), (22, 25.000751322349878), (18, 5.537955043836756), (2, 14.752513491101253), (13, 27.141922490261813), (5, 6.68748993188974), (10, 26.17428181842667), (9, 9.871904903508328), (6, 9.859995267873819), (4, 14.830167762681887), (0, 14.571185916733647), (7, 6.400935916167667), (15, 24.096781520749328), (21, 8.85090901674448), (19, 6.675533076332672)]
Atom 4: [(9, 13.682421430714275), (5, 13.450578459693665), (14, 23.583574646035235), (1, 14.99256816271452), (3, 14.974990327166756), (2, 16.15155435786823), (18, 20.490467341550303), (16, 8.966279209283282), (13, 25.94842790303755), (10, 22.180006669743626), (6, 17.41808791350794), (17, 4.340320147842336), (8, 13.83408667638025), (11, 17.860101277992253), (22, 16.66601468716337), (0, 1.1773002422212562), (7, 16.02491898395977), (15, 20.003904559116595), (12, 15.256731962222476), (21, 9.213672633601), (19, 11.61980765358723)]
Atom 5: [(0, 13.250968454245237), (3, 6.721122174245137), (7, 3.0043532486173197), (10, 19.52531629433849), (9, 3.1521200962140403), (11, 15.476062001980637), (6, 4.629272353304447), (12, 17.355538192182927), (13, 20.481725120550582), (14, 18.127639696430688), (2, 8.055248642487525), (15, 17.48312773325152), (22, 19.02063483562228), (17, 12.155870270514253), (4, 13.388237453022445), (1, 8.581058586469624), (16, 18.617262098979126), (18, 10.715525400855814), (8, 3.254478553356722)]
Atom 6: [(22, 19.514108699274537), (17, 16.54899704927962), (8, 6.789220130276259), (11, 14.772642536217953), (15, 16.391181845917725), (2, 6.575494606168916), (12, 17.965513184680713), (10, 18.144089532038343), (13, 17.989256355234545), (5, 4.6051892489648765), (4, 17.388075210866603), (18, 11.969177997561086), (1, 7.939790489713643), (7, 3.4913780385302555), (16, 21.37932021170309), (3, 9.849343358590346), (14, 15.833686717217509), (0, 17.251108528268226), (9, 4.143643980859739)]
Atom 7: [(17, 14.333991920291227), (9, 4.982834938546662), (11, 17.12082643722889), (14, 18.966037945673936), (5, 2.932505378811338), (0, 15.688978259129556), (12, 19.5109430659414), (3, 6.382616634914703), (6, 3.5059173638361454), (1, 10.144644115610499), (15, 18.942928148235556), (16, 21.323991689900883), (18, 8.976875929306898), (8, 3.5367999750010766), (2, 9.180628521468607), (22, 21.158354439009905), (4, 15.94797130432517), (13, 21.209459565759868), (10, 20.85487220230912)]
Atom 8: [(15, 20.596924236812967), (0, 13.476010291216257), (2, 11.214638227610163), (14, 21.280020866037404), (7, 3.5306834961234412), (3, 3.5454574806587784), (12, 20.09913579548949), (18, 7.987091433344315), (13, 23.622776716027044), (6, 6.7606723893311065), (10, 22.65909962742489), (17, 11.529403035709752), (5, 3.175885627018606), (4, 13.755811242443952), (9, 6.3266016235342075), (11, 18.565225428499648), (22, 21.79045587482651), (1, 11.735019085670027), (16, 20.23915719611736)]
Atom 9: [(1, 5.388633052985576), (13, 17.320130237785236), (8, 6.391956371990958), (12, 14.687767283529231), (3, 9.937198565077791), (18, 13.705811081501144), (2, 4.876670691123815), (14, 14.947423931900344), (17, 13.460904610232324), (5, 3.217591432045858), (16, 17.330753056981546), (0, 13.6903663264022), (6, 4.1718140647675295), (22, 16.30399571122309), (4, 13.683743886353017), (11, 12.356701730998642), (15, 14.32504211685631), (7, 5.044663914522528), (10, 16.341555279549873)]
Atom 10: [(8, 22.717006479676545), (0, 22.725623533380016), (11, 4.6671117535274), (4, 22.350925098470626), (7, 20.883356337402642), (17, 25.04325100316855), (14, 4.4218151847777225), (1, 11.023031602199858), (13, 5.249133844299932), (18, 29.848904844907253), (16, 18.163244282079372), (6, 18.14796707741779), (2, 11.793320579772686), (3, 26.235001235207157), (12, 8.37678387909511), (22, 8.133682103276941), (5, 19.579867876180025), (9, 16.39237273873898), (15, 2.386132963505557)]
Atom 11: [(16, 14.75210025109024), (8, 18.642109184006536), (14, 6.122915361656243), (4, 18.028956561374237), (5, 15.546343505960234), (18, 26.07559190615012), (12, 5.699699198322796), (6, 14.791800279837059), (13, 8.197185592638652), (3, 22.128112537454825), (7, 17.16879833649861), (15, 2.1742404335902283), (10, 4.524143493649813), (17, 20.60444232541404), (1, 7.0834560310062775), (22, 6.357543825438909), (9, 12.41789572172482), (2, 8.251388842902605), (0, 18.416900147927254)]
Atom 12: [(9, 14.740172530341518), (0, 15.946818048929547), (1, 10.271620981183826), (11, 5.54971613098889), (22, 1.6180810376195336), (7, 19.570494427770864), (18, 28.073791734328964), (3, 23.404432006791218), (2, 11.894454306340366), (10, 8.164302896213771), (6, 17.988113754246818), (8, 20.192997561686436), (13, 13.082906350753664), (4, 15.46355549286671), (17, 18.893225599300344), (16, 10.04623110804389), (14, 11.373284520162391), (5, 17.431881600720033), (15, 6.390189475598119)]
Atom 13: [(11, 8.910392984257811), (15, 7.448208245289911), (7, 21.292817054947122), (9, 17.517856498007514), (10, 6.0771529881875965), (12, 13.866041530729058), (6, 17.973267679578054), (18, 29.94408761542401), (17, 28.548100430783023), (1, 12.388356306505353), (8, 23.7998045385123), (0, 26.824960181867645), (5, 20.6807164922252), (4, 26.505924831012656), (16, 23.552823843956112), (3, 27.271146066802757), (14, 2.4586858452278455), (2, 12.302547193885152), (20, 30.84667359893834), (21, 30.749182711663124), (19, 30.984805433551756), (22, 13.457308435019655)]
Atom 14: [(11, 7.63549129203171), (10, 5.890029268718136), (15, 6.626152239085152), (12, 12.931859413028299), (1, 9.908642469431548), (4, 24.70144595645097), (17, 26.559076901761216), (6, 15.805383123622187), (9, 15.34515372303644), (8, 21.599847009402644), (18, 27.77921405950586), (0, 25.024528280155955), (16, 22.260922004902334), (3, 25.058441391028495), (2, 9.82643554505063), (13, 2.1085166541050295), (7, 19.095945891705526), (5, 18.466984414780388), (20, 28.645189129746505), (21, 28.742258766982427), (19, 28.869655765231215), (22, 11.963628453378773)]
Atom 15: [(9, 14.385203696560717), (1, 9.011672456451517), (2, 9.94834727850078), (10, 2.2457453391527173), (8, 20.667822914844987), (5, 17.549235427118983), (16, 16.377560822753214), (17, 22.808902660727323), (3, 24.17148515827051), (14, 4.888962686087238), (13, 6.544712049419483), (22, 6.913818721276413), (12, 6.572579924076258), (11, 2.298314404094301), (6, 16.41152625909709), (0, 20.538220641300825), (18, 27.944669502200092), (4, 20.167243370127807), (7, 18.98798127559777)]
Atom 16: [(17, 13.297550240526068), (8, 20.33444093134102), (2, 17.290537443750935), (3, 22.62560832343215), (22, 10.523020448127957), (10, 17.95122972136851), (1, 15.603075082730552), (6, 21.40872923043012), (15, 16.193593789485995), (7, 21.39882718413353), (12, 9.830420033541099), (13, 22.837921799275463), (4, 9.166714019073519), (9, 17.36380743763801), (18, 27.905353758473254), (14, 20.871858304511548), (11, 14.574150094214483), (0, 9.685721056800256), (5, 18.688410103140658), (21, 18.124946619623607), (19, 20.36291341162017)]
Atom 17: [(12, 18.701159053268697), (1, 16.234206592245698), (10, 24.89429983631555), (5, 12.203788133849448), (0, 3.7853818446036196), (4, 4.140752097179555), (2, 17.035843604623075), (18, 17.186390351697963), (8, 11.586363111941244), (22, 20.238905026427304), (6, 16.576859363653924), (13, 28.087675100815215), (16, 13.048706708119719), (9, 13.438593551004152), (14, 25.649673915389258), (11, 20.449814342865455), (3, 12.036136731677159), (15, 22.661256279648097), (7, 14.405669557946569), (20, 16.419178324569906), (21, 4.902153645575217), (19, 7.451251806746624)]
Atom 18: [(15, 27.192819641233125), (3, 3.2158732910892294), (13, 30.01139539599682), (12, 26.523191163779487), (7, 8.828979643728676), (5, 9.795531312909036), (6, 12.330711224681531), (9, 12.931774275948513), (21, 10.286631462945383), (10, 29.198160390754413), (4, 17.50499039069258), (16, 25.411415609865223), (8, 6.567764472751751), (11, 25.174207546016742), (1, 19.15250149084161), (17, 13.996928392984163), (0, 17.02777769513404), (14, 27.908157615694293), (2, 18.60060011365649), (20, 2.1903408393125243), (19, 7.777781177055762), (22, 29.5888244264402)]
Atom 19: [(8, 8.614517897863905), (18, 10.943477183777068), (7, 12.070755417706062), (2, 18.485231660089696), (14, 28.335741855389927), (10, 28.716057942934608), (3, 6.675533076332672), (12, 24.007460641904427), (0, 11.082209323049538), (6, 15.285372119449875), (9, 13.750595262472075), (16, 20.36291341162017), (17, 7.451251806746624), (4, 11.61980765358723), (5, 11.071202343232462), (1, 18.404344719469915), (11, 24.289826459222763), (22, 25.675176399373917), (13, 30.777270085674584), (15, 26.49781221233284)]
Atom 20: [(11, 26.55287531718798), (10, 30.453218575038047), (14, 28.60815672492472), (7, 9.641879528863885), (2, 18.81143851231235), (6, 12.858743691551416), (15, 28.478922295513403), (12, 28.23234822574063), (17, 16.419178324569906), (8, 8.106476475578983), (18, 1.5740919506061868), (22, 29.93511874710678), (13, 30.820835192983314), (16, 27.474887077227425), (3, 5.071143814945852), (0, 19.434633812159483), (4, 19.768158489969245), (9, 14.18668701691666), (5, 11.098164760718207), (1, 19.607902028122165)]
Atom 21: [(1, 18.197742212278396), (10, 27.98566253986787), (17, 4.902153645575217), (5, 11.87326293472267), (6, 16.282785571143016), (11, 23.52081041877413), (14, 28.054388675520784), (12, 22.630341350037764), (3, 8.85090901674448), (4, 9.213672633601), (7, 13.355209116764202), (9, 14.11632992985604), (15, 25.745533724673365), (13, 30.512437102683588), (18, 13.568969429922614), (22, 24.25527130107389), (2, 18.539431908035045), (0, 8.63305283818132), (8, 10.00739579130351), (16, 18.124946619623607)]
Atom 22: [(4, 16.833632480112513), (6, 19.536267567391757), (17, 20.48583939664109), (13, 13.239076413984725), (0, 17.364419573126195), (10, 7.912701901823507), (18, 29.67576910128502), (7, 21.21430996946504), (8, 21.887786944125367), (12, 1.7267452622750818), (14, 11.768826237377741), (11, 6.236001671808788), (9, 16.364418252403745), (5, 19.08083029435404), (3, 25.129292200553223), (15, 6.578118862230778), (16, 10.758007571585855), (1, 11.71679293791649), (2, 13.317088342071436), (20, 29.93511874710678), (21, 24.25527130107389), (19, 25.675176399373917)]
New position of object Informational Sign:1: (13.128558733516485, -5.749773087163234, 0.7964749432892074)
New position of object Pedestrian:2: (-0.8327150595748449, 0.011340637896083194, -0.07942505346060391)
New position of object Trash Can:1: (15.112799710742792, -2.616351074540688, -0.009946711524746465)
New position of object Service Vehicle:1: (13.151507060149243, 13.65021022935638, 0.11282703234693942)
New position of object Pedestrian:1: (-1.266352340407888, 1.7029323226543767, 0.1219442805198378)
New position of object Railing:2: (7.21593811250375, -13.307885391658171, -0.4037258098532146)
New position of object Bollard:4: (11.611730696105255, 8.728975502715603, -0.5190416569924893)
New position of object Railing:1: (12.649999364274471, -6.230177891548095, -0.20075309299263655)
New position of object Bike:1: (17.211017392174497, 1.7797936408783546, -0.1885780447421238)
New position of object Bollard:7: (16.86341360729039, 4.578350793308648, -0.549749252216661)
New position of object Bollard:1: (5.853494879073132, 5.255844981631478, -0.5249944680457285)
New position of object Fence:1: (1.9440966102323856, 7.397524874203844, 0.6107407937700358)
New position of object Fence:2: (5.424664631270684, 7.9151014548890855, 0.6168203606941113)
New position of object Bollard:8: (18.869167246485077, 7.0833638046293235, -0.5142389925633125)
New position of object Bollard:3: (8.61795137473974, 6.848916009012294, -0.4974657121788312)
New position of object Bollard:2: (3.153010386416831, 3.5412265798459988, -0.44816073172669435)
New position of object Fence:5: (-9.566046326521157, -6.577346968343118, 1.6152291111163768)
New position of object Fence:8: (-5.2982617636441915, -5.502276969614286, 0.6364397101135362)
New position of object Fence:9: (-2.21854828565208, -10.095401736768398, 1.1183874206687727)
New position of object Railing:6: (-3.3448296390157495, -11.402982733800116, 0.9870960103241303)
New position of object Fence:4: (-7.4035988363585545, -6.078155500536305, 1.3287996920877265)

After Updating position of all the atoms:
Atom 0: [(15, 20.379587789559146), (1, 15.124631746812456), (13, 26.14256506991842), (4, 1.0402145195016768), (7, 15.766783110752492), (14, 23.769358428096794), (17, 4.008045487132994), (18, 20.212674284379187), (16, 9.448112482840527), (11, 18.26250871743302), (12, 15.748335018776947), (9, 13.695106402073074), (10, 22.56351050411873), (2, 16.23585993494802), (22, 16.977544330169717), (3, 14.728841304860119), (6, 17.285014985532598), (8, 13.58766697838708), (5, 13.310763210394313), (20, 19.412038887583922), (21, 8.621552830025003), (19, 11.064881535881515), (23, 14.11955946920061)]
Atom 1: [(8, 11.735999524003475), (14, 9.943660960425737), (18, 19.020451718520388), (0, 15.128608597059808), (15, 9.011723996981305), (5, 8.581840823171817), (3, 15.269557139341778), (4, 14.996288748879593), (9, 5.389127560270059), (6, 7.9391518832068675), (22, 11.729823063672276), (10, 11.022692945280733), (11, 7.083807415965246), (16, 15.60655269501943), (2, 1.76266699676658), (17, 16.237623267301384), (13, 12.385612925832977), (7, 10.145080192440545), (12, 10.274026921767952), (20, 19.5349479879302), (21, 18.13051629682881), (19, 18.282006356136804), (23, 20.937209490146643)]
Atom 2: [(13, 12.460507654372403), (22, 13.320280601269918), (3, 14.74270041907105), (10, 11.800183048799733), (14, 10.086402492070247), (18, 18.087973086035227), (17, 16.93960525554775), (8, 11.204751457006578), (4, 16.13970532843992), (5, 8.045267445019627), (12, 11.893015999006991), (15, 9.953951316596559), (11, 8.255296344954267), (1, 1.7578604404045857), (16, 17.282567400284744), (0, 16.223787300341783), (7, 9.17284214984525), (6, 6.5710103666038435), (9, 4.866311788896645), (21, 18.480138636148723), (19, 18.36865854932308), (23, 20.851688687569844)]
Atom 3: [(2, 14.684044689236716), (5, 6.658675995947174), (13, 27.08916576327285), (22, 24.90603973305901), (16, 22.471304551819586), (9, 9.873698456370324), (15, 24.09765992547167), (12, 23.310059777788926), (6, 9.828949035832181), (17, 11.884153190419324), (18, 5.651035276693999), (4, 14.862713961118056), (8, 3.4836106546815704), (10, 26.164228784300114), (14, 24.753724989648713), (1, 15.200481918691993), (11, 22.05094380305867), (7, 6.363837560377038), (0, 14.617301801276867), (21, 8.930416913710545), (19, 6.693937692746923), (23, 7.441669584794329)]
Atom 4: [(1, 14.85782158600803), (22, 16.409314633365813), (14, 23.39009294621222), (13, 25.74980012279939), (0, 1.2059318398284014), (7, 15.98431506970262), (15, 19.948628847709365), (3, 14.998519250592242), (8, 13.834744710404117), (16, 8.925478310370833), (2, 16.021960430420837), (17, 4.3773892773084775), (11, 17.813863706201214), (9, 13.637041517657302), (6, 17.37210676647778), (10, 22.128882393772667), (5, 13.405346464171917), (12, 15.213289465500324), (18, 20.63212958215476), (21, 9.21752014551154), (19, 11.605987688851542), (23, 14.697847293131204)]
Atom 5: [(6, 4.617092031833469), (4, 13.350143337427602), (13, 20.42329096434827), (18, 10.798890593150617), (17, 12.164352465466093), (3, 6.724578111450347), (7, 2.9997376379972454), (11, 15.469221484460267), (2, 7.983354090572893), (12, 17.347002801515426), (8, 3.242741525606267), (22, 18.935784606410532), (0, 13.25882591210484), (16, 18.614054986057642), (14, 18.066964462602286), (10, 19.50752321250484), (15, 17.47461107737394), (9, 3.1500350421509826), (1, 8.50933377288423), (23, 13.143350710700645)]
Atom 6: [(10, 18.135243979497172), (2, 6.555477772382075), (3, 9.824068300889722), (16, 21.390078765460444), (11, 14.775731704769289), (12, 17.967531938056855), (15, 16.397163334304047), (4, 17.34903913128742), (13, 17.983135321267287), (17, 16.55529238175713), (14, 15.825935846019782), (5, 4.600008931686495), (8, 6.751461582695397), (7, 3.501343988917839), (22, 19.493921091849636), (9, 4.14906097556314), (18, 11.975908228373399), (1, 7.9210308368887485), (0, 17.262043153880747), (23, 16.965326190186794)]
Atom 7: [(17, 14.323557192979285), (13, 21.19743742350062), (22, 21.101972741283777), (18, 9.00858528001223), (5, 2.9256249717151013), (12, 19.513470826524753), (3, 6.342898389504292), (11, 17.128668274930003), (1, 10.10489947126499), (4, 15.904804813164683), (6, 3.5188458657750648), (8, 3.4816371540122355), (15, 18.95290386162297), (16, 21.322883150725787), (9, 4.992092533597657), (10, 20.852664761821885), (0, 15.687927089252254), (14, 18.95008871775663), (2, 9.143612840530217), (23, 13.517608270324947)]
Atom 8: [(18, 8.110396074097405), (6, 6.7874465570295035), (10, 22.651434957722124), (16, 20.205718771249998), (5, 3.190744873397597), (1, 11.672287308009382), (11, 18.564951657478996), (12, 20.085173578038358), (4, 13.689709515836025), (17, 11.489647977491387), (13, 23.58728455431326), (3, 3.535223309254213), (7, 3.5461902209573166), (2, 11.160836741597736), (9, 6.338913236335333), (15, 20.596808749623065), (0, 13.444211695261874), (22, 21.68251833775672), (14, 21.239900773157682)]
Atom 9: [(6, 4.17777231237116), (3, 9.923089854971419), (13, 17.274590961565156), (2, 4.82028136235427), (11, 12.364763115202061), (8, 6.388178171182109), (16, 17.332106923221218), (7, 5.042358491609806), (1, 5.336859384921767), (14, 14.900818284153877), (5, 3.1997556440852315), (12, 14.688857748026077), (22, 16.2524034126968), (10, 16.34059883161202), (4, 13.628439218371042), (0, 13.688804096823455), (15, 14.332694149838442), (17, 13.458987880950225), (18, 13.758921257410147)]
Atom 10: [(17, 25.047477450956922), (2, 11.818538191558906), (18, 29.868941193222355), (13, 5.037921570147837), (12, 8.37417963255598), (1, 11.070398914598798), (15, 2.379379839561573), (16, 18.19371672177793), (9, 16.38345238222376), (11, 4.651402688597503), (5, 19.55421283725748), (6, 18.13255167426236), (8, 22.702109799596702), (0, 22.724443573985074), (4, 22.292846473006588), (7, 20.87460889101939), (14, 4.254010666214179), (3, 26.21711004133988), (22, 8.35045843420733)]
Atom 11: [(15, 2.1660040507167304), (0, 18.429177389092555), (14, 5.943703450012518), (5, 15.53859046009201), (12, 5.70214060551525), (7, 17.175784674243047), (1, 7.1311674253098305), (17, 20.624204571065018), (10, 4.5086349673502335), (3, 22.13168608826964), (9, 12.425188751964207), (4, 17.98251398046672), (16, 14.785623615099611), (6, 14.793826511749252), (2, 8.272607816743713), (18, 26.128611927219676), (13, 8.016911476527806), (8, 18.64131694958562), (22, 6.48444204427911)]
Atom 12: [(6, 17.988546329370124), (1, 10.271393765284156), (17, 18.90991697745345), (5, 17.421807044463694), (22, 1.5392308334733023), (10, 8.161451370900988), (0, 15.95373968263162), (16, 10.08198460207371), (7, 19.571624828454357), (9, 14.739923592975032), (11, 5.551009262186492), (3, 23.416126262727843), (15, 6.3785879477467375), (8, 20.17797338948052), (18, 28.15620324569635), (13, 12.882141881229959), (14, 11.189268918032624), (4, 15.419267047644608), (2, 11.878563155004263)]
Atom 13: [(11, 8.910392984257811), (15, 7.448208245289911), (7, 21.292817054947122), (9, 17.517856498007514), (10, 6.0771529881875965), (12, 13.866041530729058), (6, 17.973267679578054), (18, 29.94408761542401), (17, 28.548100430783023), (1, 12.388356306505353), (8, 23.7998045385123), (0, 26.824960181867645), (5, 20.6807164922252), (4, 26.505924831012656), (16, 23.552823843956112), (3, 27.271146066802757), (14, 2.4586858452278455), (2, 12.302547193885152), (20, 30.84667359893834), (21, 30.749182711663124), (19, 30.984805433551756), (22, 13.457308435019655), (23, 33.259859679854664)]
Atom 14: [(11, 7.63549129203171), (10, 5.890029268718136), (15, 6.626152239085152), (12, 12.931859413028299), (1, 9.908642469431548), (4, 24.70144595645097), (17, 26.559076901761216), (6, 15.805383123622187), (9, 15.34515372303644), (8, 21.599847009402644), (18, 27.77921405950586), (0, 25.024528280155955), (16, 22.260922004902334), (3, 25.058441391028495), (2, 9.82643554505063), (13, 2.1085166541050295), (7, 19.095945891705526), (5, 18.466984414780388), (20, 28.645189129746505), (21, 28.742258766982427), (19, 28.869655765231215), (22, 11.963628453378773), (23, 30.837116805690517)]
Atom 15: [(0, 20.541681993492475), (18, 27.990254071454313), (17, 22.820265891284784), (5, 17.539858993095205), (13, 6.358700811421203), (3, 24.171230904259403), (8, 20.66723238139417), (22, 6.704040115298945), (9, 14.392084568906938), (2, 9.983367280066167), (4, 20.11242012593582), (11, 2.2898564620433497), (1, 9.068714008168797), (16, 16.40126518024164), (12, 6.562567322311149), (10, 2.237724978929884), (7, 18.996907600549193), (6, 16.416119526423625), (14, 4.715799357167128)]
Atom 16: [(7, 21.399265355454137), (15, 16.215945418122626), (18, 28.03443809792511), (17, 13.297533272533055), (2, 17.24964431006588), (4, 9.184745159378298), (13, 22.677408736453103), (22, 10.318621070120193), (1, 15.565595744826577), (0, 9.670813102486596), (8, 20.347315802511755), (5, 18.692549549772895), (11, 14.607225705718227), (6, 21.414183826665433), (14, 20.72484983108292), (3, 22.583190296894585), (12, 9.865994123407644), (10, 17.987667149202732), (9, 17.366156485078648), (21, 18.099335815343558), (19, 20.322710230986534), (23, 23.48644302992089)]
Atom 17: [(22, 20.058731676671773), (18, 17.348474717887928), (9, 13.450503898302035), (16, 13.082201828769886), (4, 4.124172028531296), (15, 22.67247235420277), (6, 16.57576713434309), (8, 11.622993087932159), (0, 3.7955054538551796), (7, 14.398219373363379), (12, 18.718726740487533), (14, 25.54223634448378), (10, 24.905535056024302), (11, 20.469981523757873), (13, 27.97794916249735), (1, 16.16072499196818), (3, 11.990780098160823), (5, 12.195321566407342), (2, 16.952148067219937), (20, 16.384833197408454), (21, 4.874475864212114), (19, 7.424269039101272), (23, 10.413888635158616)]
Atom 18: [(15, 27.192819641233125), (3, 3.2158732910892294), (13, 30.01139539599682), (12, 26.523191163779487), (7, 8.828979643728676), (5, 9.795531312909036), (6, 12.330711224681531), (9, 12.931774275948513), (21, 10.286631462945383), (10, 29.198160390754413), (4, 17.50499039069258), (16, 25.411415609865223), (8, 6.567764472751751), (11, 25.174207546016742), (1, 19.15250149084161), (17, 13.996928392984163), (0, 17.02777769513404), (14, 27.908157615694293), (2, 18.60060011365649), (20, 2.1903408393125243), (19, 7.777781177055762), (22, 29.5888244264402), (23, 10.276539964974138)]
Atom 19: [(14, 28.211898026114223), (10, 28.670142339748246), (5, 11.007558687076457), (16, 20.322710230986534), (13, 30.65531168109234), (18, 11.109732680722042), (0, 11.064881535881515), (2, 18.36865854932308), (11, 24.254169711812295), (8, 8.616953135508277), (3, 6.693937692746923), (1, 18.282006356136804), (15, 26.45685844007584), (6, 15.239925565663944), (17, 7.424269039101272), (7, 12.022086773092623), (22, 25.479133612046574), (12, 23.972609039502945), (9, 13.715066471920913), (4, 11.605987688851542)]
Atom 20: [(7, 9.616193043099885), (1, 19.5349479879302), (5, 11.062259886433774), (11, 26.535177322469206), (10, 30.423717291893208), (16, 27.466208299218454), (14, 28.56991457736709), (0, 19.412038887583922), (2, 18.732944684128448), (17, 16.384833197408454), (4, 19.729802502610774), (3, 5.086539677499067), (8, 8.092353814755544), (22, 29.815606266999435), (12, 28.20892118537827), (18, 1.7390673759531847), (13, 30.790277853909075), (9, 14.17698598734862), (6, 12.839421906532165), (15, 28.460883617582095)]
Atom 21: [(0, 8.621552830025003), (7, 13.372713792831345), (6, 16.30300579536565), (8, 10.077724143766657), (16, 18.099335815343558), (17, 4.874475864212114), (18, 13.77757542854129), (9, 14.144236890470323), (11, 23.536490926766476), (10, 27.991809322805985), (1, 18.13051629682881), (4, 9.21752014551154), (13, 30.43043249377049), (14, 27.972017164443503), (22, 24.081041242777168), (2, 18.480138636148723), (15, 25.754668649620204), (3, 8.930416913710545), (12, 22.63565041795993), (5, 11.879090592446365)]
Atom 22: [(0, 17.417452172241095), (15, 6.534439142363262), (1, 11.736054058898423), (9, 16.358828775978534), (14, 11.382342661609643), (10, 7.898407991871804), (4, 16.8524019140528), (17, 20.466633121198996), (2, 13.297878209075769), (12, 1.7307556688231427), (3, 25.124945575420416), (16, 10.820945197760237), (6, 19.533905662658153), (11, 6.225526919217653), (18, 29.842690792119964), (5, 19.089581776646746), (13, 12.80472226420005), (7, 21.218612361193163), (8, 21.87335961412574)]
Atom 23: [(14, 30.837116805690517), (4, 14.697847293131204), (8, 10.277822220578667), (16, 23.48644302992089), (10, 31.52883698023524), (18, 10.276539964974138), (6, 16.965326190186794), (13, 33.259859679854664), (12, 27.095866089370883), (2, 20.851688687569844), (0, 14.11955946920061), (1, 20.937209490146643), (7, 13.517608270324947), (11, 27.15837250946121), (5, 13.143350710700645), (17, 10.413888635158616), (3, 7.441669584794329), (15, 29.336973466749946), (9, 16.070155775990962), (22, 28.617634325133423)]
New position of object Informational Sign:1: (12.89540101025122, -5.957164056412225, 0.7762403693615324)
New position of object Pedestrian:2: (-0.8358243114217423, 0.005622168575328601, -0.07289270469426323)
New position of object Trash Can:1: (15.035026199916821, -2.75660571780109, -0.014700871869199494)
New position of object Service Vehicle:1: (13.227790496343061, 13.527067470464564, 0.05348174831126945)
New position of object Pedestrian:1: (-1.2565361362348675, 1.698593285039978, 0.12432737825439649)
New position of object Railing:2: (6.976753613273246, -13.393822077253045, -0.4327458424692218)
New position of object Bollard:4: (11.662962645831698, 8.555996472191008, -0.5786512230249228)
New position of object Railing:1: (12.517659576287897, -6.389168693340906, -0.1853741530486836)
New position of object Bike:1: (17.15767235720243, 1.5375590779207187, -0.19686362544484853)
New position of object Bollard:7: (16.8687172770996, 4.349731346219967, -0.5380315104346576)
New position of object Bollard:1: (5.8307704600823875, 5.1823302469758765, -0.5231755034778875)
New position of object Fence:1: (1.947796094525387, 7.376772901401516, 0.6134719122785384)
New position of object Fence:2: (5.451377280484607, 7.840514193490549, 0.6109469841862186)
New position of object Bollard:8: (18.872157853038715, 6.806353728557452, -0.5366496134460645)
New position of object Bollard:3: (8.611413455289537, 6.7422836387607905, -0.5291522376026427)
New position of object Bollard:2: (3.1208705930713023, 3.4996073608997182, -0.45639368912111783)
New position of object Fence:5: (-9.725608174949798, -6.437484512985499, 1.6111477462241932)
New position of object Fence:8: (-5.462549566425984, -5.430126635419192, 0.6415457145681666)
New position of object Fence:9: (-2.4388677746328895, -10.062850344009124, 1.1104536894060804)
New position of object Fence:4: (-7.566418261436446, -5.987395687776505, 1.3284402232925523)

After Updating position of all the atoms:
Atom 0: [(8, 13.561511317274098), (7, 15.75681018478761), (12, 15.673976490443442), (10, 22.485665331842895), (5, 13.30463174047503), (13, 25.935225658010495), (6, 17.27154233428249), (2, 16.113982681924643), (1, 14.993878165051573), (3, 14.798927669037194), (9, 13.661360027562417), (16, 9.363851939208603), (15, 20.306879511814376), (22, 17.13027999507605), (17, 4.086071279717913), (14, 23.568129922612265), (11, 18.19988548360372), (18, 20.402323939262956), (4, 1.0436832601448012), (20, 19.50046514798317), (21, 8.6766792772382), (19, 11.12414695926054), (23, 14.154599560284314)]
Atom 1: [(4, 14.858297038378915), (11, 7.124145801860357), (9, 5.343419026409062), (18, 19.026891857488515), (10, 11.063544384850774), (16, 15.562448786460381), (17, 16.162837439200953), (0, 14.99407867716151), (3, 15.206497556811149), (6, 7.9268872011875535), (5, 8.51564600153645), (14, 9.938638030505892), (8, 11.678390623262478), (15, 9.061608825853542), (2, 1.761867643635542), (22, 11.7292348270621), (13, 12.380771047831889), (12, 10.264587564160664), (7, 10.11085003819006), (20, 19.509759481232372), (21, 18.05901774314416), (19, 18.23563630684665), (23, 20.853526829197104)]
Atom 2: [(8, 11.15427964562345), (11, 8.273471914019172), (10, 11.822095188970913), (22, 13.294985281815327), (14, 10.093342567883973), (5, 7.976728623416206), (13, 12.467909529398696), (18, 18.084074711373937), (16, 17.241115460990503), (6, 6.5542710690451225), (1, 1.75557551869449), (0, 16.103196453414654), (15, 9.985737582572712), (3, 14.677618645762296), (12, 11.874844896586731), (4, 16.011334089026015), (17, 16.89032653212971), (9, 4.813225595235185), (7, 9.13925417412547), (21, 18.417713487740492), (19, 18.330086295881294), (23, 20.77716123645715)]
Atom 3: [(17, 11.817944868731274), (18, 5.8263010499696195), (22, 25.02091614248073), (15, 24.11079716037161), (7, 6.384063036120337), (1, 15.152041704456996), (2, 14.643483402688897), (4, 14.823899648713617), (0, 14.628276182729785), (8, 3.491820218169151), (16, 22.44496330650656), (6, 9.859668697825724), (11, 22.063422935006347), (14, 24.72490261745155), (12, 23.312034253755453), (9, 9.878473176509083), (5, 6.681601203379617), (13, 27.065451332768607), (10, 26.162989442300496), (21, 8.921662403341058), (19, 6.692846744994114), (23, 7.418592144145236)]
Atom 4: [(10, 22.157789817124545), (8, 13.804057801428538), (17, 4.422869866719135), (9, 13.652049718522818), (11, 17.85690365505588), (6, 17.392726995243404), (14, 23.285059667054647), (22, 16.6772774043586), (15, 19.981140817851987), (12, 15.250959962035099), (0, 1.1198299366291191), (16, 8.934651681652166), (18, 20.784958227517457), (5, 13.42135524305411), (7, 15.986439184554591), (2, 15.976115810306192), (1, 14.806131641424516), (13, 25.639724727288662), (3, 14.974749931859595), (21, 9.184925899250164), (19, 11.5922406974317), (23, 14.65008036787269)]
Atom 5: [(10, 19.491658463672287), (11, 15.47129267557006), (17, 12.165671967799144), (0, 13.254652758793108), (6, 4.615093392421429), (4, 13.368926042526075), (16, 18.61168692203753), (12, 17.346335511325957), (8, 3.2475446950921767), (1, 8.452487620535395), (9, 3.141535846423749), (3, 6.737890400276031), (22, 19.01434100604773), (14, 18.014958848186634), (15, 17.475035967616606), (13, 20.373357301372916), (18, 10.873124257355219), (7, 2.9887373570328193), (2, 7.923736365630298), (23, 13.142123837246702)]
Atom 6: [(18, 11.985236250548013), (4, 17.374156585257456), (5, 4.602720481941218), (16, 21.39632213916752), (11, 14.777544030852713), (3, 9.858812652609453), (13, 17.97435027089686), (15, 16.401078601336), (9, 4.1582473405264135), (10, 18.118762267917653), (2, 6.538251385188424), (7, 3.518298404828134), (14, 15.815841048717491), (0, 17.253127883267915), (1, 7.909077195089293), (8, 6.782609141506622), (17, 16.563681810464733), (22, 19.514884161579584), (12, 17.969147218261565), (23, 16.972983782756394)]
Atom 7: [(14, 18.931706584521905), (16, 21.314621848206944), (11, 17.13433586341653), (12, 19.513644822123094), (6, 3.5341397097253657), (18, 9.043349600738903), (9, 4.988794796189804), (3, 6.364813550822091), (13, 21.182905878646526), (2, 9.108023577744222), (22, 21.161921421533908), (10, 20.842416243435814), (4, 15.907556314449247), (15, 18.960355733115115), (5, 2.914809581303563), (17, 14.30163320271551), (8, 3.498433529357321), (1, 10.068866550880392), (0, 15.67854381887397), (23, 13.509397358682348)]
Atom 8: [(12, 20.08756100279837), (13, 23.539709092678123), (17, 11.478517321886466), (0, 13.465978278306352), (1, 11.61210928066159), (3, 3.550205184775357), (11, 18.567900629230287), (22, 21.783054180042186), (15, 20.598452946740938), (6, 6.790578981425328), (7, 3.5343691393148746), (9, 6.328308619270337), (4, 13.7044511922037), (2, 11.101453829720848), (10, 22.636938286742282), (14, 21.18938953883791), (18, 8.212610019997975), (16, 20.202578063173238), (5, 3.188332757521812)]
Atom 9: [(15, 14.341719339368577), (12, 14.69059569493006), (17, 13.464115212484163), (11, 12.373762401886102), (6, 4.189645428034644), (22, 16.308774740435307), (13, 17.230154647354897), (7, 5.041225016026169), (10, 16.333844939411883), (2, 4.768917941557981), (0, 13.656183846074823), (16, 17.327906719161994), (5, 3.190544375381724), (3, 9.927202747361095), (14, 14.855451156636377), (1, 5.292489026580943), (8, 6.3770137345967575), (4, 13.644082476845282), (18, 13.811581276387647)]
Atom 10: [(8, 22.683331651730974), (15, 2.3665513160223903), (11, 4.628829781979215), (17, 25.08547920769346), (13, 4.829274614045211), (6, 18.11345997370981), (0, 22.641506898302755), (12, 8.365352313919105), (4, 22.31575196147882), (9, 16.372310137366757), (2, 11.837718443140806), (14, 4.088922030736424), (18, 29.884549632825678), (5, 19.533979293183478), (1, 11.107559276931509), (16, 18.20815813350255), (7, 20.861508481914257), (22, 8.109250759141048), (3, 26.212032605926606)]
Atom 11: [(16, 14.809146195384882), (14, 5.765506925884842), (4, 18.02474629369451), (13, 7.837894816191618), (3, 22.144608569128664), (0, 18.366008288925492), (10, 4.48648712167943), (1, 7.1738674297996425), (8, 18.644423850438372), (15, 2.158687496593055), (17, 20.68160984972195), (5, 15.540910327828167), (22, 6.3465859065968395), (2, 8.293172582716378), (18, 26.180920981324725), (7, 17.182102418270674), (12, 5.702255176121857), (6, 14.796306522216087), (9, 12.434658089937644)]
Atom 12: [(8, 20.17943386309701), (22, 1.6223251335264044), (5, 17.420424567864394), (11, 5.551995607618845), (7, 19.571303884538878), (1, 10.263732058566365), (3, 23.417432681185716), (9, 14.741301178062974), (17, 18.9732483765579), (4, 15.455510896330114), (13, 12.682192973298339), (10, 8.15417424445279), (18, 28.23665026141202), (16, 10.105976627879446), (15, 6.3697741316117), (14, 11.006243209659461), (2, 11.861783569261508), (0, 15.877914145205837), (6, 17.989726783073795)]
Atom 13: [(11, 8.910392984257811), (15, 7.448208245289911), (7, 21.292817054947122), (9, 17.517856498007514), (10, 6.0771529881875965), (12, 13.866041530729058), (6, 17.973267679578054), (18, 29.94408761542401), (17, 28.548100430783023), (1, 12.388356306505353), (8, 23.7998045385123), (0, 26.824960181867645), (5, 20.6807164922252), (4, 26.505924831012656), (16, 23.552823843956112), (3, 27.271146066802757), (14, 2.4586858452278455), (2, 12.302547193885152), (20, 30.84667359893834), (21, 30.749182711663124), (19, 30.984805433551756), (22, 13.457308435019655), (23, 33.259859679854664)]
Atom 14: [(11, 7.63549129203171), (10, 5.890029268718136), (15, 6.626152239085152), (12, 12.931859413028299), (1, 9.908642469431548), (4, 24.70144595645097), (17, 26.559076901761216), (6, 15.805383123622187), (9, 15.34515372303644), (8, 21.599847009402644), (18, 27.77921405950586), (0, 25.024528280155955), (16, 22.260922004902334), (3, 25.058441391028495), (2, 9.82643554505063), (13, 2.1085166541050295), (7, 19.095945891705526), (5, 18.466984414780388), (20, 28.645189129746505), (21, 28.742258766982427), (19, 28.869655765231215), (22, 11.963628453378773), (23, 30.837116805690517)]
Atom 15: [(16, 16.415260473057227), (12, 6.553519877034277), (8, 20.66924344435352), (10, 2.2236466843268854), (2, 10.016931998759942), (9, 14.401631921424022), (3, 24.185043795288657), (4, 20.14505492933161), (0, 20.469291305207054), (14, 4.5431344812445165), (17, 22.870665131806774), (11, 2.282243709308004), (13, 6.1727841314440335), (1, 9.120355909808923), (6, 16.42048892624446), (18, 28.035221062516925), (7, 19.004970113206333), (22, 6.875093411855408), (5, 17.540693369906876)]
Atom 16: [(13, 22.50799155184597), (11, 14.632007532642556), (3, 22.603288085812842), (12, 9.891368366152161), (17, 13.351437771112428), (14, 20.568959249710005), (1, 15.514863009619551), (2, 17.20111601439224), (4, 9.140970189561253), (9, 17.361368693223852), (10, 18.008963439603185), (6, 21.417203573905763), (7, 21.39113815395425), (5, 18.683690786354823), (0, 9.581018588286275), (22, 10.60728396020001), (8, 20.30926300934909), (15, 16.230112652339763), (18, 28.157958242986297), (21, 18.073541160820564), (19, 20.314913691423367), (23, 23.442664963836883)]
Atom 17: [(14, 25.465773877539345), (13, 27.899689660746475), (4, 4.217661921248385), (5, 12.196732478855552), (9, 13.454845925972482), (3, 11.995494475303675), (16, 13.138454310802624), (15, 22.722886705766612), (7, 14.375089652831244), (8, 11.561918476068088), (1, 16.109537086426123), (18, 17.47047643401743), (10, 24.9492986856162), (22, 20.33672867390211), (6, 16.579203324607718), (0, 3.9302872259142125), (2, 16.900919908303802), (11, 20.528158565483498), (12, 18.783706998773464), (20, 16.38379572199947), (21, 4.793606290742508), (19, 7.3577390814896715), (23, 10.317276926831116)]
Atom 18: [(15, 27.192819641233125), (3, 3.2158732910892294), (13, 30.01139539599682), (12, 26.523191163779487), (7, 8.828979643728676), (5, 9.795531312909036), (6, 12.330711224681531), (9, 12.931774275948513), (21, 10.286631462945383), (10, 29.198160390754413), (4, 17.50499039069258), (16, 25.411415609865223), (8, 6.567764472751751), (11, 25.174207546016742), (1, 19.15250149084161), (17, 13.996928392984163), (0, 17.02777769513404), (14, 27.908157615694293), (2, 18.60060011365649), (20, 2.1903408393125243), (19, 7.777781177055762), (22, 29.5888244264402), (23, 10.276539964974138)]
Atom 19: [(22, 25.67219300666453), (17, 7.3577390814896715), (2, 18.330086295881294), (18, 11.314096474178054), (0, 11.12414695926054), (15, 26.483413910202437), (9, 13.73980975942672), (4, 11.5922406974317), (16, 20.314913691423367), (10, 28.685088435914395), (5, 11.05243576605342), (1, 18.23563630684665), (14, 28.160101420226805), (13, 30.605513951300946), (3, 6.692846744994114), (12, 23.994359756483792), (8, 8.621061856770813), (11, 24.286136174697234), (6, 15.275896872066403), (7, 12.042088183390149)]
Atom 20: [(1, 19.509759481232372), (6, 12.853154390987905), (8, 8.133379787848472), (5, 11.096305333017625), (14, 28.565203072158212), (17, 16.38379572199947), (0, 19.50046514798317), (9, 14.194007810829667), (11, 26.564457497644618), (4, 19.767327139540154), (13, 30.79073721020968), (3, 5.0952054775585225), (18, 1.8461392310086842), (7, 9.62809878523985), (16, 27.50392886386718), (15, 28.489391523826768), (10, 30.433296434332053), (22, 29.950472065199435), (2, 18.70548143417152), (12, 28.244370364832985)]
Atom 21: [(13, 30.342278913706895), (6, 16.323121975907018), (7, 13.379035790971647), (17, 4.793606290742508), (16, 18.073541160820564), (15, 25.760100926483883), (3, 8.921662403341058), (11, 23.548304891542184), (9, 14.14950142619398), (8, 10.061198165343772), (0, 8.6766792772382), (5, 11.904526381534284), (18, 13.978141750529499), (14, 27.883663764378), (2, 18.417713487740492), (22, 24.273688860677023), (1, 18.05901774314416), (12, 22.638321250282157), (4, 9.184925899250164), (10, 27.98736358631131)]
Atom 22: [(0, 17.417452172241095), (15, 6.534439142363262), (1, 11.736054058898423), (9, 16.358828775978534), (14, 11.382342661609643), (10, 7.898407991871804), (4, 16.8524019140528), (17, 20.466633121198996), (2, 13.297878209075769), (12, 1.7307556688231427), (3, 25.124945575420416), (16, 10.820945197760237), (6, 19.533905662658153), (11, 6.225526919217653), (18, 29.842690792119964), (5, 19.089581776646746), (13, 12.80472226420005), (7, 21.218612361193163), (8, 21.87335961412574), (20, 29.950472065199435), (21, 24.273688860677023), (19, 25.67219300666453), (23, 28.766234865679035)]
Atom 23: [(0, 14.154599560284314), (5, 13.142123837246702), (7, 13.509397358682348), (13, 33.18223212725195), (18, 10.477454062410754), (17, 10.317276926831116), (6, 16.972983782756394), (2, 20.77716123645715), (1, 20.853526829197104), (10, 31.503737609175484), (11, 27.14935934182527), (8, 10.254369674700865), (16, 23.442664963836883), (22, 28.766234865679035), (3, 7.418592144145236), (4, 14.65008036787269), (12, 27.07815301719402), (14, 30.75612733637707), (15, 29.32415162944231), (9, 16.05492082374889)]
New position of object Informational Sign:1: (12.719311775523028, -6.13400387064334, 0.7794090382509513)
New position of object Pedestrian:2: (-0.8400527127574051, -0.007537364623988907, -0.06291225112745558)
New position of object Trash Can:1: (14.921210468858892, -2.934590122637136, -0.05522932006730735)
New position of object Service Vehicle:1: (13.307491407981143, 13.350872450797347, 0.08953098401480736)
New position of object Pedestrian:1: (-1.2445515773778304, 1.6896862740089915, 0.12680794216709174)
New position of object Railing:2: (6.568312263830233, -13.450865114294945, -0.42642272108747464)
New position of object Bollard:4: (11.652143559874983, 8.437223931505965, -0.5559224397670233)
New position of object Railing:1: (12.340347527792009, -6.5293231141916195, -0.1989633097948122)
New position of object Bike:1: (17.09511173915683, 1.309782183327334, -0.18164720754885627)
New position of object Bollard:7: (16.8336135088709, 4.112661633727466, -0.5392685982474832)
New position of object Bollard:1: (5.82374512688979, 5.112551467225792, -0.5235493671970854)
New position of object Fence:1: (1.9451060786980854, 7.35567933732106, 0.6161652338032633)
New position of object Fence:2: (5.46675934652497, 7.766800371658073, 0.6103057152200331)
New position of object Bollard:8: (18.890274907196673, 6.567492533501705, -0.5128897333729354)
New position of object Bollard:3: (8.619256084684228, 6.633608966686456, -0.520275680719515)
New position of object Bollard:2: (3.0717044984080033, 3.4569756146554997, -0.45588071500478383)
New position of object Fence:5: (-9.87854072470942, -6.306809616936889, 1.5902915262430741)
New position of object Fence:8: (-5.623917849077138, -5.362800009767994, 0.6417693616006441)
New position of object Fence:9: (-2.6535671847375255, -10.031382968700637, 1.1039869860726117)
New position of object Fence:4: (-7.727412801494101, -5.901773579162221, 1.3222504001888769)

After Updating position of all the atoms:
Atom 0: [(14, 23.420873846669423), (1, 14.9051380569947), (8, 13.578878497389892), (22, 16.907451361014225), (13, 25.782535456097172), (6, 17.279877724676783), (5, 13.311954995584845), (9, 13.655172898007484), (11, 18.19600316872207), (4, 1.0181253863905728), (16, 9.33548360261519), (18, 20.56868053976588), (7, 15.752409543070973), (17, 4.171326183304148), (2, 16.034432794366932), (3, 14.790412814709724), (12, 15.662561490608814), (10, 22.46237568383519), (20, 19.505955302717044), (21, 8.687992014649687), (19, 11.12027622950496), (23, 14.180226831476482), (15, 20.455247580533175)]
Atom 1: [(0, 14.903001789235535), (8, 11.623582753542843), (12, 10.249015384214974), (17, 16.111419292885518), (10, 11.095034613607673), (22, 11.714631874767145), (3, 15.163294217238027), (2, 1.766182016261447), (14, 9.930374631500907), (4, 14.804347095701159), (5, 8.464422596414586), (13, 12.372882590630562), (7, 10.081075879473714), (16, 15.505865226794791), (6, 7.921971636764687), (9, 5.305073534124794), (11, 7.160182440926431), (18, 19.03973471329479), (20, 19.45824648792716), (21, 17.983869236026468), (19, 18.153826948304406), (23, 20.80190678487185), (15, 9.170410302450966)]
Atom 2: [(8, 11.095002055560974), (17, 16.8151399724465), (22, 13.287936079183103), (5, 7.917147360968131), (9, 4.761601538322768), (11, 8.29145330296269), (4, 15.961322347541534), (13, 12.475674299110127), (1, 1.755044490250178), (0, 16.019534806249133), (7, 9.105083084554254), (12, 11.853947321164533), (18, 18.081844876923153), (3, 14.637206420412607), (10, 11.839868692941822), (16, 17.187646251256126), (14, 10.100362805208272), (6, 6.53994493750348), (21, 18.346190946933646), (19, 18.251973056005646), (23, 20.727118578933265), (15, 10.054194896852843)]
Atom 3: [(12, 23.31493422750067), (10, 26.133530449126877), (5, 6.669616932509619), (7, 6.337755850111628), (4, 14.8562559978472), (8, 3.481318544549929), (1, 15.086816102434847), (17, 11.842957693816812), (11, 22.060146475807908), (14, 24.661130757861823), (18, 5.943964232086587), (9, 9.857615421827218), (0, 14.671149846511828), (2, 14.571208964152426), (13, 27.00467629540655), (6, 9.831907203899087), (22, 24.918344880581948), (16, 22.47110484379199), (21, 8.975879367716924), (19, 6.749055285753138), (23, 7.475847290814833), (15, 24.180603540672376)]
Atom 4: [(11, 17.85659075149276), (2, 15.881049270422245), (18, 20.918143477186383), (9, 13.625141167131552), (17, 4.427597346298061), (3, 14.98661319288005), (5, 13.403079183498459), (7, 15.956380855376866), (1, 14.706296262312376), (14, 23.135137577798222), (22, 16.467667641557224), (8, 13.789471340487596), (0, 1.1212063399742715), (13, 25.484902223723996), (16, 9.0153132242534), (6, 17.379432749029892), (12, 15.252068466837155), (10, 22.140265071564915), (21, 9.168405227664321), (19, 11.556690107509683), (23, 14.646729279417986), (15, 20.13511644376628)]
Atom 5: [(7, 2.977838212567685), (4, 13.345587537817785), (14, 17.979055123508267), (16, 18.57859652895975), (0, 13.256377596456108), (10, 19.486986709485237), (13, 20.339616662765245), (18, 10.935927962698427), (1, 8.416275770578126), (22, 18.950136744622252), (8, 3.229110257060914), (17, 12.15482155698611), (9, 3.1482740225073114), (11, 15.488252194160303), (2, 7.880341938034098), (3, 6.710046445755399), (12, 17.356081299700964), (6, 4.630604387598633), (23, 13.147287462962693), (15, 17.56007443631074)]
Atom 6: [(10, 18.09549475399131), (0, 17.265043005692814), (13, 17.960129470229358), (2, 6.5204956801873335), (1, 7.901595783382251), (14, 15.800557300189869), (18, 11.99994883635343), (11, 14.776699249091546), (22, 19.49380445775106), (5, 4.623247006108258), (7, 3.5396369599668627), (4, 17.36429590873358), (3, 9.837179722091038), (16, 21.339477901087463), (17, 16.57467047485005), (9, 4.171581944987536), (8, 6.791734714527464), (12, 17.968548190752987), (23, 17.001022033482), (15, 16.426084000230706)]
Atom 7: [(22, 21.101342509112953), (9, 4.984975210958138), (1, 10.033415570936048), (13, 21.159217058431643), (5, 2.9082818711372824), (18, 9.086258576120144), (0, 15.679938496435842), (6, 3.5455742239626207), (11, 17.13504163059996), (12, 19.510139231116753), (4, 15.88333332657744), (8, 3.4981206991765212), (16, 21.271519770671638), (3, 6.32997106832592), (10, 20.822377980497322), (17, 14.295081021777664), (2, 9.066795474129183), (14, 18.90453341971383), (23, 13.523707972076245), (15, 19.01112720895478)]
Atom 8: [(5, 3.182531720004917), (17, 11.46653090479884), (10, 22.62588109408438), (1, 11.56687204156608), (2, 11.052411067289047), (13, 23.5023831992801), (14, 21.14878545770988), (16, 20.189137625068206), (11, 18.579041849021685), (12, 20.092613943444537), (3, 3.528838912435707), (9, 6.329161870919714), (0, 13.472623152179889), (4, 13.682563507380056), (6, 6.808609393610018), (7, 3.535614902283749), (22, 21.696316664103666), (18, 8.310662342873226), (15, 20.681980118062825)]
Atom 9: [(12, 14.683511303343966), (17, 13.469351352539206), (13, 17.1689134515588), (0, 13.659764069535191), (6, 4.197427454140802), (8, 6.393002015269563), (4, 13.6271755129602), (16, 17.265636731791048), (14, 14.793446552760084), (10, 16.307794441207935), (22, 16.250306282787445), (5, 3.2123570895711144), (1, 5.240144928940679), (3, 9.921532952711171), (7, 5.0445644673803525), (2, 4.7003089469222825), (11, 12.370061584921206), (18, 13.875451880352129), (15, 14.400308024228114)]
Atom 10: [(14, 3.9348830733333875), (11, 4.601050920745273), (7, 20.84478602857589), (18, 29.902163917378072), (0, 22.613056623498434), (13, 4.629601352268368), (5, 19.530281919588404), (16, 18.04449053122181), (8, 22.673275322637092), (3, 26.18326040484559), (12, 8.34786319348767), (9, 16.347084578859636), (1, 11.140385055305392), (6, 18.094506077552143), (22, 8.308080754228412), (2, 11.858815258322137), (17, 25.082010733517162), (4, 22.291925450752153), (15, 2.205278118330942)]
Atom 11: [(6, 14.800354579972906), (10, 4.460119308841261), (14, 5.592535484010014), (4, 18.021721285950616), (18, 26.235883068187242), (0, 18.359950248745953), (12, 5.696901097987212), (22, 6.465083209306398), (8, 18.658300584943877), (1, 7.215315642179991), (7, 17.18692866087585), (3, 22.143563946137544), (17, 20.699862512071523), (9, 12.434111378217976), (16, 14.669979774582833), (5, 15.560846503888104), (13, 7.6634177267051715), (2, 8.317547534463811), (15, 2.275574206047193)]
Atom 12: [(2, 11.84582914185516), (0, 15.86254463208875), (8, 20.18506204798162), (17, 18.988972081650726), (22, 1.5403873527548617), (5, 17.431363940028355), (11, 5.552683589576445), (13, 12.488257075203249), (7, 19.56933198626204), (3, 23.420036294695873), (14, 10.829531693581213), (6, 17.991545277693778), (9, 14.735933644119386), (10, 8.14304497173834), (16, 9.95379689262969), (18, 28.316794872759036), (4, 15.452494332782472), (1, 10.253193125276933), (15, 6.545626171023323)]
Atom 13: [(11, 8.910392984257811), (15, 7.448208245289911), (7, 21.292817054947122), (9, 17.517856498007514), (10, 6.0771529881875965), (12, 13.866041530729058), (6, 17.973267679578054), (18, 29.94408761542401), (17, 28.548100430783023), (1, 12.388356306505353), (8, 23.7998045385123), (0, 26.824960181867645), (5, 20.6807164922252), (4, 26.505924831012656), (16, 23.552823843956112), (3, 27.271146066802757), (14, 2.4586858452278455), (2, 12.302547193885152), (20, 30.84667359893834), (21, 30.749182711663124), (19, 30.984805433551756), (22, 13.457308435019655), (23, 33.259859679854664)]
Atom 14: [(11, 7.63549129203171), (10, 5.890029268718136), (15, 6.626152239085152), (12, 12.931859413028299), (1, 9.908642469431548), (4, 24.70144595645097), (17, 26.559076901761216), (6, 15.805383123622187), (9, 15.34515372303644), (8, 21.599847009402644), (18, 27.77921405950586), (0, 25.024528280155955), (16, 22.260922004902334), (3, 25.058441391028495), (2, 9.82643554505063), (13, 2.1085166541050295), (7, 19.095945891705526), (5, 18.466984414780388), (20, 28.645189129746505), (21, 28.742258766982427), (19, 28.869655765231215), (22, 11.963628453378773), (23, 30.837116805690517)]
Atom 15: [(1, 9.170410302450966), (5, 17.56007443631074), (16, 16.260823959265696), (22, 7.04149599191508), (18, 28.083463295124815), (0, 20.455247580533175), (7, 19.01112720895478), (11, 2.275574206047193), (12, 6.545626171023323), (13, 5.990688305309951), (17, 22.883657139687447), (4, 20.13511644376628), (8, 20.681980118062825), (10, 2.205278118330942), (9, 14.400308024228114), (14, 4.37606394259891), (2, 10.054194896852843), (3, 24.180603540672376), (6, 16.426084000230706)]
Atom 16: [(11, 14.498773696585198), (7, 21.345878114765792), (17, 13.43505610947343), (6, 21.35933182082706), (9, 17.297522061397753), (13, 22.175960199055748), (5, 18.648037386933254), (1, 15.35379667942669), (18, 28.284449694271405), (0, 9.634587883429427), (14, 20.255209273402663), (10, 17.855840616822775), (3, 22.58939115864748), (8, 20.296503945141446), (22, 10.220677073186176), (2, 17.046501163285498), (4, 9.236903929245766), (12, 9.7452514298039), (21, 18.131467973955345), (19, 20.343711944282052), (23, 23.506868843889656), (15, 16.260823959265696)]
Atom 17: [(1, 16.03075525219556), (22, 20.160563899198365), (12, 18.802745206015153), (13, 27.78745210320987), (18, 17.622804258539592), (8, 11.562007917236762), (5, 12.195879200384521), (9, 13.446481000330644), (16, 13.139727795331481), (3, 11.955071294559538), (6, 16.585561470140696), (10, 24.95020542796776), (14, 25.355935874652182), (2, 16.829085367770563), (7, 14.360515468026119), (4, 4.210475943631109), (0, 3.9725592979616415), (11, 20.547770465712247), (20, 16.36585885261795), (21, 4.770379910124187), (19, 7.31815118235831), (23, 10.307885349269231), (15, 22.883657139687447)]
Atom 18: [(15, 27.192819641233125), (3, 3.2158732910892294), (13, 30.01139539599682), (12, 26.523191163779487), (7, 8.828979643728676), (5, 9.795531312909036), (6, 12.330711224681531), (9, 12.931774275948513), (21, 10.286631462945383), (10, 29.198160390754413), (4, 17.50499039069258), (16, 25.411415609865223), (8, 6.567764472751751), (11, 25.174207546016742), (1, 19.15250149084161), (17, 13.996928392984163), (0, 17.02777769513404), (14, 27.908157615694293), (2, 18.60060011365649), (20, 2.1903408393125243), (19, 7.777781177055762), (22, 29.5888244264402), (23, 10.276539964974138)]
Atom 19: [(13, 30.51673633024796), (4, 11.556690107509683), (5, 11.054727725554427), (2, 18.251973056005646), (1, 18.153826948304406), (6, 15.28302303687319), (22, 25.499697585077044), (3, 6.749055285753138), (16, 20.343711944282052), (9, 13.726690135163944), (10, 28.6587182306171), (0, 11.12027622950496), (11, 24.281227692835994), (14, 28.06948785943811), (18, 11.50882922262033), (12, 23.981143806756556), (8, 8.632472875788348), (7, 12.032255904534066), (17, 7.31815118235831)]
Atom 20: [(12, 28.234598027779978), (16, 27.488719495595895), (22, 29.847257256383408), (3, 5.112903085484543), (5, 11.090619780164507), (11, 26.558333628451482), (4, 19.757748645253358), (9, 14.181420988283532), (8, 8.130766455448212), (7, 9.6101223693226), (0, 19.505955302717044), (10, 30.40424419870264), (13, 30.764297189523766), (18, 2.006882575735619), (14, 28.532092880695075), (17, 16.36585885261795), (6, 12.84550727441116), (2, 18.65174841280243), (1, 19.45824648792716)]
Atom 21: [(4, 9.168405227664321), (12, 22.640288226409563), (3, 8.975879367716924), (17, 4.770379910124187), (2, 18.346190946933646), (8, 10.079978590299296), (18, 14.163531386785941), (16, 18.131467973955345), (10, 27.974725587948637), (1, 17.983869236026468), (22, 24.099202395320102), (0, 8.687992014649687), (5, 11.916318833165246), (9, 14.147446255293428), (13, 30.247899310515034), (7, 13.373676319001204), (11, 23.55742135823505), (14, 27.78923080751952), (6, 16.336516214481282)]
Atom 22: [(0, 17.417452172241095), (15, 6.534439142363262), (1, 11.736054058898423), (9, 16.358828775978534), (14, 11.382342661609643), (10, 7.898407991871804), (4, 16.8524019140528), (17, 20.466633121198996), (2, 13.297878209075769), (12, 1.7307556688231427), (3, 25.124945575420416), (16, 10.820945197760237), (6, 19.533905662658153), (11, 6.225526919217653), (18, 29.842690792119964), (5, 19.089581776646746), (13, 12.80472226420005), (7, 21.218612361193163), (8, 21.87335961412574), (20, 29.950472065199435), (21, 24.273688860677023), (19, 25.67219300666453), (23, 28.766234865679035)]
Atom 23: [(22, 28.628444120227652), (4, 14.646729279417986), (17, 10.307885349269231), (6, 17.001022033482), (3, 7.475847290814833), (10, 31.504122393195924), (16, 23.506868843889656), (1, 20.80190678487185), (9, 16.065155575270445), (12, 27.09494188282563), (8, 10.28036036075701), (11, 27.172332376316092), (18, 10.663182110750615), (2, 20.727118578933265), (5, 13.147287462962693), (7, 13.523707972076245), (13, 33.13003533480056), (14, 30.70106400593986), (0, 14.180226831476482)]
New position of object Informational Sign:1: (12.574675104291241, -6.269563912256427, 0.7826738622664038)
New position of object Pedestrian:2: (-0.8437496503392978, -0.01996171971843097, -0.06463959719287043)
New position of object Trash Can:1: (14.78049969905896, -3.1415649678732542, -0.0700361492461648)
New position of object Service Vehicle:1: (13.460818347593946, 13.109245985380166, 0.1095054688781627)
New position of object Pedestrian:1: (-1.2445201645972794, 1.681083295504921, 0.1323299533919186)
New position of object Railing:2: (6.309456973542073, -13.549582550616599, -0.4042184600894078)
New position of object Bike:2: (19.33248667478283, 3.0839241065054868, -0.25245211042247245)
New position of object Bollard:4: (11.693586160338423, 8.24839840641216, -0.5198546092094132)
New position of object Railing:1: (12.181645827907818, -6.740831617852482, -0.2130586667000483)
New position of object Bike:1: (17.032394477648932, 1.0817960221206313, -0.20414525451871696)
New position of object Bollard:7: (16.791417721003395, 3.8787036488400624, -0.5470140205436216)
New position of object Bollard:1: (5.798244433372535, 5.022048857735054, -0.5083943634659316)
New position of object Fence:1: (1.947774160718943, 7.335163462813005, 0.6174034495170351)
New position of object Fence:2: (5.478239715564239, 7.69400323528915, 0.6090082235604544)
New position of object Bollard:8: (18.87780688417143, 6.3126473821215985, -0.5546042281785948)
New position of object Bollard:3: (8.635148493769417, 6.515300112084466, -0.5006732044146034)
New position of object Bollard:2: (3.013636440286721, 3.4153828140380966, -0.4487407138825062)
New position of object Fence:5: (-10.027138415800808, -6.175760163354486, 1.5692833421327854)
New position of object Fence:8: (-5.784322103852059, -5.292394261250436, 0.6419895524561567)
New position of object Fence:9: (-2.8676030625893354, -9.995794762958834, 1.0975110268919976)
New position of object Fence:4: (-7.887991131694527, -5.811736915389641, 1.3183693024484582)

After Updating position of all the atoms:
Atom 0: [(14, 23.299645998779255), (1, 14.828449506402102), (7, 15.734411317503076), (16, 9.439777331777945), (11, 18.221713979084218), (6, 17.281860906839835), (10, 22.467766568962084), (3, 14.796368243312205), (17, 4.162974914358631), (5, 13.297887997603725), (13, 25.65694756382436), (2, 15.960916318058565), (9, 13.654524486255108), (22, 16.727952907758), (8, 13.558572471913232), (18, 20.69693944438328), (12, 15.689292143061172), (4, 1.0421112194340647), (20, 19.410736167962458), (24, 11.585648066410776), (21, 8.653760273177511), (19, 11.069612579168775), (23, 14.136117712515475), (15, 20.474796327412975)]
Atom 1: [(2, 1.7664061275655116), (13, 12.366607556645384), (10, 11.130620075431338), (14, 9.923871637294063), (6, 7.914625227866379), (9, 5.250994575351651), (12, 10.240589974386362), (17, 16.03212758308533), (8, 11.57696353370287), (22, 11.701910797169075), (4, 14.704089466064703), (0, 14.82665136027816), (3, 15.096777639342871), (16, 15.344664051150302), (18, 19.051520150214845), (5, 8.426670540346219), (7, 10.045483504637854), (11, 7.203814449228134), (20, 19.4171853540917), (24, 20.414453042135055), (21, 17.910607494854446), (19, 18.067412790866605), (23, 20.71911666843514), (15, 9.223812204361336)]
Atom 2: [(11, 8.309930481524265), (5, 7.884511762154361), (7, 9.072248113686406), (9, 4.7042088241455415), (3, 14.575426678908318), (22, 13.279107980569686), (0, 15.956374779434217), (17, 16.73619281504424), (6, 6.527545663439255), (10, 11.852358253148944), (8, 11.056558530269537), (14, 10.096458585175652), (16, 17.039026315572467), (1, 1.7586836420380996), (4, 15.87668601624222), (18, 18.087996885877928), (13, 12.472251030543926), (12, 11.836866007701415), (24, 20.62835984865345), (21, 18.28983241152124), (19, 18.18202680851508), (23, 20.659896183569177), (15, 10.08388568662718)]
Atom 3: [(4, 14.79534808083225), (13, 26.96227436820574), (8, 3.472614364714689), (16, 22.453378200664684), (6, 9.854965871182703), (12, 23.294378672881848), (0, 14.60288081278629), (2, 14.52410299278366), (11, 22.056972541360015), (5, 6.654966824500211), (9, 9.864008739900678), (1, 15.025238404506382), (17, 11.809430024773553), (18, 6.131640045286515), (22, 24.791160332704646), (10, 26.108685444896178), (14, 24.6133068139761), (7, 6.346855220912138), (21, 8.9421885676917), (19, 6.714376853356457), (23, 7.440521955670323), (15, 24.176530802839142)]
Atom 4: [(13, 25.36048133423243), (5, 13.454441510546635), (9, 13.676449317182579), (7, 16.007467485718745), (10, 22.138027865009594), (14, 23.017858429102734), (17, 4.44175835697405), (2, 15.852756144122738), (8, 13.844156309638011), (16, 8.993232637509282), (0, 1.1696360680460285), (3, 15.00031142042607), (1, 14.657866412700661), (11, 17.879256134582736), (22, 16.255690225324), (6, 17.440928284459073), (18, 21.124725595640594), (12, 15.252733609901464), (21, 9.204528510768668), (19, 11.58171197903235), (23, 14.674758610101614), (15, 20.149412306096455)]
Atom 5: [(14, 17.91678754955015), (1, 8.350740946994216), (8, 3.2489034899946563), (11, 15.480108326557481), (13, 20.2799668474194), (17, 12.1456847594357), (4, 13.386575126614636), (10, 19.45531057823207), (12, 17.338936039950863), (3, 6.720455105510832), (6, 4.642966797568811), (22, 18.857729389674834), (2, 7.8213241667020545), (16, 18.57895809909007), (9, 3.1442378975571565), (7, 2.982454207869255), (18, 11.025899133894745), (0, 13.232059127312652), (23, 13.143163006182869), (15, 17.55052773028693)]
Atom 6: [(2, 6.511118329015056), (5, 4.63077112504291), (3, 9.854349571954298), (4, 17.422842309390337), (16, 21.35978942619352), (13, 17.950689789103063), (12, 17.972368810854434), (18, 12.009908631286848), (10, 18.080698672555798), (1, 7.896559653164063), (22, 19.47476445187795), (14, 15.789861242724314), (11, 14.784092462504514), (17, 16.580508332215317), (9, 4.1779778945546955), (0, 17.26403617129528), (7, 3.545365642191473), (8, 6.804054936301346), (23, 17.001327864288193), (15, 16.433947230315855)]
Atom 7: [(2, 9.032050087428377), (11, 17.138818129101676), (22, 21.04006597693602), (6, 3.5486650301315708), (10, 20.80423954231332), (1, 9.996329639227001), (12, 19.507962567108972), (9, 4.9877653574425755), (3, 6.341310332221631), (8, 3.502242420568709), (14, 18.874837705007277), (16, 21.28397254944568), (17, 14.296946539249271), (18, 9.131478003576731), (0, 15.664314937604459), (4, 15.936621496306556), (13, 21.132851401213777), (5, 2.9138173856031755), (23, 13.520744736771645), (15, 19.01484518001948)]
Atom 8: [(6, 6.829586135943895), (3, 3.5154002025913824), (5, 3.2059138436348387), (4, 13.72535587534242), (10, 22.617146590282736), (18, 8.414881582086936), (13, 23.468395013741507), (0, 13.439479072101504), (9, 6.348800216434964), (11, 18.59342385068157), (17, 11.454511464141307), (7, 3.547789023906883), (2, 11.017177407421862), (12, 20.094844039530212), (22, 21.60551303356291), (14, 21.11114649307187), (1, 11.521687486789173), (16, 20.199447042751494), (15, 20.694900352528133)]
Atom 9: [(18, 13.943953921522862), (3, 9.935020082761032), (13, 17.09929507869427), (16, 17.282200815939035), (6, 4.19969119229814), (22, 16.188751511144368), (12, 14.67459267760196), (14, 14.72319004205635), (11, 12.363375348771164), (17, 13.475757949467356), (0, 13.664846698155978), (10, 16.275346699681293), (4, 13.684174573039295), (1, 5.1796286725602405), (5, 3.215427811199446), (8, 6.419780526291472), (2, 4.634364639523781), (7, 5.049722252591416), (15, 14.391243866643133)]
Atom 10: [(0, 22.615692074622427), (17, 25.046209647707965), (1, 11.175785783019078), (18, 29.91772952789281), (3, 26.1574219665855), (16, 18.03198033709446), (5, 19.497446341612175), (9, 16.31331522256001), (11, 4.572694802260508), (6, 18.07898403609528), (13, 4.432613058638413), (12, 8.333779491661168), (4, 22.287353956195414), (14, 3.785430096839586), (8, 22.663377588403172), (2, 11.87136081183657), (22, 8.50388431709847), (7, 20.825686448093787), (15, 2.184358460388052)]
Atom 11: [(18, 26.288950544031035), (9, 12.426550150834796), (16, 14.6811171926518), (5, 15.55207277497229), (1, 7.259967343490496), (6, 14.806793413687004), (14, 5.418912269752453), (13, 7.488851620648862), (10, 4.431895683148615), (8, 18.672130486521738), (12, 5.698515768300424), (2, 8.336602652708743), (22, 6.588589639225707), (0, 18.385522323026002), (7, 17.189907109765286), (4, 18.0445305275063), (3, 22.140014119599822), (17, 20.689247038851327), (15, 2.2699404699929193)]
Atom 12: [(22, 1.490004921606557), (4, 15.45290491027148), (6, 17.99390102540462), (8, 20.18622649672771), (0, 15.888608302059447), (9, 14.725473049711619), (7, 19.565803839488407), (5, 17.41296849941633), (16, 9.955050476945615), (17, 18.96837271823931), (18, 28.3944964439408), (11, 5.553082572662462), (1, 10.245185289390527), (10, 8.128602581839447), (13, 12.293228872502969), (14, 10.651876297719355), (3, 23.39860439402471), (2, 11.828586297213599), (15, 6.539068344504504)]
Atom 13: [(11, 8.910392984257811), (15, 7.448208245289911), (7, 21.292817054947122), (9, 17.517856498007514), (10, 6.0771529881875965), (12, 13.866041530729058), (6, 17.973267679578054), (18, 29.94408761542401), (17, 28.548100430783023), (1, 12.388356306505353), (8, 23.7998045385123), (0, 26.824960181867645), (5, 20.6807164922252), (4, 26.505924831012656), (16, 23.552823843956112), (3, 27.271146066802757), (14, 2.4586858452278455), (2, 12.302547193885152), (20, 30.84667359893834), (21, 30.749182711663124), (19, 30.984805433551756), (22, 13.457308435019655), (23, 33.259859679854664), (24, 32.739978230467266)]
Atom 14: [(11, 7.63549129203171), (10, 5.890029268718136), (15, 6.626152239085152), (12, 12.931859413028299), (1, 9.908642469431548), (4, 24.70144595645097), (17, 26.559076901761216), (6, 15.805383123622187), (9, 15.34515372303644), (8, 21.599847009402644), (18, 27.77921405950586), (0, 25.024528280155955), (16, 22.260922004902334), (3, 25.058441391028495), (2, 9.82643554505063), (13, 2.1085166541050295), (7, 19.095945891705526), (5, 18.466984414780388), (20, 28.645189129746505), (21, 28.742258766982427), (19, 28.869655765231215), (22, 11.963628453378773), (23, 30.837116805690517), (24, 30.283802419139192)]
Atom 15: [(11, 2.2699404699929193), (16, 16.260661006709793), (18, 28.12948321307608), (5, 17.55052773028693), (7, 19.01484518001948), (0, 20.474796327412975), (1, 9.223812204361336), (8, 20.694900352528133), (12, 6.539068344504504), (17, 22.867399600119683), (2, 10.08388568662718), (14, 4.207298278542413), (6, 16.433947230315855), (3, 24.176530802839142), (4, 20.149412306096455), (10, 2.184358460388052), (9, 14.391243866643133), (13, 5.806860806254177), (22, 7.211940664240573)]
Atom 16: [(12, 9.746189718445365), (22, 9.987436944809808), (1, 15.307982186948744), (18, 28.428824987959548), (3, 22.627129144890176), (9, 17.312097813598523), (11, 14.5094084493955), (10, 17.84620686120776), (13, 21.996292538747955), (8, 20.31526177622202), (7, 21.35714352346565), (5, 18.668835045692585), (14, 20.091481460928705), (17, 13.423750320871873), (0, 9.677827389740258), (6, 21.380334801385743), (4, 9.257311332605031), (2, 17.009516069534545), (24, 21.125716066841733), (21, 18.14107651004545), (19, 20.3380690217527), (23, 23.50519545241481), (15, 16.260661006709793)]
Atom 17: [(6, 16.59549154832824), (2, 16.738638073957553), (13, 27.64895543130249), (0, 3.921371431358955), (3, 12.003793150386825), (16, 13.185169827079502), (8, 11.563635412891152), (5, 12.1885013364688), (1, 15.933034980625528), (12, 18.78282754314371), (14, 25.220396685377104), (11, 20.537302833509987), (22, 19.947333544101618), (10, 24.916736068342992), (18, 17.80051771848114), (9, 13.445649813192045), (7, 14.359702600947337), (4, 4.177064769621414), (20, 16.305295173667496), (24, 7.714309769853729), (21, 4.788088699863434), (19, 7.3181603310871965), (23, 10.315273314415364), (15, 22.867399600119683)]
Atom 18: [(15, 27.192819641233125), (3, 3.2158732910892294), (13, 30.01139539599682), (12, 26.523191163779487), (7, 8.828979643728676), (5, 9.795531312909036), (6, 12.330711224681531), (9, 12.931774275948513), (21, 10.286631462945383), (10, 29.198160390754413), (4, 17.50499039069258), (16, 25.411415609865223), (8, 6.567764472751751), (11, 25.174207546016742), (1, 19.15250149084161), (17, 13.996928392984163), (0, 17.02777769513404), (14, 27.908157615694293), (2, 18.60060011365649), (20, 2.1903408393125243), (19, 7.777781177055762), (22, 29.5888244264402), (23, 10.276539964974138), (24, 13.668480122881064)]
Atom 19: [(3, 6.714376853356457), (5, 11.036882402225846), (16, 20.3380690217527), (14, 27.97476206602567), (13, 30.423672634656047), (22, 25.324926259084293), (6, 15.292328642050597), (11, 24.27479895943622), (1, 18.067412790866605), (12, 23.965052722992805), (0, 11.069612579168775), (8, 8.624061923435015), (10, 28.628647173481525), (18, 11.699432870530202), (9, 13.726495937581975), (4, 11.58171197903235), (7, 12.029321360551497), (17, 7.3181603310871965), (2, 18.18202680851508)]
Atom 20: [(14, 28.5263988863902), (1, 19.4171853540917), (2, 18.618661283975765), (11, 26.56552171132524), (10, 30.39575010434622), (9, 14.192239830902032), (18, 2.266212318463317), (6, 12.88300672789744), (5, 11.07577396936914), (4, 19.672925662546977), (22, 29.732966992711653), (8, 8.109946007212157), (0, 19.410736167962458), (7, 9.627954369173466), (12, 28.21615003793214), (13, 30.768437893350058), (3, 5.05389838255787), (16, 27.445097208182826), (17, 16.305295173667496)]
Atom 21: [(4, 9.204528510768668), (11, 23.570254088536227), (17, 4.788088699863434), (10, 27.96444045775265), (5, 11.915654774862945), (12, 22.644006796807297), (7, 13.383442364419242), (18, 14.350211487680218), (8, 10.08481348548377), (0, 8.653760273177511), (14, 27.697692392051238), (2, 18.28983241152124), (13, 30.156263404425168), (16, 18.14107651004545), (3, 8.9421885676917), (1, 17.910607494854446), (6, 16.360342061922733), (22, 23.927390560529897), (9, 14.163534641301172)]
Atom 22: [(0, 17.417452172241095), (15, 6.534439142363262), (1, 11.736054058898423), (9, 16.358828775978534), (14, 11.382342661609643), (10, 7.898407991871804), (4, 16.8524019140528), (17, 20.466633121198996), (2, 13.297878209075769), (12, 1.7307556688231427), (3, 25.124945575420416), (16, 10.820945197760237), (6, 19.533905662658153), (11, 6.225526919217653), (18, 29.842690792119964), (5, 19.089581776646746), (13, 12.80472226420005), (7, 21.218612361193163), (8, 21.87335961412574), (20, 29.950472065199435), (21, 24.273688860677023), (19, 25.67219300666453), (23, 28.766234865679035), (24, 26.938218659358583)]
Atom 23: [(22, 28.46165778852744), (12, 27.082804917878704), (8, 10.263627979111313), (14, 30.616813524729224), (10, 31.476638965289954), (1, 20.71911666843514), (2, 20.659896183569177), (13, 33.04855030448715), (6, 17.001327864288193), (4, 14.674758610101614), (16, 23.50519545241481), (7, 13.520744736771645), (9, 16.062299966218806), (5, 13.143163006182869), (3, 7.440521955670323), (11, 27.16766269797583), (18, 10.843687288864013), (0, 14.136117712515475), (17, 10.315273314415364)]
Atom 24: [(0, 11.585648066410776), (17, 7.714309769853729), (9, 16.266332949143905), (2, 20.62835984865345), (12, 25.636648981744518), (13, 32.739978230467266), (6, 17.925495609209648), (18, 13.668480122881064), (10, 30.738667923463378), (22, 26.938218659358583), (16, 21.125716066841733), (1, 20.414453042135055), (5, 13.662903091915183), (3, 9.366834236808883), (11, 26.362262935795204), (4, 11.887278621657472), (7, 14.660561910173625), (8, 11.28916745150098), (14, 30.283802419139192)]
New position of object Informational Sign:1: (12.402938992809492, -6.456960003876848, 0.7857862524927336)
New position of object Pedestrian:2: (-0.8467363023543513, -0.027930934966317267, -0.059992818162096895)
New position of object Trash Can:1: (14.638766546844462, -3.3422980070616504, -0.0013966401513231252)
New position of object Service Vehicle:1: (13.506577469252843, 12.977722002594732, 0.09690757117734627)
New position of object Pedestrian:1: (-1.2423682982195992, 1.6744871839870399, 0.13641136835491224)
New position of object Railing:2: (6.0639094482479585, -13.639595290163552, -0.3843647597121196)
New position of object Bike:2: (19.282397813810217, 2.8411328847824198, -0.22183005801247357)
New position of object Bollard:4: (11.737266121853214, 8.071780138697871, -0.55715638538)
New position of object Railing:1: (11.942967888713394, -6.887627579961634, -0.16415812468137825)
New position of object Bike:1: (16.961134239560476, 0.8597726383771782, -0.17882139539480357)
New position of object Bollard:7: (16.75211889212954, 3.6656195206090416, -0.5143339818031222)
New position of object Bollard:1: (5.77127040677372, 4.939085151840288, -0.5261658050658576)
New position of object Fence:1: (1.954727822850014, 7.315334053026829, 0.6179030965279106)
New position of object Fence:2: (5.487278866489511, 7.6230068032418465, 0.6079400625621019)
New position of object Bollard:8: (18.889477198414905, 6.055809119323586, -0.5123804527065112)
New position of object Bollard:3: (8.605867645171475, 6.410097033157571, -0.49330393055850663)
New position of object Bollard:2: (2.95535567264416, 3.3754152820384746, -0.44005856616166317)
New position of object Fence:5: (-10.172340667581041, -6.0454764179691765, 1.552762329008607)
New position of object Fence:8: (-5.943706568567844, -5.2189096314007095, 0.642211483585587)
New position of object Fence:9: (-3.0808930609693483, -9.95609326928065, 1.0910319758332891)
New position of object Fence:4: (-8.04812382381585, -5.717096450355147, 1.3170890901953394)

After Updating position of all the atoms:
Atom 0: [(17, 4.168581430172245), (2, 15.903078171553235), (4, 1.0617179148203943), (10, 22.44551878652027), (9, 13.680139325604658), (18, 20.876994240535478), (14, 23.161605598330755), (13, 25.512783173245047), (1, 14.752387299844017), (22, 16.507449328864066), (7, 15.755394985465186), (5, 13.306559966240107), (3, 14.780238342994972), (12, 15.67832830542738), (8, 13.569478829162291), (6, 17.30784487320527), (11, 18.225074953425544), (16, 9.426130113977004), (20, 19.478178467632112), (24, 11.610201361956513), (21, 8.674225520476854), (19, 11.093795322152651), (23, 14.153791217118638), (15, 20.471337306408106)]
Atom 1: [(3, 15.032258236943127), (16, 15.302439541117728), (17, 15.9344068858318), (8, 11.528842570912312), (5, 8.358177362960449), (4, 14.656916649296223), (2, 1.7652052825301419), (0, 14.751327141397462), (12, 10.236309242463285), (14, 9.918598551854888), (18, 19.059560927950926), (13, 12.361540259315984), (10, 11.168264323183852), (7, 10.004056744682638), (11, 7.251696829680695), (6, 7.904638735723536), (22, 11.693103469976), (9, 5.1874861168620034), (20, 19.369802329674766), (24, 20.333218111271368), (21, 17.830378321911507), (19, 17.988008367167065), (23, 20.657557236227294), (15, 9.280244666929649)]
Atom 2: [(11, 8.33201000627895), (13, 12.471621015130838), (18, 18.09119818881448), (17, 16.65525648759099), (10, 11.868095530725583), (0, 15.897689523191104), (12, 11.822037950969657), (3, 14.525354093705344), (9, 4.635374514347886), (14, 10.095414858096287), (22, 13.272687275011515), (8, 11.018379396885964), (7, 9.034627460740674), (6, 6.515490635717781), (1, 1.758785584536789), (5, 7.822542504045144), (4, 15.847519525164294), (16, 17.00278344362171), (24, 20.561017072710133), (21, 18.224451600230257), (19, 18.11600526430519), (23, 20.61329948912838), (15, 10.116709780383612)]
Atom 3: [(6, 9.887180982972726), (14, 24.578239587807595), (8, 3.4711603537501223), (13, 26.932105137267158), (1, 14.973630424912622), (18, 6.310030045855299), (9, 9.889160976747869), (5, 6.676467422006053), (11, 22.069099717107544), (22, 24.680371085980163), (16, 22.44104845823407), (2, 14.48714268087923), (0, 14.605851752986055), (17, 11.790197348990649), (10, 26.099874625216227), (7, 6.377935938727905), (12, 23.291144045900577), (4, 14.82327034137365), (21, 8.913191777389704), (19, 6.675689736513614), (23, 7.431034067933986), (15, 24.188996857931738)]
Atom 4: [(0, 1.1399308301027922), (2, 15.724288270494682), (14, 22.809294897940067), (8, 13.809177465246494), (5, 13.405838943584856), (7, 15.969171981885388), (13, 25.146115299725047), (9, 13.636934059560621), (10, 22.049878584004777), (6, 17.401221830688602), (18, 21.26694057114484), (3, 14.965982765688699), (1, 14.513539257102593), (17, 4.456813153645425), (22, 15.982195452987813), (11, 17.817167392685963), (12, 15.18570130711996), (16, 8.955494797504421), (21, 9.230623959375563), (19, 11.602654044238019), (23, 14.693801549221646), (15, 20.080039449555702)]
Atom 5: [(1, 8.287736654984794), (8, 3.2690826191394513), (3, 6.738534200335984), (14, 17.85906893954609), (10, 19.429884581088057), (16, 18.581526097475265), (13, 20.22442841082501), (22, 18.773822843140916), (6, 4.654896932901535), (4, 13.345112716264465), (12, 17.329659527635613), (18, 11.110892772403504), (0, 13.250286473412185), (9, 3.1515406632457457), (11, 15.47835508674734), (2, 7.7645177755370085), (7, 2.9940041262115766), (17, 12.144512237844683), (23, 13.165660328435951), (15, 17.54786174576051)]
Atom 6: [(13, 17.945204059524333), (22, 19.457569119271344), (7, 3.5438122871363977), (8, 6.820504936449885), (0, 17.287839222874183), (5, 4.639121661143115), (9, 4.179549753844105), (1, 7.888680802253723), (16, 21.37753442902762), (10, 18.068753860959117), (4, 17.381043654371855), (12, 17.976653743652612), (18, 12.015983325688213), (11, 14.793521797461725), (17, 16.578705970125277), (2, 6.5017237169548645), (14, 15.782979824578845), (3, 9.88185362358769), (23, 17.019097519359995), (15, 16.443544233054737)]
Atom 7: [(22, 20.979470387723612), (13, 21.105477084058645), (18, 9.177398667599821), (3, 6.373475341745062), (0, 15.687684645594109), (6, 3.5459383326827862), (14, 18.844286334928178), (11, 17.142279091738516), (12, 19.505535122295896), (10, 20.785266279473888), (8, 3.51640735406223), (1, 9.955035447763837), (9, 4.9939544201505175), (4, 15.900646734187063), (16, 21.29355347213366), (5, 2.9275045251550393), (17, 14.295416313064377), (2, 8.99418567362257), (23, 13.539946335405999), (15, 19.017580633423062)]
Atom 8: [(18, 8.523442431159296), (4, 13.714009438648143), (9, 6.343764575026699), (10, 22.579791462648462), (2, 10.945788833973843), (3, 3.5455499289940198), (5, 3.193727815845447), (1, 11.44498510384581), (14, 21.03957415792674), (6, 6.803814816355481), (13, 23.399440759630554), (16, 20.210481970445272), (7, 3.522709811107236), (22, 21.501547859334277), (11, 18.582646603785285), (12, 20.08294071934121), (0, 13.476460192117536), (17, 11.478111820358578), (15, 20.680952021733678)]
Atom 9: [(3, 9.959493255384949), (4, 13.644901728751927), (6, 4.200416514524592), (16, 17.296727816209753), (14, 14.653270889833092), (22, 16.128550866738824), (11, 12.35652532254584), (18, 14.011331087528626), (0, 13.690695010625518), (5, 3.2220884078817074), (12, 14.664931870048092), (2, 4.565781479189145), (1, 5.1169442865787955), (10, 16.242153799592415), (17, 13.484145719149781), (8, 6.414079353350686), (13, 17.029966888189616), (7, 5.05479672354267), (15, 14.381860050736567)]
Atom 10: [(14, 3.6426162488115854), (22, 8.696997134266697), (6, 18.06795529101278), (12, 8.316938153709012), (5, 19.472577362996123), (9, 16.28069245286153), (16, 18.02883580896536), (7, 20.807301762495406), (0, 22.592052204000012), (11, 4.544375281697955), (18, 29.9329424822389), (3, 26.149178941903887), (17, 25.006271709879787), (1, 11.215111661569349), (2, 11.888998888755616), (4, 22.19783563692763), (8, 22.626285699868642), (13, 4.239245064409976), (15, 2.1623303350687837)]
Atom 11: [(6, 14.815300249195943), (17, 20.67786502887121), (5, 15.54961893545211), (10, 4.403823547565893), (22, 6.716834579440051), (2, 8.359266411785567), (7, 17.192539668738153), (0, 18.388931067189898), (13, 7.3142681571690416), (18, 26.340105101066523), (3, 22.151697748243258), (8, 18.660474298934844), (14, 5.24465559384996), (1, 7.308793101661388), (9, 12.41881789669639), (16, 14.701858663253732), (4, 17.982435170958993), (12, 5.699854560752351), (15, 2.265440768298478)]
Atom 12: [(6, 17.996764441747295), (2, 11.81363091887498), (11, 5.553201764076945), (4, 15.385297582769079), (22, 1.4744335606240755), (16, 9.968570388861867), (18, 28.46973966888876), (1, 10.241324222724081), (0, 15.87722153370363), (8, 20.172820355183415), (10, 8.111396195114832), (7, 19.561996506873285), (5, 17.4023695777103), (9, 14.714267133490951), (17, 18.9452375194496), (14, 10.473293539675314), (3, 23.394413565114355), (13, 12.097127737284179), (15, 6.534032239068221)]
Atom 13: [(11, 8.910392984257811), (15, 7.448208245289911), (7, 21.292817054947122), (9, 17.517856498007514), (10, 6.0771529881875965), (12, 13.866041530729058), (6, 17.973267679578054), (18, 29.94408761542401), (17, 28.548100430783023), (1, 12.388356306505353), (8, 23.7998045385123), (0, 26.824960181867645), (5, 20.6807164922252), (4, 26.505924831012656), (16, 23.552823843956112), (3, 27.271146066802757), (14, 2.4586858452278455), (2, 12.302547193885152), (20, 30.84667359893834), (21, 30.749182711663124), (19, 30.984805433551756), (22, 13.457308435019655), (23, 33.259859679854664), (24, 32.739978230467266)]
Atom 14: [(11, 7.63549129203171), (10, 5.890029268718136), (15, 6.626152239085152), (12, 12.931859413028299), (1, 9.908642469431548), (4, 24.70144595645097), (17, 26.559076901761216), (6, 15.805383123622187), (9, 15.34515372303644), (8, 21.599847009402644), (18, 27.77921405950586), (0, 25.024528280155955), (16, 22.260922004902334), (3, 25.058441391028495), (2, 9.82643554505063), (13, 2.1085166541050295), (7, 19.095945891705526), (5, 18.466984414780388), (20, 28.645189129746505), (21, 28.742258766982427), (19, 28.869655765231215), (22, 11.963628453378773), (23, 30.837116805690517), (24, 30.283802419139192)]
Atom 15: [(4, 20.080039449555702), (18, 28.173187404091777), (13, 5.621252537803962), (12, 6.534032239068221), (9, 14.381860050736567), (3, 24.188996857931738), (17, 22.84891828857017), (6, 16.443544233054737), (7, 19.017580633423062), (5, 17.54786174576051), (10, 2.1623303350687837), (14, 4.036765258171868), (22, 7.386418242274463), (2, 10.116709780383612), (0, 20.471337306408106), (11, 2.265440768298478), (1, 9.280244666929649), (16, 16.272996532352806), (8, 20.680952021733678)]
Atom 16: [(22, 9.767687115342861), (6, 21.398285305038588), (11, 14.52961661928397), (5, 18.663947158774704), (17, 13.405564895912763), (9, 17.325720412766962), (4, 9.222200626472823), (10, 17.84509448193367), (2, 16.97568921455556), (14, 19.93655116138699), (0, 9.651051684350204), (8, 20.318577867534955), (3, 22.600793911792316), (13, 21.826037852527097), (12, 9.759362369551816), (1, 15.26891117157113), (7, 21.364742567250264), (18, 28.564045324010014), (24, 21.127452600259677), (21, 18.139002909592534), (19, 20.340235317270878), (23, 23.50362803877352), (15, 16.272996532352806)]
Atom 17: [(3, 11.970260211209043), (10, 24.877749315887485), (13, 27.508030739896714), (7, 14.355758114295522), (14, 25.082507507801438), (9, 13.453996313161266), (2, 16.65926286696557), (8, 11.552703038398597), (18, 17.974931346246084), (5, 12.180893908283858), (0, 3.914038976844545), (6, 16.5967582598629), (4, 4.199080106950261), (16, 13.180603974766134), (11, 20.52606565388623), (22, 19.732244873810092), (1, 15.836327260233409), (12, 18.760319667946177), (20, 16.35954060910536), (24, 7.736066172769174), (21, 4.804400998376697), (19, 7.337592992692962), (23, 10.327345402332625), (15, 22.84891828857017)]
Atom 18: [(15, 27.192819641233125), (3, 3.2158732910892294), (13, 30.01139539599682), (12, 26.523191163779487), (7, 8.828979643728676), (5, 9.795531312909036), (6, 12.330711224681531), (9, 12.931774275948513), (21, 10.286631462945383), (10, 29.198160390754413), (4, 17.50499039069258), (16, 25.411415609865223), (8, 6.567764472751751), (11, 25.174207546016742), (1, 19.15250149084161), (17, 13.996928392984163), (0, 17.02777769513404), (14, 27.908157615694293), (2, 18.60060011365649), (20, 2.1903408393125243), (19, 7.777781177055762), (22, 29.5888244264402), (23, 10.276539964974138), (24, 13.668480122881064)]
Atom 19: [(16, 20.340235317270878), (8, 8.602678335153831), (10, 28.6063426044099), (12, 23.961756491121548), (17, 7.337592992692962), (22, 25.16355313119248), (2, 18.11600526430519), (11, 24.279091164976222), (18, 11.873423172617764), (5, 11.037540554122156), (7, 12.024563391277196), (6, 15.294280149247355), (9, 13.740917762860859), (13, 30.33755499095194), (3, 6.675689736513614), (4, 11.602654044238019), (0, 11.093795322152651), (14, 27.88719108108603), (1, 17.988008367167065)]
Atom 20: [(14, 28.49344137887817), (22, 29.65098852364052), (10, 30.37860353687539), (2, 18.57983267489404), (8, 8.114851800093632), (5, 11.09403099923414), (16, 27.490863165565024), (7, 9.624663016306087), (3, 5.102336205187179), (18, 2.3759592978816113), (12, 28.229372432665205), (17, 16.35954060910536), (1, 19.369802329674766), (13, 30.740092608412553), (9, 14.206965694523069), (0, 19.478178467632112), (11, 26.57504598303366), (4, 19.765446612847203), (6, 12.873046133670403)]
Atom 21: [(6, 16.36965611092045), (17, 4.804400998376697), (0, 8.674225520476854), (3, 8.913191777389704), (8, 10.070283920125744), (22, 23.750088457790294), (13, 30.056719757050534), (10, 27.944971871478604), (18, 14.530079115313258), (16, 18.139002909592534), (4, 9.230623959375563), (12, 22.64180185088627), (5, 11.918190739059765), (9, 14.18226690868497), (1, 17.830378321911507), (2, 18.224451600230257), (11, 23.577079387470178), (7, 13.385972135392098), (14, 27.598361071907636)]
Atom 22: [(0, 17.417452172241095), (15, 6.534439142363262), (1, 11.736054058898423), (9, 16.358828775978534), (14, 11.382342661609643), (10, 7.898407991871804), (4, 16.8524019140528), (17, 20.466633121198996), (2, 13.297878209075769), (12, 1.7307556688231427), (3, 25.124945575420416), (16, 10.820945197760237), (6, 19.533905662658153), (11, 6.225526919217653), (18, 29.842690792119964), (5, 19.089581776646746), (13, 12.80472226420005), (7, 21.218612361193163), (8, 21.87335961412574), (20, 29.950472065199435), (21, 24.273688860677023), (19, 25.67219300666453), (23, 28.766234865679035), (24, 26.938218659358583)]
Atom 23: [(17, 10.327345402332625), (0, 14.153791217118638), (14, 30.553321270123043), (6, 17.019097519359995), (9, 16.09404302428216), (16, 23.50362803877352), (11, 27.182911214294922), (2, 20.61329948912838), (3, 7.431034067933986), (22, 28.309402027858113), (7, 13.539946335405999), (13, 32.98786294488481), (5, 13.165660328435951), (8, 10.26462499144549), (1, 20.657557236227294), (12, 27.085351746904973), (18, 11.042868304215972), (4, 14.693801549221646), (10, 31.46609714998037)]
Atom 24: [(9, 16.280474441970284), (5, 13.662390199720141), (0, 11.610201361956513), (1, 20.333218111271368), (3, 9.32295025012958), (12, 25.63493536477441), (13, 32.64667672124883), (17, 7.736066172769174), (22, 26.764673623942656), (10, 30.71744392765454), (18, 13.84217799681969), (16, 21.127452600259677), (11, 26.36742110228473), (7, 14.655900644120251), (6, 17.92734784932634), (4, 11.92622318390687), (8, 11.266817491979939), (2, 20.561017072710133), (14, 30.189750649815704)]
New position of object Informational Sign:1: (12.283318739367214, -6.47743025227112, 0.7963712121326014)
New position of object Pedestrian:2: (-0.8509842851860547, -0.030443903177332032, -0.07046400574247835)
New position of object Trash Can:1: (14.509913115986482, -3.484871944757927, 0.022767783876384284)
New position of object Service Vehicle:1: (13.39268829771434, 12.761949918101665, 0.18038508232378297)
New position of object Pedestrian:1: (-1.1655610248619368, 1.6685334958329108, 0.12209739282039273)
New position of object Railing:2: (5.92584115612096, -13.604647914364353, -0.3629246535589876)
New position of object Bike:2: (19.180972180684076, 2.6918701844658184, -0.17585311193888886)
New position of object Bollard:4: (11.668991189490196, 8.029140830560417, -0.4842511673721116)
New position of object Railing:1: (11.79881937643496, -6.927400142924824, -0.13083031794064548)
New position of object Bike:1: (16.877873622068957, 0.69755421685241, -0.10766669887649782)
New position of object Bollard:7: (16.678680555858346, 3.6194096386910495, -0.46662570641807033)
New position of object Bollard:1: (5.716091823141724, 4.892112279219543, -0.4986437548321405)
New position of object Fence:1: (1.937869156463666, 7.304172255214301, 0.6167650456807728)
New position of object Fence:2: (5.469303438923323, 7.5732256158243185, 0.6077094681197505)
New position of object Bollard:8: (18.815822936226812, 6.004903874612371, -0.43512199808814933)
New position of object Bollard:3: (8.496223950460621, 6.344376532328885, -0.4656075333290379)
New position of object Bollard:2: (2.892578955822721, 3.347334677497871, -0.43496842501746147)
New position of object Fence:5: (-10.2995341765918, -5.946889086191977, 1.53855609461131)
New position of object Fence:8: (-6.088607767914109, -5.160324324783993, 0.6413750984028537)
New position of object Fence:9: (-3.265065003702315, -9.9212040271609, 1.086346105133877)
New position of object Fence:4: (-8.193067900482603, -5.642163366865461, 1.316695662949297)

After Updating position of all the atoms:
Atom 0: [(9, 13.62417772541766), (14, 23.04728904748764), (13, 25.397279654675096), (5, 13.209568562985202), (8, 13.463850417192912), (7, 15.653880969534526), (12, 15.75585369306201), (6, 17.23229492466254), (22, 16.387082258098776), (17, 4.001702402083299), (3, 14.622234214339551), (4, 1.098506784715289), (18, 20.893912213807084), (11, 18.2710725178126), (16, 9.558859628411609), (1, 14.653591580050797), (10, 22.47254660775055), (2, 15.806122697287682), (20, 19.281179659689847), (24, 11.515160165276505), (21, 8.567824767516198), (19, 11.084247493531604), (23, 14.142095030934007), (15, 20.500019954346218)]
Atom 1: [(12, 10.239144563993577), (13, 12.357669498574946), (8, 11.449515692261008), (9, 5.121005839011048), (0, 14.656908003434399), (18, 19.06410150138548), (7, 9.960377481570099), (10, 11.211742268507972), (3, 14.978215922046994), (14, 9.914818373537903), (2, 1.7614678191910473), (5, 8.292052843762765), (16, 15.268375503043428), (22, 11.690694474257027), (4, 14.516024207513132), (17, 15.839997750782517), (6, 7.893435467686001), (11, 7.30506011075138), (20, 19.14655252499909), (24, 20.216364181177617), (21, 17.743837465407022), (19, 17.909983931023486), (23, 20.57526924573455), (15, 9.34461337346748)]
Atom 2: [(7, 8.94159236871959), (11, 8.398694323234222), (12, 11.82113693613657), (13, 12.541886989932198), (4, 15.65641609226972), (16, 16.936958232285075), (18, 18.040457958060696), (1, 1.738551874322192), (10, 11.944656991407271), (14, 10.163800917817795), (3, 14.420329456797107), (0, 15.737971199666342), (9, 4.4957111986963625), (6, 6.470578206135061), (17, 16.501149764387076), (5, 7.696517629374645), (22, 13.2801344436899), (8, 10.87850917271545), (24, 20.37443019978657), (21, 18.0710023561536), (19, 17.960219102323244), (23, 20.4541024372133), (15, 10.21073976419723)]
Atom 3: [(2, 14.337039959000188), (22, 24.600550900505652), (8, 3.4646948809656553), (6, 9.802610718249161), (11, 22.06777925989323), (14, 24.494385818446567), (5, 6.65832646881552), (10, 26.063155065489653), (16, 22.383460587871053), (13, 26.848659356000184), (9, 9.87859091102614), (1, 14.895566849969923), (17, 11.870147252648827), (12, 23.313284796641323), (4, 14.922717668067195), (18, 6.349561137343657), (7, 6.290579764634555), (0, 14.575938961132842), (21, 9.001468454238019), (19, 6.674056292010248), (23, 7.428132534174568), (15, 24.179523552745415)]
Atom 4: [(2, 15.557287897905878), (9, 13.581254657454327), (1, 14.407955515693429), (11, 17.841349734926794), (10, 22.05321172385706), (18, 21.30535956605436), (17, 4.384589152553689), (8, 13.719152991348578), (14, 22.674343360095623), (5, 13.315446292930682), (22, 15.830688687051323), (16, 8.895581979730323), (0, 1.1388218528579603), (3, 14.961279341903921), (13, 25.009099983900704), (6, 17.329807200826984), (12, 15.233902052278857), (7, 15.877520826087615), (21, 9.16172787044162), (19, 11.625876321506022), (23, 14.716501608288134), (15, 20.085385779936246)]
Atom 5: [(14, 17.78747408631418), (13, 20.153674752062383), (12, 17.331567153332017), (2, 7.62456068672329), (7, 2.955447176889776), (10, 19.397974132417644), (1, 8.218356641017333), (4, 13.297959810030095), (16, 18.498447289329054), (22, 18.703952573627067), (9, 3.1504707740675415), (17, 12.156357497702823), (11, 15.47530979616825), (0, 13.193635985172333), (6, 4.611565870615558), (3, 6.728905270872347), (8, 3.264216679158921), (18, 11.179442788381321), (23, 13.147064135520381), (15, 17.54226737929689)]
Atom 6: [(10, 18.04844571131308), (9, 4.193719865636532), (13, 17.925008567236542), (1, 7.876965245515637), (22, 19.44226579825871), (17, 16.577472570212855), (8, 6.818638242355605), (0, 17.23348929038328), (12, 17.981370061600934), (18, 12.036031078948676), (5, 4.619213855090209), (4, 17.330172849453508), (16, 21.308272418491047), (14, 15.76285110847232), (2, 6.45262731012654), (11, 14.796873432231317), (7, 3.5637119186276442), (3, 9.820007747364514), (23, 16.960539156214992), (15, 16.4539780770587)]
Atom 7: [(2, 8.895090475783011), (9, 5.003934734154828), (22, 20.92676179900707), (11, 17.143415995753635), (14, 18.802446031710087), (5, 2.910891733514175), (13, 21.065252327734864), (0, 15.616892395479397), (12, 19.509394696118513), (1, 9.910688489220759), (4, 15.839077006382256), (16, 21.2050202675229), (17, 14.29532447222967), (18, 9.226066831418205), (8, 3.521808288905361), (6, 3.5416803646958117), (3, 6.311605573625509), (10, 20.761098245267952), (23, 13.47875043328474), (15, 19.02129222750331)]
Atom 8: [(1, 11.320988286933357), (3, 3.5923850404355693), (18, 8.623643048392147), (10, 22.496612587880858), (9, 6.286223423293359), (17, 11.533303666093772), (16, 20.114198663083737), (11, 18.53236205325451), (14, 20.910942177613723), (13, 23.27133452971237), (12, 20.05387944042276), (0, 13.428827443815605), (2, 10.74983693325331), (7, 3.438651950804531), (22, 21.384332082523613), (4, 13.680616523001376), (5, 3.1367654515664913), (6, 6.7160074325006756), (15, 20.624892870616367)]
Atom 9: [(22, 16.077916437501123), (16, 17.221369970927515), (3, 9.947218170866488), (11, 12.353979115402035), (7, 5.058145952152498), (13, 16.96108437251302), (12, 14.662613692446595), (6, 4.204066806178035), (14, 14.58431930536801), (8, 6.354843496145082), (1, 5.055345423526598), (17, 13.485214968810705), (0, 13.646545237146317), (4, 13.600874753041811), (18, 14.072246253396965), (10, 16.213207535575144), (2, 4.426872014842342), (5, 3.2191019397223113), (15, 14.379532968403275)]
Atom 10: [(8, 22.547115246151762), (17, 24.977346087422813), (5, 19.445678439933786), (4, 22.182999857579205), (13, 4.081969468912275), (0, 22.60127337458054), (11, 4.506286930404759), (16, 18.042164614965632), (6, 18.060851744795354), (18, 29.957869196232867), (2, 11.976246569489783), (7, 20.7922152918397), (22, 8.856691330345257), (12, 8.26938785973537), (9, 16.25759032875219), (3, 26.115843241474685), (1, 11.263585767300892), (14, 3.5369641505557956), (15, 2.13992522942781)]
Atom 11: [(7, 17.196794437620245), (0, 18.41973060086491), (10, 4.3767018499259915), (6, 14.825269389291146), (4, 17.991078566792048), (18, 26.393585672499196), (17, 20.675804175214306), (12, 5.678726867422916), (22, 6.827783343166388), (5, 15.546769989239408), (1, 7.365805305395882), (3, 22.1486195124268), (14, 5.090662442855236), (16, 14.71944977998775), (8, 18.609160878769345), (9, 12.417749073247663), (13, 7.158306935580851), (2, 8.43441389214403), (15, 2.2620740874125937)]
Atom 12: [(16, 10.007042552165753), (6, 18.00012828609378), (18, 28.535406713565795), (7, 19.559482448551307), (9, 14.706634434463671), (22, 1.4872394271992029), (17, 18.934292082774952), (14, 10.319862166700691), (3, 23.403155571096754), (5, 17.395623323049943), (13, 11.92803396308884), (0, 15.92783413628289), (1, 10.24661559629916), (8, 20.1322027830167), (11, 5.553050376024734), (4, 15.406654171503275), (2, 11.817770872218478), (10, 8.092183244892844), (15, 6.530579028074181)]
Atom 13: [(11, 8.910392984257811), (15, 7.448208245289911), (7, 21.292817054947122), (9, 17.517856498007514), (10, 6.0771529881875965), (12, 13.866041530729058), (6, 17.973267679578054), (18, 29.94408761542401), (17, 28.548100430783023), (1, 12.388356306505353), (8, 23.7998045385123), (0, 26.824960181867645), (5, 20.6807164922252), (4, 26.505924831012656), (16, 23.552823843956112), (3, 27.271146066802757), (14, 2.4586858452278455), (2, 12.302547193885152), (20, 30.84667359893834), (21, 30.749182711663124), (19, 30.984805433551756), (22, 13.457308435019655), (23, 33.259859679854664), (24, 32.739978230467266)]
Atom 14: [(11, 7.63549129203171), (10, 5.890029268718136), (15, 6.626152239085152), (12, 12.931859413028299), (1, 9.908642469431548), (4, 24.70144595645097), (17, 26.559076901761216), (6, 15.805383123622187), (9, 15.34515372303644), (8, 21.599847009402644), (18, 27.77921405950586), (0, 25.024528280155955), (16, 22.260922004902334), (3, 25.058441391028495), (2, 9.82643554505063), (13, 2.1085166541050295), (7, 19.095945891705526), (5, 18.466984414780388), (20, 28.645189129746505), (21, 28.742258766982427), (19, 28.869655765231215), (22, 11.963628453378773), (23, 30.837116805690517), (24, 30.283802419139192)]
Atom 15: [(14, 3.892429531471317), (2, 10.21073976419723), (18, 28.221400429069178), (1, 9.34461337346748), (5, 17.54226737929689), (7, 19.02129222750331), (10, 2.13992522942781), (4, 20.085385779936246), (22, 7.536649782855189), (11, 2.2620740874125937), (0, 20.500019954346218), (3, 24.179523552745415), (8, 20.624892870616367), (16, 16.29619211734533), (6, 16.4539780770587), (17, 22.841924233091582), (12, 6.530579028074181), (13, 5.458864874915697), (9, 14.379532968403275)]
Atom 16: [(17, 13.27572656179194), (1, 15.174646975458543), (0, 9.620744239846623), (9, 17.238105458601115), (13, 21.687846842358784), (7, 21.2543699033588), (14, 19.801634461122504), (12, 9.825843583917921), (3, 22.442769865539443), (5, 18.545095735011735), (11, 14.567672030671927), (2, 16.84616578532689), (10, 17.88749251169827), (4, 9.020182061458636), (18, 28.556995192425596), (8, 20.19379994087883), (22, 9.623680291448853), (6, 21.316130270220132), (24, 21.00737956970167), (21, 18.01569198118099), (19, 20.305232519128502), (23, 23.46681410231432), (15, 16.29619211734533)]
Atom 17: [(6, 16.572003903570046), (10, 24.861842860351224), (13, 27.381557005695118), (16, 13.21435360073384), (5, 12.150236938005522), (11, 20.536337438701064), (4, 4.266485088222015), (22, 19.555517028275545), (3, 11.898743243477742), (14, 24.958319060964826), (18, 18.09498836296999), (1, 15.744806579644065), (0, 3.8094080913008703), (9, 13.44565159357972), (2, 16.576075266359027), (7, 14.322546061235167), (8, 11.534058002706638), (12, 18.773767756366922), (20, 16.28595269398832), (24, 7.746637101160446), (21, 4.8080077693344005), (19, 7.444049638034612), (23, 10.43102907360414), (15, 22.841924233091582)]
Atom 18: [(15, 27.192819641233125), (3, 3.2158732910892294), (13, 30.01139539599682), (12, 26.523191163779487), (7, 8.828979643728676), (5, 9.795531312909036), (6, 12.330711224681531), (9, 12.931774275948513), (21, 10.286631462945383), (10, 29.198160390754413), (4, 17.50499039069258), (16, 25.411415609865223), (8, 6.567764472751751), (11, 25.174207546016742), (1, 19.15250149084161), (17, 13.996928392984163), (0, 17.02777769513404), (14, 27.908157615694293), (2, 18.60060011365649), (20, 2.1903408393125243), (19, 7.777781177055762), (22, 29.5888244264402), (23, 10.276539964974138), (24, 13.668480122881064)]
Atom 19: [(13, 30.253829261357275), (18, 11.883066179425482), (4, 11.625876321506022), (22, 25.074420032117104), (1, 17.909983931023486), (10, 28.60883239958321), (8, 8.541601498093332), (2, 17.960219102323244), (14, 27.80321477101398), (6, 15.21942325072689), (7, 11.934444001321165), (0, 11.084247493531604), (11, 24.312914400404868), (17, 7.444049638034612), (5, 10.98711448214257), (16, 20.305232519128502), (9, 13.725519476845506), (12, 24.024182112576856), (3, 6.674056292010248)]
Atom 20: [(16, 27.405684286157452), (0, 19.281179659689847), (11, 26.408725076925187), (2, 18.360790972452417), (6, 12.676118736387593), (13, 30.529704915260346), (8, 7.982076416425855), (5, 10.9445163427186), (22, 29.40644928029675), (14, 28.27895945959392), (3, 5.028129130854544), (10, 30.181340176161157), (4, 19.7059964259147), (7, 9.438593002889265), (17, 16.28595269398832), (9, 14.050974881527411), (12, 28.076994974704775), (1, 19.14655252499909), (18, 2.44086926670117)]
Atom 21: [(14, 27.494020662212993), (9, 14.181605349534037), (0, 8.567824767516198), (2, 18.0710023561536), (16, 18.01569198118099), (4, 9.16172787044162), (18, 14.651943356845901), (10, 27.9273983717562), (1, 17.743837465407022), (22, 23.591931397608153), (3, 9.001468454238019), (5, 11.896317125747235), (13, 29.952155037362854), (7, 13.349892713021283), (12, 22.65589218679106), (6, 16.340799920225017), (8, 10.060215921361069), (17, 4.8080077693344005), (11, 23.587949977772226)]
Atom 22: [(0, 17.417452172241095), (15, 6.534439142363262), (1, 11.736054058898423), (9, 16.358828775978534), (14, 11.382342661609643), (10, 7.898407991871804), (4, 16.8524019140528), (17, 20.466633121198996), (2, 13.297878209075769), (12, 1.7307556688231427), (3, 25.124945575420416), (16, 10.820945197760237), (6, 19.533905662658153), (11, 6.225526919217653), (18, 29.842690792119964), (5, 19.089581776646746), (13, 12.80472226420005), (7, 21.218612361193163), (8, 21.87335961412574), (20, 29.950472065199435), (21, 24.273688860677023), (19, 25.67219300666453), (23, 28.766234865679035), (24, 26.938218659358583)]
Atom 23: [(8, 10.218158037452087), (10, 31.45595298850259), (7, 13.47875043328474), (12, 27.13943159392517), (0, 14.142095030934007), (3, 7.428132534174568), (4, 14.716501608288134), (13, 32.900072020672766), (2, 20.4541024372133), (17, 10.43102907360414), (16, 23.46681410231432), (6, 16.960539156214992), (14, 30.465167100898622), (11, 27.206045988847663), (9, 16.076960423144595), (18, 11.032098152608581), (1, 20.57526924573455), (5, 13.147064135520381), (22, 28.216161021574212)]
Atom 24: [(3, 9.192256697474093), (13, 32.51965132546618), (5, 13.601205672945772), (17, 7.746637101160446), (11, 26.35335176463675), (4, 12.00648242917065), (6, 17.853569999811764), (1, 20.216364181177617), (14, 30.062357777014963), (0, 11.515160165276505), (22, 26.597538928797793), (9, 16.242157168567054), (8, 11.214224086292981), (10, 30.674848201122213), (18, 13.911909889331131), (7, 14.575584951440034), (2, 20.37443019978657), (12, 25.63526128968579), (16, 21.00737956970167)]
New position of object Informational Sign:1: (12.1381756863572, -6.509570417390233, 0.9122190583396914)
New position of object Pedestrian:2: (-0.8614800617742233, -0.03177546313530755, -0.06839385450640334)
New position of object Trash Can:1: (14.410129412754095, -3.4848403974740876, 0.017634606112294227)
New position of object Service Vehicle:1: (13.350580227180345, 12.816676438625352, 0.18050616424625832)
New position of object Pedestrian:1: (-1.18443921096312, 1.6551420875127025, 0.11048394050008398)
New position of object Railing:2: (5.834147446678266, -13.601961890844727, -0.2622514527354924)
New position of object Bike:2: (19.07717507806263, 2.6977569049679584, -0.1639575646699411)
New position of object Bollard:4: (11.553035917894675, 8.044145216600539, -0.47121326324773066)
New position of object Railing:1: (11.707322971013753, -6.935288517375302, -0.1422853947140012)
New position of object Bike:1: (16.789527430137746, 0.6858986656241726, -0.10940506338119288)
New position of object Bollard:7: (16.59320388019546, 3.5386837588149778, -0.47835798688366)
New position of object Bollard:1: (5.6262152015846, 4.884497163497059, -0.5148540668926447)
New position of object Fence:1: (1.8464316689234863, 7.315783041806856, 0.611297242534477)
New position of object Fence:2: (5.376755460009608, 7.579817705262441, 0.6084208056622706)
New position of object Bollard:8: (18.707882207171025, 5.95608045151932, -0.43889172434061)
New position of object Bollard:3: (8.429310076288623, 6.3128645539225605, -0.47665880029000746)
New position of object Bollard:2: (2.8059781477992836, 3.3495724900010018, -0.43724130184220994)
New position of object Fence:5: (-10.381364016016443, -5.9395083406474285, 1.5209300178176821)
New position of object Fence:8: (-6.194322391335536, -5.152380050105098, 0.6372314763775807)
New position of object Fence:9: (-3.3671890455417604, -9.910235217019434, 1.0865839848257677)
New position of object Fence:4: (-8.295917982682731, -5.634795430983033, 1.313393507905031)

After Updating position of all the atoms:
Atom 0: [(3, 14.61315804111783), (6, 17.17419672072963), (10, 22.453501558940943), (9, 13.581404605879875), (7, 15.5849840313121), (16, 9.516260635860538), (8, 13.430791888399694), (2, 15.636338648904944), (5, 13.161765206002366), (13, 25.25809623664046), (4, 1.1737531196904878), (1, 14.548643344241832), (11, 18.27866123538444), (12, 15.777496248506834), (17, 3.945258274827278), (22, 16.23805852193721), (14, 22.91012740398563), (18, 20.928475291460426), (20, 19.378058366865435), (24, 11.579410395311344), (21, 8.628647878727492), (19, 11.079187367141207), (23, 14.15552880334197), (15, 20.456743540723327)]
Atom 1: [(22, 11.686977315369695), (17, 15.754742586948716), (14, 9.904177069201008), (5, 8.227650781193827), (4, 14.416543271589351), (2, 1.7377579530441103), (7, 9.918264810265326), (0, 14.557282669651554), (10, 11.253787042007904), (12, 10.242628679710048), (16, 15.178186462282412), (13, 12.347014653015075), (6, 7.881746487328402), (3, 14.905167512557421), (9, 5.064160479869915), (18, 19.072008661309376), (8, 11.33047736666474), (11, 7.357217507259599), (20, 19.16056693180219), (24, 20.124846537466222), (21, 17.66563906440626), (19, 17.820837274367893), (23, 20.468307862142243), (15, 9.411378022099775)]
Atom 2: [(14, 10.141960978019547), (7, 8.91870153802154), (12, 11.802249786396404), (4, 15.56545107781385), (10, 11.954715566493205), (1, 1.7268441447552472), (6, 6.474308606667514), (11, 8.41328099338602), (3, 14.359395630882487), (17, 16.420067341661323), (8, 10.77200261370261), (9, 4.4478209470426275), (22, 13.264628127903494), (13, 12.520237431576465), (0, 15.646001955426089), (18, 18.063002574009808), (5, 7.646328604229838), (16, 16.84165649503805), (24, 20.29027790333562), (21, 18.001423854804063), (19, 17.886840355959897), (23, 20.359379554261015), (15, 10.254916419529941)]
Atom 3: [(12, 23.34000598883785), (22, 24.541064557358105), (13, 26.74822810629588), (18, 6.334616824588288), (2, 14.261872432419704), (17, 11.887786369517478), (11, 22.064076247803104), (16, 22.389803556339146), (9, 9.85214990346903), (14, 24.39566615295254), (5, 6.6337003576793085), (7, 6.1965829621128785), (6, 9.704776588588185), (1, 14.815632464086649), (10, 26.025430514559226), (8, 3.497619820461704), (4, 14.977431038408202), (0, 14.631025674644842), (21, 9.038558559650978), (19, 6.760364419383786), (23, 7.453380747568351), (15, 24.171868142843355)]
Atom 4: [(6, 17.285272011160508), (12, 15.31658018160121), (5, 13.263078509582549), (0, 1.2160796045011968), (14, 22.586751721610252), (22, 15.741762676560068), (11, 17.90139023981576), (1, 14.340110255043246), (8, 13.666206421587916), (17, 4.385923995728517), (7, 15.81051429683019), (3, 14.983839061736871), (9, 13.546871047489805), (2, 15.493770440756832), (16, 8.885556620902083), (10, 22.093074097167158), (18, 21.312628023728166), (13, 24.920707801188502), (21, 9.16036993569822), (19, 11.562390422759321), (23, 14.672532120458985), (15, 20.098256939021464)]
Atom 5: [(4, 13.29759424334552), (10, 19.36917434063224), (9, 3.1371989653645036), (2, 7.563385178439054), (11, 15.474895211949166), (0, 13.20102053243714), (13, 20.069125340604007), (6, 4.554040614001759), (22, 18.65522717554984), (14, 17.704053279089266), (3, 6.716582772698157), (1, 8.152254479027699), (16, 18.48935402514334), (7, 2.9178812316054152), (17, 12.144402178186725), (12, 17.344379303592135), (18, 11.233963797404659), (8, 3.2203452006320297), (23, 13.125702749403672), (15, 17.5449080443163)]
Atom 6: [(1, 7.860113352375704), (5, 4.633155657601975), (8, 6.806106955560181), (2, 6.440485095664101), (14, 15.698613836166851), (18, 12.10259746886123), (0, 17.23806680377307), (3, 9.79390149526452), (16, 21.312367712542716), (11, 14.785770543474696), (17, 16.578673137539173), (22, 19.428911725652934), (7, 3.632009005069196), (4, 17.346414749098223), (12, 17.98518259211964), (10, 18.007852933483655), (9, 4.235289649264994), (13, 17.8563307968728), (23, 16.948752232950632), (15, 16.464436777526675)]
Atom 7: [(3, 6.287101880436611), (12, 19.52422175651719), (18, 9.28338231422597), (4, 15.85332625871055), (5, 2.9306534126099515), (0, 15.630737491440973), (10, 20.726384273392792), (2, 8.85432085524614), (13, 20.988077192822864), (8, 3.5229157565364217), (14, 18.72785833677977), (22, 20.89392624806167), (1, 9.864583674472232), (9, 5.0173405874992945), (17, 14.296067019783951), (11, 17.13962831800594), (6, 3.5401848323645293), (16, 21.204600078027273), (23, 13.470424141562019), (15, 19.028005305917993)]
Atom 8: [(9, 6.281042671061342), (6, 6.747131388272544), (11, 18.537907146604283), (3, 3.571417858547753), (1, 11.257882509669995), (2, 10.698751821137597), (0, 13.420115663185861), (7, 3.4785999661228546), (17, 11.489540818573843), (14, 20.837808899635053), (16, 20.084350920804336), (5, 3.1462728993229057), (10, 22.475147550963616), (4, 13.651766695665428), (22, 21.321918049345715), (12, 20.06854193859667), (13, 23.198200179354924), (18, 8.67766484784499), (15, 20.63211380362156)]
Atom 9: [(22, 16.04677721040818), (3, 9.927295040084188), (8, 6.356454638652903), (2, 4.369728598790536), (5, 3.211814834972501), (11, 12.356998654575166), (7, 5.059375437076038), (6, 4.2131922179533445), (17, 13.474881750430145), (16, 17.220770848453864), (1, 5.001980821489959), (10, 16.18896001830357), (13, 16.88173742539294), (0, 13.6423477829416), (18, 14.124461909733904), (4, 13.605120528314563), (14, 14.506437789155484), (12, 14.672845426247301), (15, 14.388734720909872)]
Atom 10: [(14, 3.524477932600975), (13, 4.0229053910317445), (8, 22.537800745430758), (12, 8.166056291125269), (9, 16.248921531628206), (6, 18.05683163603936), (16, 18.023200119918737), (5, 19.430545653714482), (11, 4.450674195272613), (22, 8.924536247385872), (17, 24.95803354102382), (18, 30.011743329829144), (7, 20.782761587878475), (0, 22.534976552246768), (1, 11.316158739846987), (2, 12.010474559016332), (4, 22.173586910552928), (3, 26.0888693147516), (15, 2.1177833973780653)]
Atom 11: [(9, 12.427513771471043), (14, 4.997027954125378), (18, 26.45866295382437), (16, 14.727137857273236), (3, 22.143749813701515), (4, 18.007090709892644), (8, 18.61567113823166), (2, 8.468692348980914), (17, 20.68110303929149), (13, 7.056077186491958), (1, 7.42682339601812), (12, 5.614617967138017), (0, 18.384723811683788), (22, 6.87837539300175), (5, 15.549640326566292), (6, 14.836087399600085), (7, 17.20463694410386), (10, 4.3510701700531085), (15, 2.259783999004528)]
Atom 12: [(7, 19.559835294968373), (5, 17.3876401503144), (2, 11.80995852376598), (17, 18.933076953547687), (14, 10.241417672684157), (13, 11.839566046266013), (22, 1.496226235896673), (8, 20.11939575917974), (9, 14.705527434552948), (1, 10.256535400893918), (10, 8.071801466807289), (4, 15.414322572042229), (6, 18.003984100612723), (11, 5.5526377894727865), (18, 28.57954282991428), (16, 10.005638216271572), (3, 23.396572868281645), (0, 15.874862508892534), (15, 6.528644335510489)]
Atom 13: [(11, 8.910392984257811), (15, 7.448208245289911), (7, 21.292817054947122), (9, 17.517856498007514), (10, 6.0771529881875965), (12, 13.866041530729058), (6, 17.973267679578054), (18, 29.94408761542401), (17, 28.548100430783023), (1, 12.388356306505353), (8, 23.7998045385123), (0, 26.824960181867645), (5, 20.6807164922252), (4, 26.505924831012656), (16, 23.552823843956112), (3, 27.271146066802757), (14, 2.4586858452278455), (2, 12.302547193885152), (20, 30.84667359893834), (21, 30.749182711663124), (19, 30.984805433551756), (22, 13.457308435019655), (23, 33.259859679854664), (24, 32.739978230467266)]
Atom 14: [(11, 7.63549129203171), (10, 5.890029268718136), (15, 6.626152239085152), (12, 12.931859413028299), (1, 9.908642469431548), (4, 24.70144595645097), (17, 26.559076901761216), (6, 15.805383123622187), (9, 15.34515372303644), (8, 21.599847009402644), (18, 27.77921405950586), (0, 25.024528280155955), (16, 22.260922004902334), (3, 25.058441391028495), (2, 9.82643554505063), (13, 2.1085166541050295), (7, 19.095945891705526), (5, 18.466984414780388), (20, 28.645189129746505), (21, 28.742258766982427), (19, 28.869655765231215), (22, 11.963628453378773), (23, 30.837116805690517), (24, 30.283802419139192)]
Atom 15: [(12, 6.528644335510489), (9, 14.388734720909872), (8, 20.63211380362156), (16, 16.29776510688382), (18, 28.2883413039687), (22, 7.608661551423011), (1, 9.411378022099775), (10, 2.1177833973780653), (6, 16.464436777526675), (3, 24.171868142843355), (4, 20.098256939021464), (2, 10.254916419529941), (14, 3.8281497925092687), (0, 20.456743540723327), (5, 17.5449080443163), (7, 19.028005305917993), (17, 22.844384126115308), (13, 5.367287195327905), (11, 2.259783999004528)]
Atom 16: [(7, 21.19619091007634), (17, 13.26581886654636), (22, 9.521029290799705), (4, 8.952338089632997), (0, 9.561494121777448), (18, 28.57285317190627), (1, 15.133372663855395), (13, 21.601502789286425), (8, 20.124224742813734), (10, 17.948223594221172), (2, 16.798175857830586), (3, 22.405340665125163), (11, 14.636593785705049), (5, 18.49596166352476), (12, 9.90769201385078), (6, 21.284268825879384), (14, 19.718710976895625), (9, 17.20352610660206), (24, 21.001625540814935), (21, 18.005184583386615), (19, 20.238718602246223), (23, 23.41540665320116), (15, 16.29776510688382)]
Atom 17: [(3, 11.846412613453719), (13, 27.28202024418361), (12, 18.840950578493327), (6, 16.502091600888946), (18, 18.079257589160466), (8, 11.481346011483227), (4, 4.323447645161548), (9, 13.39915796932091), (0, 3.8872929874705417), (14, 24.85883258753686), (1, 15.657366134803759), (22, 19.464722047915274), (5, 12.084128810267496), (2, 16.406410563144775), (11, 20.576552786958892), (10, 24.878552221108883), (7, 14.23261681461162), (16, 13.2113010998415), (20, 16.336726195255046), (24, 7.748470840283795), (21, 4.803409032677522), (19, 7.37168327837525), (23, 10.383163383539419), (15, 22.844384126115308)]
Atom 18: [(15, 27.192819641233125), (3, 3.2158732910892294), (13, 30.01139539599682), (12, 26.523191163779487), (7, 8.828979643728676), (5, 9.795531312909036), (6, 12.330711224681531), (9, 12.931774275948513), (21, 10.286631462945383), (10, 29.198160390754413), (4, 17.50499039069258), (16, 25.411415609865223), (8, 6.567764472751751), (11, 25.174207546016742), (1, 19.15250149084161), (17, 13.996928392984163), (0, 17.02777769513404), (14, 27.908157615694293), (2, 18.60060011365649), (20, 2.1903408393125243), (19, 7.777781177055762), (22, 29.5888244264402), (23, 10.276539964974138), (24, 13.668480122881064)]
Atom 19: [(5, 10.961010308084266), (3, 6.760364419383786), (11, 24.31853456648086), (10, 28.587818993428648), (1, 17.820837274367893), (2, 17.886840355959897), (6, 15.170927260309028), (18, 11.92051263540147), (17, 7.37168327837525), (7, 11.88268620893914), (4, 11.562390422759321), (16, 20.238718602246223), (8, 8.569314937376431), (13, 30.153810132456076), (9, 13.702029792820602), (12, 24.040959239843605), (22, 24.958488207574966), (0, 11.079187367141207), (14, 27.702810118637604)]
Atom 20: [(18, 2.3743881648593006), (14, 28.27309516760305), (12, 28.176433779196493), (3, 5.11763042824604), (1, 19.16056693180219), (2, 18.303083333328185), (9, 14.12150958470021), (16, 27.45010834027697), (11, 26.4814460808075), (7, 9.475800916391826), (4, 19.807409022917778), (5, 11.024761898586448), (0, 19.378058366865435), (10, 30.21992061751633), (22, 29.4275243302682), (6, 12.681797907529274), (13, 30.521521604591637), (8, 8.116212407802536), (17, 16.336726195255046)]
Atom 21: [(16, 18.005184583386615), (6, 16.275767933094677), (0, 8.628647878727492), (8, 10.04610046603202), (12, 22.718431417677774), (5, 11.851781126244477), (13, 29.863161266994823), (14, 27.405029796872746), (18, 14.631424092719465), (11, 23.625220935374227), (17, 4.803409032677522), (2, 18.001423854804063), (22, 23.510331828414394), (1, 17.66563906440626), (10, 27.937911662686652), (7, 13.270154369166535), (3, 9.038558559650978), (4, 9.16036993569822), (9, 14.15324733216744)]
Atom 22: [(0, 17.417452172241095), (15, 6.534439142363262), (1, 11.736054058898423), (9, 16.358828775978534), (14, 11.382342661609643), (10, 7.898407991871804), (4, 16.8524019140528), (17, 20.466633121198996), (2, 13.297878209075769), (12, 1.7307556688231427), (3, 25.124945575420416), (16, 10.820945197760237), (6, 19.533905662658153), (11, 6.225526919217653), (18, 29.842690792119964), (5, 19.089581776646746), (13, 12.80472226420005), (7, 21.218612361193163), (8, 21.87335961412574), (20, 29.950472065199435), (21, 24.273688860677023), (19, 25.67219300666453), (23, 28.766234865679035), (24, 26.938218659358583)]
Atom 23: [(13, 32.783241713993334), (11, 27.195722947615067), (10, 31.416893368908276), (0, 14.15552880334197), (8, 10.21907294878864), (1, 20.468307862142243), (2, 20.359379554261015), (9, 16.029017026563437), (4, 14.672532120458985), (12, 27.15188615888823), (6, 16.948752232950632), (5, 13.125702749403672), (18, 10.999484370232304), (14, 30.34815474011527), (7, 13.470424141562019), (22, 28.10146998756957), (16, 23.41540665320116), (3, 7.453380747568351), (17, 10.383163383539419)]
Atom 24: [(9, 16.19989351227391), (1, 20.124846537466222), (14, 29.96079760078931), (12, 25.69001997166494), (11, 26.37640285487104), (18, 13.85102420879283), (6, 17.76469525906525), (16, 21.001625540814935), (10, 30.669520760928364), (5, 13.54421485724883), (22, 26.512300507981514), (17, 7.748470840283795), (7, 14.47549086239654), (4, 12.06727837295933), (2, 20.29027790333562), (8, 11.195773942651227), (0, 11.579410395311344), (3, 9.132766890756699), (13, 32.41802839026944)]
New position of object Informational Sign:1: (12.08885702409345, -6.477839459548349, 0.8158162671580399)
New position of object Pedestrian:2: (-0.8713121615858981, -0.02962857315652201, -0.0865966754094557)
New position of object Trash Can:1: (14.314012055113317, -3.4805470417194684, -0.009024456759710309)
New position of object Service Vehicle:1: (13.23996183085034, 12.799405800599638, 0.10379445124182221)
New position of object Pedestrian:1: (-1.2767379200823008, 1.6431284293634967, 0.10791529574913072)
New position of object Railing:2: (5.739198979021385, -13.60698057502502, -0.3001481306262809)
New position of object Bike:2: (19.003356591076795, 2.679994779179191, -0.21045615017549757)
New position of object Bollard:4: (11.50226423347253, 8.004369148566866, -0.512596160595697)
New position of object Railing:1: (11.624508058677101, -6.9353265983251795, -0.18667328051633947)
New position of object Bike:1: (16.702762315972976, 0.6733328877324674, -0.17499332750576524)
New position of object Bollard:7: (16.48368632022857, 3.592823415991825, -0.5343969182671294)
New position of object Bollard:1: (5.5219858258929975, 4.906359048167571, -0.5346965116668073)
New position of object Fence:1: (1.7529479246063282, 7.3290356301328465, 0.6075045995182963)
New position of object Fence:2: (5.289123705999945, 7.589500820339774, 0.612007251602779)
New position of object Bollard:8: (18.62415537256804, 5.961384553067264, -0.48178293613995127)
New position of object Bollard:3: (8.35749985602299, 6.3356194271318955, -0.49292681935081895)
New position of object Bollard:2: (2.7216914318963923, 3.355191834884785, -0.4440039340460492)
New position of object Fence:5: (-10.463959195468364, -5.934584822515291, 1.5067460468425882)
New position of object Fence:8: (-6.300012795858343, -5.144426111149411, 0.6326944603843302)
New position of object Fence:9: (-3.4691372894591765, -9.898860399927944, 1.0864529863459804)
New position of object Railing:6: (-4.678225139406475, -11.165468678341984, 0.9650068116408841)
New position of object Fence:4: (-8.399347944366976, -5.62596720969535, 1.3119636561658088)

After Updating position of all the atoms:
Atom 0: [(16, 9.541317640797098), (6, 17.18176728097416), (2, 15.582787795495106), (3, 14.588748685349533), (18, 20.89020897132054), (8, 13.36655845097695), (17, 3.8708452374081626), (1, 14.492922383794992), (4, 1.12817847375677), (7, 15.579250471296168), (10, 22.4877259718795), (22, 16.201390589617954), (11, 18.332031658011775), (14, 22.855848225767954), (9, 13.576450903285535), (13, 25.20484211997305), (5, 13.13922054002299), (12, 15.834898670326961), (20, 19.324704452135286), (24, 11.520827543210727), (21, 8.567910575853693), (19, 11.07049461140046), (23, 14.111278547034892), (15, 20.511908526300893)]
Atom 1: [(22, 11.688639337321417), (13, 12.339403798449535), (12, 10.258271878448294), (16, 15.139427824237249), (6, 7.86309476238293), (11, 7.423001265924555), (10, 11.31158287816493), (18, 19.076598079731795), (7, 9.870413920761866), (3, 14.822219075695145), (5, 8.157812083159948), (9, 5.006437405859507), (4, 14.349679518989813), (14, 9.89688549751092), (17, 15.66753999519128), (2, 1.7249178233384872), (0, 14.50378426741545), (8, 11.264144066015747), (20, 19.07218984368948), (24, 20.0589096889407), (21, 17.588350193420165), (19, 17.734673827701787), (23, 20.39906039097159), (15, 9.484002313512239)]
Atom 2: [(18, 18.13697924311668), (9, 4.458443398644963), (4, 15.563986472664826), (7, 8.931055899665717), (0, 15.65536238641046), (14, 10.053269466420295), (12, 11.781680264566527), (13, 12.430131647694417), (17, 16.411496276322772), (22, 13.238239254841405), (6, 6.495120631529095), (10, 11.932611086324282), (8, 10.786822055389061), (16, 16.826006448120708), (1, 1.7321434530823767), (5, 7.651475331568067), (3, 14.349616807844546), (11, 8.404864552478857), (24, 20.30907889557046), (21, 18.007858546201188), (19, 17.878661714932136), (23, 20.372546080449872), (15, 10.247978211435024)]
Atom 3: [(17, 11.834813482742648), (0, 14.554832079044589), (8, 3.507923394220917), (22, 24.48122913891397), (16, 22.367576805901326), (12, 23.336475045083024), (13, 26.687919735854027), (5, 6.652936083152712), (6, 9.74537786453805), (11, 22.08147031428928), (10, 26.028064344363788), (7, 6.2416969407703), (9, 9.863985095852883), (1, 14.759132351137131), (4, 14.945653225092387), (14, 24.335023072699727), (2, 14.28822291244314), (18, 6.376324090272599), (21, 8.994623318220166), (19, 6.654079728261228), (23, 7.409188141043334), (15, 24.190685294993926)]
Atom 4: [(16, 8.89723025944031), (0, 1.1957841515197574), (14, 22.507603273682754), (10, 22.094478242189442), (12, 15.336956915176232), (13, 24.84102349945114), (22, 15.665846826792839), (3, 14.943750475910127), (8, 13.63113900431043), (9, 13.550217835127619), (18, 21.312209651605915), (6, 17.301493022701226), (5, 13.258787787295304), (2, 15.49576783821308), (11, 17.926751965945755), (1, 14.27740184763466), (17, 4.3818366738354415), (7, 15.822642045309777), (21, 9.147704733856521), (19, 11.600623596589458), (23, 14.676760907984878), (15, 20.122503420479905)]
Atom 5: [(17, 12.162082473211266), (22, 18.62608113183687), (13, 19.98307928448466), (12, 17.35446472705012), (6, 4.541841479687384), (11, 15.486236653796102), (0, 13.211648563393036), (8, 3.2301951041074033), (18, 11.272013875963152), (4, 13.326192881742225), (16, 18.516099440773523), (2, 7.568637167986004), (7, 2.911218001378075), (14, 17.62034592946721), (1, 8.089439190563226), (9, 3.1320567704104723), (3, 6.73512322380634), (10, 19.3591057654697), (23, 13.144684305538979), (15, 17.554019030424605)]
Atom 6: [(3, 9.836659471805097), (11, 14.796814743205651), (7, 3.6324748508813656), (17, 16.58335061763919), (2, 6.462052807406324), (22, 19.41700125441743), (14, 15.63407224523266), (8, 6.839724081717486), (0, 17.248310363794904), (13, 17.787096075827833), (18, 12.170337854418397), (10, 18.003614397438792), (9, 4.246939313556927), (12, 17.98993549160136), (16, 21.33145108730292), (4, 17.365207967956263), (5, 4.623811404083308), (1, 7.843370221824947), (23, 16.961564124693744), (15, 16.47414557886453)]
Atom 7: [(5, 2.9271836391236383), (16, 21.220872242600223), (11, 17.153008443084666), (8, 3.560303971492082), (9, 5.02433345196429), (17, 14.296162064170801), (4, 15.866492902671776), (12, 19.529406926618858), (14, 18.659207462347535), (2, 8.872654180400625), (1, 9.822939999832753), (3, 6.327713945700826), (0, 15.625875139081824), (13, 20.916790431547916), (6, 3.54575824699035), (18, 9.335966963027312), (22, 20.86624723075764), (10, 20.72255811715546), (23, 13.478509157281957), (15, 19.039768652587885)]
Atom 8: [(5, 3.1756369051164284), (22, 21.3024174640024), (14, 20.783561973927217), (13, 23.142322415631956), (4, 13.670594070370637), (17, 11.492228818581493), (16, 20.114670217315588), (12, 20.09703901916597), (10, 22.491762943147474), (3, 3.560148242060981), (9, 6.303885346711824), (6, 6.768894390873497), (0, 13.409718991195918), (1, 11.218398172083809), (18, 8.683655355649766), (2, 10.733080663907705), (7, 3.493999148170656), (11, 18.57436191316191), (15, 20.667102668356026)]
Atom 9: [(8, 6.3755532053925155), (10, 16.184637124733555), (0, 13.638894478963598), (6, 4.223217812060706), (12, 14.676127544938959), (14, 14.432525040751223), (5, 3.202498018773438), (16, 17.22908410660994), (7, 5.0632243373791805), (3, 9.935693901855965), (22, 16.020438244766435), (13, 16.806209505282077), (18, 14.172969203758765), (1, 4.949184171759594), (4, 13.609597076312111), (2, 4.384428494514149), (11, 12.3710610655306), (17, 13.464710563775203), (15, 14.402158059482556)]
Atom 10: [(2, 11.990975788517396), (7, 20.781267307060915), (16, 18.01868080574253), (14, 3.517044251989893), (1, 11.376560396448868), (5, 19.422769883643728), (3, 26.093814448808374), (12, 8.145334786156335), (6, 18.055056972300687), (17, 24.94529456518436), (22, 8.99196405231666), (13, 3.966730276845973), (8, 22.55668248494924), (18, 30.068186957756353), (11, 4.426928769862671), (0, 22.569936397660566), (4, 22.175877406713365), (9, 16.2470538344414), (15, 2.096617425482026)]
Atom 11: [(8, 18.652108351777997), (1, 7.493285272111271), (14, 4.903931430246419), (5, 15.560871936143668), (10, 4.327443423519577), (18, 26.523967315423928), (22, 6.9302409011527795), (3, 22.161308057456438), (13, 6.953998159374408), (12, 5.614303811196213), (16, 14.745427885079058), (7, 17.218054707655476), (4, 18.032391297730623), (2, 8.460471635179413), (6, 14.84715658655453), (9, 12.441620948823477), (17, 20.691020208843852), (0, 18.43806003919443), (15, 2.258427890301174)]
Atom 12: [(6, 18.008330493490806), (18, 28.623524252212082), (2, 11.789048186441988), (7, 19.564636786568784), (8, 20.147509076725942), (16, 10.023286622858054), (22, 1.5125171720995565), (4, 15.434426227752454), (17, 18.937666640953417), (1, 10.272608128148972), (11, 5.551972472817806), (9, 14.708451967677673), (13, 11.75122000097417), (10, 8.05106580566561), (5, 17.397210795888892), (14, 10.163220195192059), (3, 23.392850403515908), (0, 15.931974628677525), (15, 6.5280508866816485)]
Atom 13: [(11, 8.910392984257811), (15, 7.448208245289911), (7, 21.292817054947122), (9, 17.517856498007514), (10, 6.0771529881875965), (12, 13.866041530729058), (6, 17.973267679578054), (18, 29.94408761542401), (17, 28.548100430783023), (1, 12.388356306505353), (8, 23.7998045385123), (0, 26.824960181867645), (5, 20.6807164922252), (4, 26.505924831012656), (16, 23.552823843956112), (3, 27.271146066802757), (14, 2.4586858452278455), (2, 12.302547193885152), (20, 30.84667359893834), (21, 30.749182711663124), (19, 30.984805433551756), (22, 13.457308435019655), (23, 33.259859679854664), (24, 32.739978230467266)]
Atom 14: [(11, 7.63549129203171), (10, 5.890029268718136), (15, 6.626152239085152), (12, 12.931859413028299), (1, 9.908642469431548), (4, 24.70144595645097), (17, 26.559076901761216), (6, 15.805383123622187), (9, 15.34515372303644), (8, 21.599847009402644), (18, 27.77921405950586), (0, 25.024528280155955), (16, 22.260922004902334), (3, 25.058441391028495), (2, 9.82643554505063), (13, 2.1085166541050295), (7, 19.095945891705526), (5, 18.466984414780388), (20, 28.645189129746505), (21, 28.742258766982427), (19, 28.869655765231215), (22, 11.963628453378773), (23, 30.837116805690517), (24, 30.283802419139192)]
Atom 15: [(17, 22.852670735772648), (1, 9.484002313512239), (7, 19.039768652587885), (6, 16.47414557886453), (14, 3.76431205380923), (4, 20.122503420479905), (3, 24.190685294993926), (2, 10.247978211435024), (22, 6.68230577740184), (12, 6.5280508866816485), (0, 20.511908526300893), (8, 20.667102668356026), (13, 5.275016184774839), (18, 28.354986675867032), (5, 17.554019030424605), (16, 16.315452425707946), (10, 2.096617425482026), (9, 14.402158059482556), (11, 2.258427890301174)]
Atom 16: [(18, 28.597129621789648), (7, 21.209367840321264), (11, 14.654961032372903), (2, 16.791536885523065), (4, 8.952926869984527), (1, 15.102613983902282), (9, 17.208929973399062), (3, 22.41876917398009), (13, 21.52403532243694), (14, 19.645515759907536), (10, 17.943773498477803), (12, 9.925485129497147), (8, 20.101444816067378), (5, 18.493069321432003), (0, 9.611877385342078), (6, 21.301324075386642), (22, 9.435792489020349), (17, 13.272408537558581), (24, 21.005034824947565), (21, 18.003964490153436), (19, 20.281324859320005), (23, 23.430237008031114), (15, 16.315452425707946)]
Atom 17: [(2, 16.32763230649427), (7, 14.23332225571712), (13, 27.18676119231169), (3, 11.859811945056913), (22, 19.380194355537505), (16, 13.206637203958225), (12, 18.845851539547684), (14, 24.763554835402104), (18, 18.060012609027012), (0, 3.823014382641096), (11, 20.586511460333522), (9, 13.389127936347885), (8, 11.435003714056592), (5, 12.070942064225862), (4, 4.329875878401704), (10, 24.864610406327163), (6, 16.504123817069967), (1, 15.572698137832337), (20, 16.31573401776261), (24, 7.744856514560115), (21, 4.7946211469851745), (19, 7.417282000304199), (23, 10.389942648420032), (15, 22.852670735772648)]
Atom 18: [(15, 27.192819641233125), (3, 3.2158732910892294), (13, 30.01139539599682), (12, 26.523191163779487), (7, 8.828979643728676), (5, 9.795531312909036), (6, 12.330711224681531), (9, 12.931774275948513), (21, 10.286631462945383), (10, 29.198160390754413), (4, 17.50499039069258), (16, 25.411415609865223), (8, 6.567764472751751), (11, 25.174207546016742), (1, 19.15250149084161), (17, 13.996928392984163), (0, 17.02777769513404), (14, 27.908157615694293), (2, 18.60060011365649), (20, 2.1903408393125243), (19, 7.777781177055762), (22, 29.5888244264402), (23, 10.276539964974138), (24, 13.668480122881064)]
Atom 19: [(11, 24.333996299012394), (3, 6.654079728261228), (18, 11.826842638000818), (9, 13.680216046427674), (17, 7.417282000304199), (22, 24.907010819443943), (12, 24.06278089336474), (7, 11.856056213871796), (6, 15.146691625985394), (10, 28.580074301894445), (4, 11.600623596589458), (2, 17.878661714932136), (13, 30.061024957981022), (16, 20.281324859320005), (8, 8.501466588844966), (0, 11.07049461140046), (14, 27.61061730188139), (5, 10.93405149453861), (1, 17.734673827701787)]
Atom 20: [(13, 30.419668177102235), (10, 30.184800996046672), (5, 10.9998928384474), (12, 28.151218990439823), (0, 19.324704452135286), (11, 26.462096922164946), (1, 19.07218984368948), (3, 5.0782729474949715), (7, 9.45138942552849), (2, 18.227945684337605), (14, 28.172659991468855), (18, 2.2919366011767286), (6, 12.654651603053201), (4, 19.795648435683518), (22, 29.352872781267337), (16, 27.422842527270415), (9, 14.087586194319824), (8, 8.096574190713294), (17, 16.31573401776261)]
Atom 21: [(14, 27.3197668028057), (6, 16.29266574886869), (2, 18.007858546201188), (8, 10.01725169064694), (10, 27.931267860090713), (18, 14.612049206529631), (11, 23.640539935876944), (4, 9.147704733856521), (17, 4.7946211469851745), (1, 17.588350193420165), (5, 11.854927492689189), (13, 29.77787763750498), (16, 18.003964490153436), (0, 8.567910575853693), (7, 13.288781040417087), (3, 8.994623318220166), (22, 23.432750453450797), (9, 14.154562608063769), (12, 22.72457785738777)]
Atom 22: [(4, 16.881930540660818), (9, 16.35829020050956), (14, 10.406395380732775), (10, 7.818589762839563), (8, 21.871071795968312), (11, 6.244483989679391), (0, 17.410662531592767), (16, 10.774243483084568), (13, 11.6777393746789), (6, 19.584036469204975), (2, 13.280244012719063), (17, 20.51126108082465), (7, 21.241975722420335), (3, 25.129150984452263), (12, 1.7552604174844428), (1, 11.81547253235909), (5, 19.09442484771817), (18, 30.332437230329514), (15, 6.68230577740184)]
Atom 23: [(0, 14.111278547034892), (3, 7.409188141043334), (16, 23.430237008031114), (2, 20.372546080449872), (1, 20.39906039097159), (22, 28.041311650345257), (9, 16.03241332189753), (18, 10.942280044116428), (17, 10.389942648420032), (10, 31.41595559337912), (6, 16.961564124693744), (7, 13.478509157281957), (14, 30.271117073282074), (12, 27.165922002408006), (4, 14.676760907984878), (8, 10.200903639523315), (13, 32.705868382595476), (11, 27.21625976190566), (5, 13.144684305538979)]
Atom 24: [(4, 12.070228941904551), (8, 11.18387528310629), (16, 21.005034824947565), (0, 11.520827543210727), (7, 14.503898874474226), (14, 29.886635692632336), (3, 9.18419197973073), (6, 17.79117433557302), (5, 13.560988187024943), (1, 20.0589096889407), (11, 26.40052453795798), (2, 20.30907889557046), (12, 25.702869811540836), (18, 13.826060673202514), (10, 30.671735152292065), (17, 7.744856514560115), (9, 16.21279847067115), (22, 26.442500157570127), (13, 32.34387454505466)]
New position of object Informational Sign:1: (11.980605982031165, -6.490655101954925, 0.847501787264169)
New position of object Pedestrian:2: (-0.8815083503846566, -0.02611527622449117, -0.07608209071877253)
New position of object Trash Can:1: (14.219194478689396, -3.4737140685233534, 0.03126599392361801)
New position of object Service Vehicle:1: (13.131716194161264, 12.784505342989128, 0.13074143425825363)
New position of object Pedestrian:1: (-1.3668197261120696, 1.6350004434780505, 0.10886125317070719)
New position of object Railing:2: (5.613193360343274, -13.646666559717065, -0.25030948873781295)
New position of object Bike:2: (18.934996726028373, 2.6574831628299567, -0.15422988385098213)
New position of object Bollard:4: (11.373499766066104, 8.031383379194668, -0.47311516328310116)
New position of object Railing:1: (11.532265544984575, -6.929340615747634, -0.11449248317135824)
New position of object Bike:1: (16.61142445516183, 0.6637023191734386, -0.08191375584615057)
New position of object Bollard:7: (16.37354335088554, 3.5770765791189074, -0.4676985668434252)
New position of object Bollard:1: (5.4316813466605325, 4.888474805321096, -0.5100083812682317)
New position of object Fence:1: (1.6582703930600005, 7.342495270421571, 0.6060363860255328)
New position of object Fence:2: (5.207793269187221, 7.602512919279814, 0.619146146742001)
New position of object Bollard:8: (18.54616224812637, 5.938614700035021, -0.4311779175225385)
New position of object Bollard:3: (8.270990931771351, 6.349107264669376, -0.4734185929701294)
New position of object Bollard:2: (2.62791105721616, 3.3639537690558434, -0.44521679874318937)
New position of object Fence:5: (-10.547903150243723, -5.931675687245541, 1.4954584869637915)
New position of object Fence:8: (-6.405425857937637, -5.136466997433427, 0.6277787025350134)
New position of object Fence:9: (-3.570661495757655, -9.887099668496958, 1.0859573583781568)
New position of object Fence:4: (-8.503018916427571, -5.615842120996337, 1.3121041145677947)

After Updating position of all the atoms:
Atom 0: [(17, 3.9037381626964667), (12, 15.823006294116016), (11, 18.33138013314581), (5, 13.172553966370161), (9, 13.577046349576564), (6, 17.194372332838608), (8, 13.395408360526046), (7, 15.591093083004052), (2, 15.571210295018282), (1, 14.414895203019668), (18, 20.90266125357185), (13, 25.09951792250951), (22, 17.302726482762935), (4, 1.1807017157267359), (10, 22.461129160318), (16, 9.534901674895226), (14, 22.75153235588981), (3, 14.56655090539286), (20, 19.322800270728028), (24, 11.534966435700216), (21, 8.572813020946963), (19, 11.062860023530067), (23, 14.114825492415932), (15, 20.507560607126052)]
Atom 1: [(12, 10.272215321407169), (3, 14.766077611834161), (16, 15.1103895845228), (7, 9.825872757600033), (2, 1.725235056343199), (13, 12.329461837462953), (14, 9.886962172744097), (10, 11.368320961819613), (8, 11.225181539812402), (4, 14.288102670698693), (5, 8.095947616771632), (11, 7.487299942430618), (18, 19.080761745958466), (6, 7.842569443951249), (9, 4.95496245530334), (0, 14.424883619574246), (22, 11.814572302708344), (17, 15.58337049365888), (20, 18.987502172633697), (24, 19.997541876519982), (21, 17.506529652178447), (19, 17.63159562332045), (23, 20.325808264867405), (15, 9.552985420695183)]
Atom 2: [(3, 14.3724872230706), (5, 7.653208193332692), (17, 16.40209815181169), (13, 12.343308660906278), (12, 11.764581194797561), (8, 10.817594882838396), (18, 18.206911877930402), (9, 4.46997112154718), (4, 15.56638827332469), (0, 15.643709308090408), (14, 9.968023348424833), (10, 11.916822123386867), (16, 16.822032453961928), (22, 13.249543417308834), (1, 1.7404127688862634), (11, 8.40067970475963), (6, 6.511807129222166), (7, 8.944876388484062), (24, 20.329250825206348), (21, 18.00547358421466), (19, 17.855659132229775), (23, 20.379881969272258), (15, 10.244405798393394)]
Atom 3: [(6, 9.706495205097678), (0, 14.594595189162519), (7, 6.196158720644114), (9, 9.83470397490191), (2, 14.26773114312189), (14, 24.228678306838372), (13, 26.579422939310458), (8, 3.460095857084276), (5, 6.633987091035096), (4, 14.97155508510571), (11, 22.07210495005263), (1, 14.671950919256288), (16, 22.431420405546593), (10, 25.996975441755453), (18, 6.352183445150113), (22, 25.064819891127826), (17, 11.862531181442057), (12, 23.328732703560107), (21, 9.048293639798322), (19, 6.696365750077588), (23, 7.471848938422709), (15, 24.17663679378491)]
Atom 4: [(6, 17.30484400613717), (11, 17.93695511904517), (0, 1.1484281012991115), (7, 15.820915856313627), (3, 14.965863799062468), (1, 14.204146499238643), (2, 15.48496772684074), (8, 13.644834724751993), (12, 15.339569901749186), (18, 21.30702842454922), (17, 4.379747419921196), (14, 22.412955688310678), (22, 16.789583315822), (5, 13.280957053679899), (16, 8.954123610020146), (10, 22.07831189860051), (13, 24.746076911815326), (9, 13.546453474123345), (21, 9.1352732646518), (19, 11.573570218564345), (23, 14.658762247736083), (15, 20.128911535353765)]
Atom 5: [(14, 17.529282100855372), (4, 13.305424522086406), (0, 13.199085013139994), (3, 6.721937335504448), (8, 3.2641895297181223), (18, 11.335739288377521), (13, 19.891378914907907), (6, 4.5539270956363405), (12, 17.333163120555298), (16, 18.537849269746516), (22, 19.029318967135442), (1, 8.012356198156308), (17, 12.142469590518516), (7, 2.9282730909403463), (11, 15.478937884675656), (2, 7.562255740458056), (9, 3.114379327025925), (10, 19.335907177465927), (23, 13.156694773209432), (15, 17.54527399210706)]
Atom 6: [(2, 6.478722909758431), (11, 14.807369366551352), (3, 9.799225309324445), (9, 4.25817304329678), (14, 15.569008625950499), (10, 18.00112729482079), (16, 21.375679129939183), (22, 19.565908231619748), (4, 17.36952047908414), (18, 12.239462294549343), (8, 6.863030998618814), (17, 16.586065216092123), (0, 17.261661761722596), (7, 3.639250358660847), (13, 17.717196672063846), (5, 4.637499605443457), (1, 7.823821513180938), (12, 17.994039429881038), (23, 16.977855738455624), (15, 16.48237968311053)]
Atom 7: [(11, 17.17306724592267), (12, 19.539845640643875), (10, 20.72787191602194), (6, 3.5590579781304865), (13, 20.85270532382036), (8, 3.5724469185024796), (2, 8.893656832789034), (3, 6.276376442376588), (1, 9.785647891761014), (16, 21.270823464703923), (14, 18.597781253939985), (9, 5.034950529410099), (5, 2.948070335555328), (22, 21.215327308887982), (0, 15.637791507005467), (4, 15.865432309588046), (18, 9.38272305056769), (17, 14.291037720124955), (23, 13.48272320202063), (15, 19.057583044687757)]
Atom 8: [(11, 18.591367490813038), (14, 20.70997220814672), (12, 20.10622448956272), (13, 23.067259896685474), (22, 21.829146455282963), (1, 11.161074404008282), (9, 6.305483309166264), (10, 22.4901867391911), (7, 3.4853842493378737), (18, 8.70383608815394), (4, 13.677789228089287), (16, 20.172868820252074), (6, 6.773486229759811), (17, 11.494505248667414), (0, 13.430025022441846), (2, 10.744731137540652), (3, 3.52925120733122), (5, 3.1931903973943796), (15, 20.681284087990047)]
Atom 9: [(4, 13.614287227357103), (13, 16.72269587695977), (22, 16.323984605782744), (16, 17.27168501503312), (2, 4.387955802068815), (8, 6.38406510024617), (6, 4.227780594373487), (17, 13.466201716359846), (7, 5.074844271237685), (3, 9.913173021223239), (10, 16.176218519870798), (1, 4.893347846094885), (12, 14.677269860340127), (18, 14.225339097103355), (5, 3.192098083573304), (11, 12.379912972017701), (14, 14.350890378665145), (0, 13.647612967104296), (15, 14.4091121550746)]
Atom 10: [(2, 11.97787679001958), (22, 7.882073839060977), (11, 4.405530175075809), (16, 17.993049502844464), (0, 22.544756144029314), (18, 30.127283983389553), (1, 11.436108253346694), (9, 16.241213858049942), (3, 26.065114742286127), (6, 18.055064631738603), (13, 3.912792870829954), (8, 22.557590326496204), (5, 19.40218221579906), (4, 22.161252831136192), (17, 24.93179816894263), (14, 3.5141805382377402), (7, 20.789039280733846), (12, 8.124947147882587), (15, 2.0772388396995396)]
Atom 11: [(7, 17.23799705110955), (12, 5.613605220901278), (3, 22.1516240305066), (13, 6.852315248066283), (14, 4.811616489401581), (18, 26.589329112360303), (22, 6.2805896528959675), (8, 18.668911628671825), (17, 20.700133785658085), (5, 15.553492359268848), (10, 4.3064304459645735), (9, 12.45028708005585), (16, 14.752685971563846), (0, 18.437143772199015), (1, 7.558093632722032), (4, 18.042342840962935), (2, 8.456334807364783), (6, 14.857596347970599), (15, 2.257874756860962)]
Atom 12: [(9, 14.709086076259004), (7, 19.57461951706884), (16, 10.013148471594151), (2, 11.771594043918634), (6, 18.01196809337628), (10, 8.03087611353003), (18, 28.66723587582465), (8, 20.156160377131492), (4, 15.436574219501544), (17, 18.939980578653536), (22, 1.6957457311816675), (0, 15.919629924050383), (11, 5.551065433331887), (14, 10.085454868032866), (5, 17.375467887970864), (1, 10.286928283271356), (3, 23.384411424656495), (13, 11.663204911141005), (15, 6.528624136650364)]
Atom 13: [(11, 8.910392984257811), (15, 7.448208245289911), (7, 21.292817054947122), (9, 17.517856498007514), (10, 6.0771529881875965), (12, 13.866041530729058), (6, 17.973267679578054), (18, 29.94408761542401), (17, 28.548100430783023), (1, 12.388356306505353), (8, 23.7998045385123), (0, 26.824960181867645), (5, 20.6807164922252), (4, 26.505924831012656), (16, 23.552823843956112), (3, 27.271146066802757), (14, 2.4586858452278455), (2, 12.302547193885152), (20, 30.84667359893834), (21, 30.749182711663124), (19, 30.984805433551756), (22, 13.457308435019655), (23, 33.259859679854664), (24, 32.739978230467266)]
Atom 14: [(11, 7.63549129203171), (10, 5.890029268718136), (15, 6.626152239085152), (12, 12.931859413028299), (1, 9.908642469431548), (4, 24.70144595645097), (17, 26.559076901761216), (6, 15.805383123622187), (9, 15.34515372303644), (8, 21.599847009402644), (18, 27.77921405950586), (0, 25.024528280155955), (16, 22.260922004902334), (3, 25.058441391028495), (2, 9.82643554505063), (13, 2.1085166541050295), (7, 19.095945891705526), (5, 18.466984414780388), (20, 28.645189129746505), (21, 28.742258766982427), (19, 28.869655765231215), (22, 11.963628453378773), (23, 30.837116805690517), (24, 30.283802419139192)]
Atom 15: [(7, 19.057583044687757), (16, 16.315720225482064), (0, 20.507560607126052), (8, 20.681284087990047), (4, 20.128911535353765), (11, 2.257874756860962), (3, 24.17663679378491), (1, 9.552985420695183), (5, 17.54527399210706), (2, 10.244405798393394), (18, 28.4212035716842), (13, 5.182403972745629), (10, 2.0772388396995396), (6, 16.48237968311053), (9, 14.4091121550746), (12, 6.528624136650364), (22, 6.748916868686007), (17, 22.858876622829037), (14, 3.701269665355753)]
Atom 16: [(6, 21.345196700696224), (22, 10.655826170386684), (5, 18.555429232436904), (18, 28.662236805965932), (7, 21.25613832038473), (12, 9.915730682026737), (11, 14.662614689733388), (10, 17.917541214665462), (4, 9.010107549123749), (3, 22.43919110147154), (9, 17.24707191990712), (17, 13.327846877477812), (0, 9.641453888090238), (13, 21.432576349939833), (1, 15.090756202516957), (14, 19.561843613053906), (8, 20.171312167818037), (2, 16.804134393222206), (24, 21.05480881840736), (21, 18.049268732771633), (19, 20.309842875877738), (23, 23.470782681122778), (15, 16.315720225482064)]
Atom 17: [(8, 11.43928606093356), (2, 16.31906471495697), (13, 27.090531092833366), (7, 14.22948165221685), (16, 13.217535666232545), (4, 4.331588213579476), (11, 20.595894302153958), (18, 18.040151963341014), (14, 24.66726401930119), (5, 12.090797217268044), (1, 15.489631595875418), (22, 20.424187355063413), (12, 18.84868710836469), (9, 13.381046807071904), (10, 24.849366220419025), (0, 3.8444053541352785), (3, 11.80778939255527), (6, 16.505718861339613), (20, 16.29485203416807), (24, 7.737233294042078), (21, 4.780563594522431), (19, 7.389440672534953), (23, 10.369591954190465), (15, 22.858876622829037)]
Atom 18: [(15, 27.192819641233125), (3, 3.2158732910892294), (13, 30.01139539599682), (12, 26.523191163779487), (7, 8.828979643728676), (5, 9.795531312909036), (6, 12.330711224681531), (9, 12.931774275948513), (21, 10.286631462945383), (10, 29.198160390754413), (4, 17.50499039069258), (16, 25.411415609865223), (8, 6.567764472751751), (11, 25.174207546016742), (1, 19.15250149084161), (17, 13.996928392984163), (0, 17.02777769513404), (14, 27.908157615694293), (2, 18.60060011365649), (20, 2.1903408393125243), (19, 7.777781177055762), (22, 29.5888244264402), (23, 10.276539964974138), (24, 13.668480122881064)]
Atom 19: [(8, 8.477449405368127), (13, 29.947058802350508), (3, 6.696365750077588), (11, 24.318010246117513), (17, 7.389440672534953), (9, 13.65367551589516), (22, 25.7404786656867), (0, 11.062860023530067), (12, 24.03639406209331), (16, 20.309842875877738), (4, 11.573570218564345), (5, 10.932876168938938), (6, 15.132583030942744), (2, 17.855659132229775), (18, 11.795474792340027), (7, 11.837637932030576), (14, 27.496632015306822), (10, 28.54157804112106), (1, 17.63159562332045)]
Atom 20: [(0, 19.322800270728028), (2, 18.213575995018985), (14, 28.073045788780455), (12, 28.125376484277872), (4, 19.779893838403307), (3, 5.0910410517271), (7, 9.419445085176509), (8, 8.047995606960033), (10, 30.15051612179982), (6, 12.627977677992277), (5, 10.97342211801915), (1, 18.987502172633697), (9, 14.05741445015669), (17, 16.29485203416807), (11, 26.444103907472527), (16, 27.410682325582574), (18, 2.233228113359931), (22, 29.857850971686812), (13, 30.31850952567301)]
Atom 21: [(11, 23.646965506662024), (9, 14.152735020762716), (18, 14.590875390756707), (16, 18.049268732771633), (8, 10.023315155485863), (4, 9.1352732646518), (12, 22.719193912169235), (10, 27.913036972025573), (5, 11.881952594433608), (3, 9.048293639798322), (6, 16.299579461567934), (1, 17.506529652178447), (22, 24.377746184226915), (2, 18.00547358421466), (17, 4.780563594522431), (7, 13.290699962673472), (14, 27.22473012076932), (13, 29.68286145980738), (0, 8.572813020946963)]
Atom 22: [(4, 16.881930540660818), (9, 16.35829020050956), (14, 10.406395380732775), (10, 7.818589762839563), (8, 21.871071795968312), (11, 6.244483989679391), (0, 17.410662531592767), (16, 10.774243483084568), (13, 11.6777393746789), (6, 19.584036469204975), (2, 13.280244012719063), (17, 20.51126108082465), (7, 21.241975722420335), (3, 25.129150984452263), (12, 1.7552604174844428), (1, 11.81547253235909), (5, 19.09442484771817), (18, 30.332437230329514), (15, 6.68230577740184), (20, 29.857850971686812), (24, 27.38450173456046), (21, 24.377746184226915), (19, 25.7404786656867), (23, 28.87682755322365)]
Atom 23: [(10, 31.40566131075836), (13, 32.62258674631104), (1, 20.325808264867405), (22, 28.87682755322365), (4, 14.658762247736083), (7, 13.48272320202063), (9, 16.033967532104935), (12, 27.16251525230935), (5, 13.156694773209432), (8, 10.196581143720481), (14, 30.187795928708514), (6, 16.977855738455624), (17, 10.369591954190465), (11, 27.22678887373944), (2, 20.379881969272258), (16, 23.470782681122778), (0, 14.114825492415932), (3, 7.471848938422709), (18, 10.909572511607454)]
Atom 24: [(17, 7.737233294042078), (10, 30.673784940584788), (9, 16.230897539937683), (11, 26.425267147422915), (14, 29.813557893939933), (18, 13.809394322675864), (6, 17.82207740114396), (13, 32.2708301552841), (5, 13.605552506593952), (0, 11.534966435700216), (8, 11.20387620548637), (2, 20.329250825206348), (7, 14.530029869221769), (22, 27.38450173456046), (3, 9.163139660546108), (16, 21.05480881840736), (12, 25.71276489672665), (1, 19.997541876519982), (4, 12.060940935232699)]
New position of object Informational Sign:1: (11.841877024445921, -6.491470167892082, 1.0213253624040708)
New position of object Pedestrian:2: (-0.8916026718177861, -0.024466660031048804, -0.10413547946193913)
New position of object Trash Can:1: (14.125171007417315, -3.466763733937867, 0.05038704836105412)
New position of object Service Vehicle:1: (13.061118360757447, 12.808357838048327, 0.19022748383152055)
New position of object Pedestrian:1: (-1.3544746606693963, 1.6331047111915815, 0.10837429564864641)
New position of object Railing:2: (5.534554649426891, -13.63090712101111, -0.24732546508299763)
New position of object Bike:2: (18.775609172791263, 2.708475177737121, -0.1438015567950185)
New position of object Bollard:4: (11.256681655726581, 8.04302917304888, -0.44840558723129265)
New position of object Railing:1: (11.444016992065166, -6.926655821986305, -0.10338794904579779)
New position of object Bike:1: (16.52556469609143, 0.6503168027918953, -0.0873840041121337)
New position of object Bollard:7: (16.295640600517892, 3.5660701830486765, -0.4594954951079817)
New position of object Bollard:1: (5.342368307285522, 4.89421617607378, -0.47362509640643335)
New position of object Fence:1: (1.57421429516317, 7.345706719205175, 0.6052285867853194)
New position of object Fence:2: (5.130083311788759, 7.616731554642618, 0.6271520763182357)
New position of object Bollard:8: (18.407122798709857, 5.96676915013852, -0.4202044246145774)
New position of object Bollard:5: (15.57323402704678, 12.786124392108263, -0.4379106253100876)
New position of object Bollard:3: (8.177358549226966, 6.347752720798642, -0.44555515232643395)
New position of object Bollard:2: (2.526012241189818, 3.360636027252708, -0.4300610100791502)
New position of object Fence:5: (-10.633265117142797, -5.931470689834391, 1.4873997452151912)
New position of object Fence:8: (-6.510107031313595, -5.129453596507712, 0.6225192873760965)
New position of object Fence:9: (-3.6710292273835883, -9.875824928604057, 1.0843278049497174)
New position of object Fence:4: (-8.606208279382862, -5.605625650271172, 1.314000960560183)

After Updating position of all the atoms:
Atom 0: [(18, 20.912048606074546), (8, 13.411409910244), (1, 14.313967038869142), (4, 1.2560541292663603), (10, 22.401795203761964), (16, 9.571331714431544), (7, 15.582463690148147), (5, 13.150617447685404), (9, 13.571193600146485), (2, 15.53517895604369), (22, 17.168669411429896), (6, 17.183041311280302), (11, 18.301775188404278), (17, 3.967204016261799), (14, 22.615969261057977), (3, 14.607053258310307), (12, 15.782294530170217), (13, 24.962612372225173), (20, 19.356152359878248), (24, 11.578996355703913), (21, 8.612275413591712), (19, 11.09878183921054), (23, 14.155853457445653), (25, 19.689541558107784), (15, 20.469356905086535)]
Atom 1: [(18, 19.085801465423387), (8, 11.16744984927517), (9, 4.897418336172077), (22, 11.815392542047867), (13, 12.322303482771561), (5, 8.017833088356257), (16, 15.096293199590813), (12, 10.289081932052524), (6, 7.828047317834594), (17, 15.50005908917001), (14, 9.880237859460598), (3, 14.678746665616622), (0, 14.325861288328207), (7, 9.792680157095782), (2, 1.7392613157410242), (4, 14.213721999544347), (10, 11.432320773940827), (11, 7.554501436044814), (20, 18.95907324648366), (24, 19.856227391602996), (21, 17.430241893197792), (19, 17.56187822713393), (23, 20.209789976591555), (25, 20.86416776373827), (15, 9.626816001001124)]
Atom 2: [(22, 13.250834589550836), (10, 11.986201751317711), (4, 15.473629590562888), (18, 18.199416231111254), (6, 6.47467689331242), (3, 14.257539511146549), (0, 15.52372037925745), (14, 9.97848363668899), (8, 10.734465562892135), (17, 16.298203909878865), (5, 7.551936502691463), (7, 8.885836067691388), (9, 4.37740763088365), (13, 12.354141209265194), (16, 16.797275427863582), (11, 8.462209525490051), (12, 11.772096741122592), (1, 1.734057015578746), (24, 20.16036431821182), (21, 17.90809874844725), (19, 17.764723480759336), (23, 20.23810211159764), (25, 20.278944662727483), (15, 10.316995365797519)]
Atom 3: [(11, 22.06371078847644), (17, 11.872335828126104), (12, 23.31724458110691), (1, 14.587111538160173), (14, 24.12743953670301), (4, 14.978628159265725), (10, 25.971347713047813), (9, 9.815774999781857), (13, 26.476508093900584), (7, 6.158146798132931), (16, 22.41746384341276), (6, 9.681533679690457), (8, 3.4328335498908853), (22, 24.99770747260138), (2, 14.157626887344874), (18, 6.3458337195518295), (5, 6.624623518646412), (0, 14.62033630857033), (21, 9.085354217963813), (19, 6.7405038410709865), (23, 7.445835045686725), (25, 6.413243077853804), (15, 24.164566039970758)]
Atom 4: [(5, 13.263138083773436), (12, 15.349897072010728), (22, 16.704361500568293), (2, 15.398562667299311), (10, 22.072400117344753), (3, 14.97483223777421), (1, 14.13533615724048), (0, 1.2699051901019862), (7, 15.827485149370574), (6, 17.316835515910448), (13, 24.65822894436855), (14, 22.32554727444667), (11, 17.953885115914442), (9, 13.554970179687375), (18, 21.305048610163546), (17, 4.379850096157015), (16, 8.938089766166962), (8, 13.654702581519539), (21, 9.12320652792571), (19, 11.565568003310329), (23, 14.656930874693135), (25, 20.143387066531677), (15, 20.14362543018185)]
Atom 5: [(4, 13.30790017291533), (7, 2.9235476189027167), (13, 19.8089979704871), (10, 19.328164728927323), (18, 11.379500495770886), (0, 13.195163658019268), (22, 18.98408366010563), (9, 3.116213764837479), (2, 7.471363798944998), (8, 3.270097643644424), (3, 6.700355341107697), (1, 7.949362086829627), (12, 17.330946188831287), (14, 17.448262692436657), (16, 18.527502267856832), (17, 12.137470784843295), (6, 4.553275401517952), (11, 15.48671569455753), (23, 13.108815109365993), (25, 12.92107209907693), (15, 17.55007333580012)]
Atom 6: [(22, 19.54190507224915), (16, 21.364210079816203), (9, 4.250655117786199), (12, 17.990843867141635), (5, 4.623063466130748), (14, 15.50596141133076), (8, 6.855910408676343), (11, 14.81485154070207), (13, 17.650297105320956), (10, 18.000753434302048), (3, 9.764557223226564), (2, 6.438781320141064), (17, 16.575399869255936), (4, 17.367080214527512), (1, 7.8040314154375565), (0, 17.235588143541868), (7, 3.642669252531939), (18, 12.306157124556025), (23, 16.9203956918574), (25, 15.055193035132893), (15, 16.48879535377884)]
Atom 7: [(18, 9.42669673232794), (3, 6.234882614373797), (5, 2.9442936826764754), (1, 9.756197708653433), (17, 14.285941633700892), (2, 8.83868840301291), (13, 20.792476290844718), (22, 21.19169899012098), (8, 3.561380043732024), (12, 19.552431306132952), (4, 15.871659133004249), (16, 21.269472427037815), (14, 18.540203966985274), (0, 15.62833654822096), (9, 5.0494514443980725), (11, 17.19627999034026), (6, 3.5662500703420994), (10, 20.739155101365377), (23, 13.420100935297961), (25, 11.70112719903664), (15, 19.07847473258311)]
Atom 8: [(10, 22.47637252071288), (12, 20.098058056688515), (22, 21.77082085739917), (4, 13.674723322171054), (6, 6.7602938315795855), (11, 18.592927396364058), (3, 3.51513885483287), (1, 11.089084942377072), (16, 20.15367352460699), (7, 3.470863646390423), (18, 8.74121569651269), (14, 20.623212483646988), (5, 3.1860204143279676), (13, 22.979365965815152), (17, 11.486825712289743), (2, 10.648501680006863), (9, 6.300747873505938), (0, 13.432277486904328), (15, 20.680121075244422)]
Atom 9: [(13, 16.625972484947553), (2, 4.2816416970511435), (3, 9.907054583539832), (4, 13.618586476461484), (5, 3.207121356218012), (8, 6.392246968216253), (16, 17.256803245702173), (22, 16.2743653756784), (12, 14.661863572299563), (0, 13.6365631866153), (6, 4.225935671457252), (1, 4.821331698667475), (11, 12.372969376356645), (10, 16.15493565432115), (17, 13.467913792422205), (14, 14.255636165903809), (18, 14.29248518823134), (7, 5.100317126321519), (15, 14.400067164632365)]
Atom 10: [(14, 3.5167046220043017), (2, 12.05074539285854), (11, 4.386981195494934), (12, 8.104845866491663), (3, 26.042345486186672), (17, 24.92227809016038), (8, 22.546733797203505), (9, 16.22302325657442), (4, 22.156881194451138), (18, 30.189561186235082), (16, 17.99135872904703), (6, 18.057802178165264), (0, 22.48694819290414), (1, 11.503289450333616), (5, 19.397473491665483), (22, 7.945447152752808), (13, 3.8618105491803094), (7, 20.80329213852926), (15, 2.060388689504263)]
Atom 11: [(7, 17.261497287135665), (18, 26.655132546198494), (13, 6.751784310695089), (3, 22.143169661348328), (22, 6.317164477699233), (8, 18.67053006848832), (5, 15.561383610462217), (1, 7.6260415688245), (10, 4.288552462670693), (4, 18.058445298585955), (14, 4.721018812237475), (2, 8.519218572074875), (6, 14.865603761058333), (12, 5.611622853370365), (16, 14.768385725128189), (0, 18.406777398802223), (9, 12.44351230999443), (17, 20.710059696044894), (15, 2.257991844824138)]
Atom 12: [(7, 19.587192853842065), (4, 15.445804910971448), (22, 1.6406895214750172), (2, 11.780253467843892), (10, 8.01206127875847), (11, 5.549925288309529), (9, 14.693556243545114), (16, 10.030788464338904), (14, 10.009237696093008), (1, 10.304703619802014), (6, 18.008977427054525), (13, 11.576618334571565), (8, 20.14768737384262), (18, 28.710983389081942), (5, 17.37304425236683), (3, 23.37244437746204), (17, 18.94333238060925), (0, 15.877911916627186), (15, 6.530187126750291)]
Atom 13: [(11, 8.910392984257811), (15, 7.448208245289911), (7, 21.292817054947122), (9, 17.517856498007514), (10, 6.0771529881875965), (12, 13.866041530729058), (6, 17.973267679578054), (18, 29.94408761542401), (17, 28.548100430783023), (1, 12.388356306505353), (8, 23.7998045385123), (0, 26.824960181867645), (5, 20.6807164922252), (4, 26.505924831012656), (16, 23.552823843956112), (3, 27.271146066802757), (14, 2.4586858452278455), (2, 12.302547193885152), (20, 30.84667359893834), (21, 30.749182711663124), (19, 30.984805433551756), (22, 13.457308435019655), (23, 33.259859679854664), (24, 32.739978230467266), (25, 32.45449385560718)]
Atom 14: [(11, 7.63549129203171), (10, 5.890029268718136), (15, 6.626152239085152), (12, 12.931859413028299), (1, 9.908642469431548), (4, 24.70144595645097), (17, 26.559076901761216), (6, 15.805383123622187), (9, 15.34515372303644), (8, 21.599847009402644), (18, 27.77921405950586), (0, 25.024528280155955), (16, 22.260922004902334), (3, 25.058441391028495), (2, 9.82643554505063), (13, 2.1085166541050295), (7, 19.095945891705526), (5, 18.466984414780388), (20, 28.645189129746505), (21, 28.742258766982427), (19, 28.869655765231215), (22, 11.963628453378773), (23, 30.837116805690517), (24, 30.283802419139192), (25, 30.169537098333517)]
Atom 15: [(18, 28.487341865818525), (11, 2.257991844824138), (16, 16.33413784381697), (0, 20.469356905086535), (5, 17.55007333580012), (2, 10.316995365797519), (22, 6.816355548290177), (12, 6.530187126750291), (4, 20.14362543018185), (3, 24.164566039970758), (14, 3.64051315524116), (7, 19.07847473258311), (8, 20.680121075244422), (1, 9.626816001001124), (9, 14.400067164632365), (6, 16.48879535377884), (17, 22.866723742080154), (13, 5.090730701093271), (10, 2.060388689504263)]
Atom 16: [(22, 10.575869102772621), (14, 19.48827826863333), (1, 15.04829635897579), (0, 9.610585334518436), (2, 16.750382215602546), (9, 17.24276760339838), (6, 21.345664992172043), (5, 18.521530502748348), (4, 8.994508002789491), (18, 28.66346108072279), (7, 21.253603757037133), (12, 9.934721857171763), (3, 22.436557017025667), (17, 13.311541343654332), (13, 21.35673130289938), (10, 17.915381923151454), (11, 14.67938877588143), (8, 20.167800486959607), (24, 21.03120671751724), (21, 18.021688041873926), (19, 20.28748420491699), (23, 23.447853059957627), (25, 28.260767157228617), (15, 16.33413784381697)]
Atom 17: [(7, 14.225751237236745), (18, 18.02040722476121), (6, 16.50976793713453), (14, 24.572476370391662), (13, 26.995805312102824), (22, 20.33898458101491), (16, 13.273078143897845), (3, 11.83440476835712), (12, 18.852999956505684), (2, 16.310524021083836), (9, 13.382500182756159), (1, 15.407036642067167), (10, 24.837967122726962), (5, 12.070659326116065), (0, 3.9121607372338487), (4, 4.328947061292773), (11, 20.606472229815562), (8, 11.44102793324443), (20, 16.310467361948486), (24, 7.732907600676732), (21, 4.7677272226339795), (19, 7.37778227969794), (23, 10.37054049470621), (25, 16.32457330421541), (15, 22.866723742080154)]
Atom 18: [(15, 27.192819641233125), (3, 3.2158732910892294), (13, 30.01139539599682), (12, 26.523191163779487), (7, 8.828979643728676), (5, 9.795531312909036), (6, 12.330711224681531), (9, 12.931774275948513), (21, 10.286631462945383), (10, 29.198160390754413), (4, 17.50499039069258), (16, 25.411415609865223), (8, 6.567764472751751), (11, 25.174207546016742), (1, 19.15250149084161), (17, 13.996928392984163), (0, 17.02777769513404), (14, 27.908157615694293), (2, 18.60060011365649), (20, 2.1903408393125243), (19, 7.777781177055762), (22, 29.5888244264402), (23, 10.276539964974138), (24, 13.668480122881064), (25, 4.251868910136552)]
Atom 19: [(22, 25.67003093342447), (0, 11.09878183921054), (11, 24.3362843694297), (13, 29.868312437930108), (5, 10.94426407786968), (3, 6.7405038410709865), (4, 11.565568003310329), (8, 8.493555884106721), (2, 17.764723480759336), (18, 11.774378354414676), (1, 17.56187822713393), (9, 13.669231353474787), (16, 20.28748420491699), (14, 27.417923242064507), (6, 15.154185930640654), (10, 28.541283481787605), (12, 24.042590595802423), (7, 11.848911181931555), (17, 7.37778227969794)]
Atom 20: [(1, 18.95907324648366), (18, 2.1822649918579327), (14, 28.025453514601267), (17, 16.310467361948486), (12, 28.151416032504287), (3, 5.109556239945816), (5, 11.019218968281043), (6, 12.652015350360152), (13, 30.268880789627545), (22, 29.83335295707789), (11, 26.479322749336372), (4, 19.799166281527267), (10, 30.170820028756125), (7, 9.431834791362038), (16, 27.48697829013508), (8, 8.06893207747317), (9, 14.087312458142112), (0, 19.356152359878248), (2, 18.248724157289196)]
Atom 21: [(6, 16.318778274522135), (22, 24.29652272143526), (5, 11.883385140158884), (14, 27.13813018106567), (7, 13.301284365347017), (4, 9.12320652792571), (12, 22.721623687498244), (10, 27.907000496595973), (2, 17.90809874844725), (11, 23.6606984731326), (18, 14.574313701682147), (17, 4.7677272226339795), (0, 8.612275413591712), (13, 29.59625476778388), (8, 10.038088635929743), (16, 18.021688041873926), (3, 9.085354217963813), (1, 17.430241893197792), (9, 14.164626594433425)]
Atom 22: [(4, 16.881930540660818), (9, 16.35829020050956), (14, 10.406395380732775), (10, 7.818589762839563), (8, 21.871071795968312), (11, 6.244483989679391), (0, 17.410662531592767), (16, 10.774243483084568), (13, 11.6777393746789), (6, 19.584036469204975), (2, 13.280244012719063), (17, 20.51126108082465), (7, 21.241975722420335), (3, 25.129150984452263), (12, 1.7552604174844428), (1, 11.81547253235909), (5, 19.09442484771817), (18, 30.332437230329514), (15, 6.68230577740184), (20, 29.857850971686812), (24, 27.38450173456046), (21, 24.377746184226915), (19, 25.7404786656867), (23, 28.87682755322365), (25, 31.396951863482943)]
Atom 23: [(8, 10.143479846951097), (10, 31.362976288031774), (9, 15.99246062085984), (3, 7.445835045686725), (18, 10.799939706070571), (17, 10.37054049470621), (22, 28.781342439235853), (4, 14.656930874693135), (7, 13.420100935297961), (5, 13.108815109365993), (16, 23.447853059957627), (6, 16.9203956918574), (2, 20.23810211159764), (11, 27.203725708476732), (1, 20.209789976591555), (14, 30.061875975377433), (0, 14.155853457445653), (13, 32.49595349116312), (12, 27.14105160691444)]
Atom 24: [(22, 27.27266246745214), (4, 12.05630039445885), (8, 11.122493145536474), (1, 19.856227391602996), (5, 13.52578706188823), (10, 30.613849078805977), (0, 11.578996355703913), (12, 25.68105577052046), (11, 26.386037577612015), (2, 20.16036431821182), (13, 32.12225612068339), (9, 16.163807031869183), (18, 13.68238643936849), (7, 14.443660305063517), (17, 7.732907600676732), (6, 17.749357342168427), (16, 21.03120671751724), (14, 29.66520085670874), (3, 9.12321340546692)]
Atom 25: [(3, 6.413243077853804), (10, 32.193287551441216), (0, 19.689541558107784), (11, 28.37986022163922), (14, 30.169537098333517), (17, 16.32457330421541), (9, 16.011206682299324), (7, 11.70112719903664), (13, 32.45449385560718), (6, 15.055193035132893), (8, 9.734433960801553), (18, 4.251868910136552), (5, 12.92107209907693), (4, 20.143387066531677), (2, 20.278944662727483), (16, 28.260767157228617), (22, 31.396951863482943), (12, 29.71339763006192), (1, 20.86416776373827)]
New position of object Informational Sign:1: (11.764106177424452, -6.506393090166235, 0.9922490508201748)
New position of object Pedestrian:2: (-0.9028741086633474, -0.02815974867029425, -0.07696276195780302)
New position of object Trash Can:1: (14.030786545832058, -3.462071961861753, 0.07465559552122529)
New position of object Service Vehicle:1: (13.008579871383525, 12.85226942666299, 0.1870889863303266)
New position of object Pedestrian:1: (-1.2851064803716454, 1.63392736417555, 0.10520482184997365)
New position of object Railing:2: (5.419025307418892, -13.676619644305863, -0.2593847027413769)
New position of object Bike:2: (18.70381104218926, 2.689136673064178, -0.11816749792146922)
New position of object Bollard:4: (11.178419688060622, 8.017582135333894, -0.43531656952984565)
New position of object Railing:1: (11.343876276679389, -6.943350100679524, -0.08809111560935198)
New position of object Bike:1: (16.43781733530917, 0.6383838488574476, -0.07138077366197523)
New position of object Bollard:7: (16.212466621683262, 3.5411406297197985, -0.42383596191588047)
New position of object Bollard:1: (5.245550929853174, 4.895448617221641, -0.4560598210713559)
New position of object Fence:1: (1.4945789773766833, 7.334022239185307, 0.6014674238533159)
New position of object Fence:2: (5.052670120625624, 7.6288798558611095, 0.6306365584932887)
New position of object Bollard:8: (18.31016547921199, 5.95429978666351, -0.3821695706466435)
New position of object Bollard:5: (15.501043617782784, 12.73261208019552, -0.4212946732012538)
New position of object Bollard:3: (8.077017502610467, 6.3503698831708615, -0.44574496647814377)
New position of object Bollard:2: (2.4213520614465374, 3.338273229256705, -0.4375017744186439)
New position of object Fence:5: (-10.719034799268233, -5.936019056541337, 1.484110933258952)
New position of object Fence:8: (-6.612750572719154, -5.125502588547704, 0.6171275242022509)
New position of object Fence:9: (-3.7683734179860124, -9.867044563071186, 1.0800591926959267)
New position of object Fence:4: (-8.707134616851821, -5.597805834288767, 1.3185399729704104)

After Updating position of all the atoms:
Atom 0: [(18, 20.924460219154003), (8, 13.422410513931997), (17, 3.9624585532659906), (6, 17.200707849985232), (9, 13.591306379006538), (10, 22.410219786589963), (1, 14.261290115579142), (2, 15.463823015242426), (14, 22.541859161737026), (22, 17.089704111200103), (16, 9.544765968642647), (7, 15.60788918833597), (13, 24.88777454103335), (3, 14.629376392201383), (5, 13.16667748256034), (11, 18.32974442990379), (12, 15.798890922327404), (4, 1.216346285321803), (20, 19.41532415245479), (24, 11.573689824261578), (21, 8.603645849247204), (19, 11.079085759104357), (23, 14.14244624880114), (25, 19.649481602273344), (15, 20.493991710368718)]
Atom 1: [(14, 9.865932166467458), (12, 10.295037058610587), (8, 11.10129475736884), (0, 14.267554474947364), (17, 15.41695026108089), (2, 1.7315000690426074), (13, 12.30832949439761), (4, 14.143396558723722), (7, 9.76405223162689), (9, 4.8338263088312665), (18, 19.096311234597113), (5, 7.961794934940059), (11, 7.612721925052634), (10, 11.488116438294576), (16, 15.05005809097853), (6, 7.808665614734058), (22, 11.805872529914229), (3, 14.599207402110494), (20, 18.96058361194383), (24, 19.794127924172383), (21, 17.353497955197973), (19, 17.486998442382454), (23, 20.12520468202103), (25, 20.78567725404899), (15, 9.688904348888347)]
Atom 2: [(13, 12.419209953673676), (10, 12.105113812766612), (17, 16.14145971020952), (6, 6.4070400703794395), (22, 13.269402878394802), (18, 18.149331404064334), (5, 7.408640177002045), (1, 1.715173514621873), (0, 15.405635837313254), (11, 8.562217413317597), (14, 10.042079572239903), (12, 11.795156082557304), (3, 14.095372294917249), (8, 10.58592133346334), (4, 15.341371509998995), (9, 4.218134448759637), (16, 16.72265611045787), (7, 8.787549999138344), (24, 20.017996543174537), (21, 17.751741265010043), (19, 17.60915702277968), (23, 20.071816929154686), (25, 20.13039590424576), (15, 10.433438977701398)]
Atom 3: [(9, 9.826053597510192), (10, 25.96194343241399), (6, 9.683744731563797), (0, 14.605712191302763), (11, 22.064621971302646), (2, 14.013661054951621), (5, 6.619394094457835), (1, 14.519643236601294), (16, 22.44637980854026), (12, 23.302134418826512), (17, 11.83970128388806), (14, 24.045351871886332), (4, 14.950283163271548), (7, 6.154014440345768), (8, 3.4343562804756274), (18, 6.37606676022333), (22, 24.927565650828466), (13, 26.394143324177666), (21, 9.068973493540184), (19, 6.736489359262084), (23, 7.424402782946943), (25, 6.39662267390575), (15, 24.16381742085961)]
Atom 4: [(0, 1.2388137364906373), (14, 22.230215208704188), (17, 4.400598909952191), (9, 13.566274347871783), (10, 22.05676348058995), (8, 13.667773383654024), (12, 15.343446876032667), (18, 21.323019051131272), (5, 13.277601805807192), (6, 17.323513853854983), (13, 24.561747512070024), (22, 16.602500845220934), (16, 8.970513878706484), (3, 14.965875676656983), (1, 14.06424105473413), (7, 15.846727537374125), (11, 17.959952885093266), (2, 15.267555714862851), (21, 9.134068339238752), (19, 11.564620288842848), (23, 14.661686124300955), (25, 20.113094059740124), (15, 20.145275829451514)]
Atom 5: [(6, 4.539692779936086), (13, 19.719384272453492), (17, 12.137140269086263), (12, 17.32249167713575), (10, 19.31672891101467), (3, 6.704258325088503), (11, 15.487333256179342), (4, 13.322241856644126), (16, 18.573919725590482), (9, 3.1228538716432053), (1, 7.885985314161223), (22, 18.93287686069799), (8, 3.2718180686508624), (18, 11.432050800059349), (7, 2.9312218631428033), (14, 17.360093882551848), (0, 13.213294646845972), (2, 7.321340389108356), (23, 13.107661076311604), (25, 12.907264235036674), (15, 17.548077597799324)]
Atom 6: [(0, 17.2387063227333), (11, 14.812618647139455), (10, 17.995632278663518), (22, 19.50555909883956), (3, 9.763142224225652), (16, 21.39133978360303), (8, 6.835826697910662), (12, 17.974857490711482), (13, 17.578590400908816), (18, 12.37768994932068), (17, 16.55263365448986), (2, 6.361132713462058), (5, 4.597259593688424), (7, 3.646570446864777), (1, 7.772372381653367), (14, 15.437087188587988), (9, 4.232694588189357), (4, 17.358787665056994), (23, 16.9007433322812), (25, 15.045659384074083), (15, 16.48700490147486)]
Atom 7: [(4, 15.888540847849749), (5, 2.9478396096628594), (0, 15.651839470100592), (1, 9.726225340319976), (9, 5.072177515835209), (2, 8.73973375633305), (18, 9.471945687494163), (3, 6.22994007163309), (17, 14.280227645202263), (14, 18.481950825898387), (13, 20.731648129324196), (6, 3.570406760607807), (12, 19.56331913691655), (22, 21.166711195955955), (11, 17.218389989697975), (16, 21.327228205276825), (10, 20.752486944068444), (8, 3.5444538522127176), (23, 13.401163301979281), (25, 11.675750539901921), (15, 19.09844632076577)]
Atom 8: [(17, 11.489220927769647), (3, 3.521136316750665), (13, 22.888646776053445), (9, 6.3049515404982515), (1, 11.020893517717717), (16, 20.20346411364303), (2, 10.497511189657025), (7, 3.4554105435514915), (0, 13.45209291680291), (11, 18.59332508748372), (10, 22.46453498401663), (14, 20.533933847719652), (22, 21.713844338328798), (18, 8.77896262864224), (4, 13.693913740628552), (6, 6.737412165396919), (12, 20.090971174277765), (5, 3.183410944094163), (15, 20.677992327402276)]
Atom 9: [(11, 12.353015978815312), (14, 14.15213793105333), (12, 14.630292723069731), (3, 9.9288554240006), (16, 17.277857218985563), (8, 6.407756688975649), (0, 13.64729631958923), (1, 4.744822336444655), (4, 13.617830388082938), (22, 16.208934452550455), (2, 4.1154781252813954), (17, 13.464247804359193), (18, 14.376612525718969), (5, 3.2250951673227624), (13, 16.52148232457915), (10, 16.12626515549508), (6, 4.231356224032624), (7, 5.1452948847524285), (15, 14.379861174488887)]
Atom 10: [(6, 18.056727750066923), (22, 8.006746766490803), (17, 24.91306153789078), (14, 3.5268913599910525), (13, 3.8164453527706415), (8, 22.538218188370433), (1, 11.562731657669513), (2, 12.173926006128196), (7, 20.820220390098726), (3, 26.03623823030129), (12, 8.084323063840138), (4, 22.141783583535506), (0, 22.495752550814284), (11, 4.371265373028042), (9, 16.197989370596787), (18, 30.255729500641113), (5, 19.389506234718766), (16, 17.983149293132698), (15, 2.0468376268293795)]
Atom 11: [(7, 17.284573873398436), (17, 20.717550579356754), (6, 14.86501922654308), (16, 14.786937053194329), (9, 12.424280842616195), (13, 6.654367721992169), (22, 6.351739841699062), (8, 18.67122473287616), (14, 4.634454395139047), (2, 8.621818237105282), (12, 5.606920983068325), (4, 18.062180120789467), (3, 22.14439102521485), (0, 18.432483249754796), (18, 26.72202578583951), (10, 4.274361627854412), (1, 7.685528907457813), (5, 15.562471162137927), (15, 2.258648778261462)]
Atom 12: [(13, 11.494144167268054), (14, 9.937270338431253), (11, 5.5486040969085355), (22, 1.5896453656318972), (5, 17.364956051519904), (7, 19.598983674854345), (2, 11.806325042074846), (8, 20.140652812535212), (18, 28.75537403615571), (0, 15.892124191724555), (10, 7.995493291804348), (9, 14.662745677260373), (1, 10.31278044400868), (16, 10.035699656135595), (3, 23.357287085554443), (4, 15.436730718844839), (6, 17.994566322441568), (17, 18.94319418242445), (15, 6.532582535668301)]
Atom 13: [(11, 8.910392984257811), (15, 7.448208245289911), (7, 21.292817054947122), (9, 17.517856498007514), (10, 6.0771529881875965), (12, 13.866041530729058), (6, 17.973267679578054), (18, 29.94408761542401), (17, 28.548100430783023), (1, 12.388356306505353), (8, 23.7998045385123), (0, 26.824960181867645), (5, 20.6807164922252), (4, 26.505924831012656), (16, 23.552823843956112), (3, 27.271146066802757), (14, 2.4586858452278455), (2, 12.302547193885152), (20, 30.84667359893834), (21, 30.749182711663124), (19, 30.984805433551756), (22, 13.457308435019655), (23, 33.259859679854664), (24, 32.739978230467266), (25, 32.45449385560718)]
Atom 14: [(11, 7.63549129203171), (10, 5.890029268718136), (15, 6.626152239085152), (12, 12.931859413028299), (1, 9.908642469431548), (4, 24.70144595645097), (17, 26.559076901761216), (6, 15.805383123622187), (9, 15.34515372303644), (8, 21.599847009402644), (18, 27.77921405950586), (0, 25.024528280155955), (16, 22.260922004902334), (3, 25.058441391028495), (2, 9.82643554505063), (13, 2.1085166541050295), (7, 19.095945891705526), (5, 18.466984414780388), (20, 28.645189129746505), (21, 28.742258766982427), (19, 28.869655765231215), (22, 11.963628453378773), (23, 30.837116805690517), (24, 30.283802419139192), (25, 30.169537098333517)]
Atom 15: [(1, 9.688904348888347), (8, 20.677992327402276), (4, 20.145275829451514), (7, 19.09844632076577), (11, 2.258648778261462), (10, 2.0468376268293795), (3, 24.16381742085961), (5, 17.548077597799324), (17, 22.87185314570557), (6, 16.48700490147486), (18, 28.553919538029778), (13, 5.002948773616699), (22, 6.88156717751555), (0, 20.493991710368718), (16, 16.349479290338728), (12, 6.532582535668301), (9, 14.379861174488887), (2, 10.433438977701398), (14, 3.5852519466036172)]
Atom 16: [(11, 14.701564557944566), (7, 21.31375706484487), (17, 13.364542599925489), (5, 18.572229761378757), (6, 21.388509382244482), (0, 9.656023360455077), (14, 19.420816225732594), (13, 21.281298856028354), (10, 17.908506808470896), (12, 9.943877272971312), (2, 16.71798906114083), (22, 10.47661588206171), (18, 28.732859561477284), (3, 22.49126731166854), (8, 20.214315480013738), (9, 17.281977196527983), (4, 9.04913649968013), (1, 15.042611060394822), (24, 21.07945573674123), (21, 18.065670434294027), (19, 20.321827882228735), (23, 23.485518277394156), (25, 28.268725268880758), (15, 16.349479290338728)]
Atom 17: [(6, 16.500175149195172), (16, 13.254992898332027), (8, 11.435291812548975), (2, 16.207042440638073), (9, 13.385212548086466), (12, 18.854971406972595), (4, 4.327403095609756), (22, 20.252460702292847), (11, 20.615737316138635), (13, 26.90062348984027), (3, 11.846375102398689), (14, 24.477270952932585), (1, 15.324130048973554), (5, 12.06717757593924), (0, 3.9048314655018057), (10, 24.82758990607224), (7, 14.222083454231012), (18, 18.003456778682732), (20, 16.346720854470707), (24, 7.727335010164023), (21, 4.756980313000662), (19, 7.352088709277695), (23, 10.353252155449754), (25, 16.268847953949642), (15, 22.87185314570557)]
Atom 18: [(15, 27.192819641233125), (3, 3.2158732910892294), (13, 30.01139539599682), (12, 26.523191163779487), (7, 8.828979643728676), (5, 9.795531312909036), (6, 12.330711224681531), (9, 12.931774275948513), (21, 10.286631462945383), (10, 29.198160390754413), (4, 17.50499039069258), (16, 25.411415609865223), (8, 6.567764472751751), (11, 25.174207546016742), (1, 19.15250149084161), (17, 13.996928392984163), (0, 17.02777769513404), (14, 27.908157615694293), (2, 18.60060011365649), (20, 2.1903408393125243), (19, 7.777781177055762), (22, 29.5888244264402), (23, 10.276539964974138), (24, 13.668480122881064), (25, 4.251868910136552)]
Atom 19: [(12, 24.034203334431403), (13, 29.780208558471077), (4, 11.564620288842848), (0, 11.079085759104357), (17, 7.352088709277695), (6, 15.159555671243355), (3, 6.736489359262084), (8, 8.511198792712715), (1, 17.486998442382454), (9, 13.68764604203603), (2, 17.60915702277968), (5, 10.954101047403526), (11, 24.34315955169907), (10, 28.53202586099648), (18, 11.764268327013049), (22, 25.585821148567675), (16, 20.321827882228735), (7, 11.854713706844745), (14, 27.32974020793933)]
Atom 20: [(8, 8.127095154279008), (17, 16.346720854470707), (13, 30.24672740162568), (5, 11.069686282088131), (22, 29.83755974125984), (6, 12.698101815125238), (7, 9.469700120493567), (2, 18.22561901297549), (1, 18.96058361194383), (11, 26.542627994127034), (18, 2.1156245241412357), (4, 19.842835428561692), (12, 28.206039605149), (16, 27.521053922212282), (14, 28.005552235534964), (10, 30.22344347183643), (3, 5.157692558502354), (0, 19.41532415245479), (9, 14.154723693115805)]
Atom 21: [(17, 4.756980313000662), (6, 16.32092753641079), (7, 13.306018698018566), (22, 24.21347318136821), (12, 22.721134624323795), (1, 17.353497955197973), (2, 17.751741265010043), (3, 9.068973493540184), (9, 14.180184392719974), (18, 14.55661048404809), (5, 11.890454088302544), (10, 27.9004711521697), (16, 18.065670434294027), (8, 10.04848639040242), (4, 9.134068339238752), (0, 8.603645849247204), (13, 29.50722941673174), (11, 23.6718541484841), (14, 27.049106867844742)]
Atom 22: [(4, 16.881930540660818), (9, 16.35829020050956), (14, 10.406395380732775), (10, 7.818589762839563), (8, 21.871071795968312), (11, 6.244483989679391), (0, 17.410662531592767), (16, 10.774243483084568), (13, 11.6777393746789), (6, 19.584036469204975), (2, 13.280244012719063), (17, 20.51126108082465), (7, 21.241975722420335), (3, 25.129150984452263), (12, 1.7552604174844428), (1, 11.81547253235909), (5, 19.09442484771817), (18, 30.332437230329514), (15, 6.68230577740184), (20, 29.857850971686812), (24, 27.38450173456046), (21, 24.377746184226915), (19, 25.7404786656867), (23, 28.87682755322365), (25, 31.396951863482943)]
Atom 23: [(9, 15.995901935440141), (16, 23.485518277394156), (1, 20.12520468202103), (22, 28.694380281417043), (12, 27.127778821400426), (0, 14.14244624880114), (6, 16.9007433322812), (13, 32.397791484031316), (11, 27.201193287375215), (18, 10.748858269196116), (3, 7.424402782946943), (14, 29.963857918686433), (7, 13.401163301979281), (10, 31.344680632171187), (17, 10.353252155449754), (5, 13.107661076311604), (8, 10.140640967103456), (4, 14.661686124300955), (2, 20.071816929154686)]
Atom 24: [(17, 7.727335010164023), (22, 27.20005463276793), (10, 30.619548576945803), (8, 11.148939687144647), (12, 25.689642506148722), (14, 29.590337601975666), (16, 21.07945573674123), (2, 20.017996543174537), (1, 19.794127924172383), (3, 9.177851502162117), (18, 13.661931227737904), (13, 32.047411533893516), (5, 13.54684013624674), (7, 14.459694916689854), (6, 17.76597960163507), (4, 12.048580555117326), (0, 11.573689824261578), (11, 26.408722713048288), (9, 16.194732569302296)]
Atom 25: [(22, 31.308832353240685), (5, 12.907264235036674), (14, 30.07957349035522), (8, 9.71614021067588), (13, 32.364852182726), (1, 20.78567725404899), (9, 16.00579430110133), (18, 4.205228883201153), (12, 29.68125166174664), (2, 20.13039590424576), (3, 6.39662267390575), (6, 15.045659384074083), (11, 28.36606583085451), (4, 20.113094059740124), (16, 28.268725268880758), (17, 16.268847953949642), (7, 11.675750539901921), (10, 32.17131009271816), (0, 19.649481602273344)]
New position of object Informational Sign:1: (11.674642890586878, -6.513598235818002, 0.9358485195846415)
New position of object Pedestrian:2: (-0.9159074889394709, -0.012528598942097346, -0.08364210633191371)
New position of object Trash Can:1: (13.943847337631464, -3.4491762350319135, 0.062129487273903564)
New position of object Service Vehicle:1: (12.935410105412902, 12.872341079620941, 0.2121522874168243)
New position of object Pedestrian:1: (-1.232572145885353, 1.6372602396566602, 0.10301846485722141)
New position of object Railing:2: (5.331776872065376, -13.691775072824132, -0.2559119653392286)
New position of object Bike:2: (18.54904058388406, 2.696351306482047, -0.06956751892931004)
New position of object Bollard:4: (11.112246122484141, 7.987136130091452, -0.42580753127653187)
New position of object Railing:1: (11.234279216943538, -6.956569127990981, -0.08874314121337823)
New position of object Bike:1: (16.346667920139947, 0.6289620123115647, -0.00611984593422657)
New position of object Bollard:7: (16.1161140761994, 3.530013565660296, -0.36956737198629913)
New position of object Bollard:1: (5.1421470331449655, 4.8718297584594, -0.4612504513900239)
New position of object Fence:1: (1.378709196139262, 7.331162233657441, 0.5975222617971561)
New position of object Fence:2: (4.9714420343017345, 7.638733452370053, 0.6354746373521039)
New position of object Bollard:8: (18.24109261479997, 5.928604258473628, -0.3230497025957839)
New position of object Bollard:5: (15.368532454374762, 12.762864769891408, -0.3883042931121629)
New position of object Bollard:3: (7.975900570615121, 6.355168546568679, -0.45653041179858017)
New position of object Bollard:2: (2.316950708086093, 3.3327466902754512, -0.4320606100204692)
New position of object Fence:5: (-10.808511033639528, -5.941242867948496, 1.4821052509001083)
New position of object Fence:8: (-6.715183178892996, -5.121529999018616, 0.6115689645823101)
New position of object Fence:9: (-3.8654870492018674, -9.858241916738407, 1.075876668365826)
New position of object Fence:4: (-8.808065729462864, -5.589153340048092, 1.3239384010268416)

After Updating position of all the atoms:
Atom 0: [(16, 9.584894861241187), (10, 22.407833225452578), (9, 13.585612005465373), (1, 14.187340586911445), (18, 20.92781657330254), (2, 15.330598361225059), (14, 22.4547819684904), (5, 13.16954753828742), (4, 1.1586826980450649), (8, 13.428826633749704), (6, 17.190174659204537), (13, 24.80023715275104), (7, 15.619006507487127), (12, 15.803580344176927), (11, 18.342768391947722), (3, 14.60416153523652), (22, 17.00167761211824), (17, 3.9503010995687813), (20, 19.440368138189033), (24, 11.536523550351882), (21, 8.58669256329638), (19, 11.059155255325171), (23, 14.124853614228506), (25, 19.67181300214389), (15, 20.507232005691378)]
Atom 1: [(4, 14.083273925560105), (6, 7.762192299204809), (8, 11.022263627705742), (7, 9.722408953832593), (10, 11.560574979512449), (14, 9.857888076586379), (22, 11.817054246759868), (11, 7.686846051188411), (18, 19.09300216410598), (9, 4.742403490130454), (17, 15.340406453029523), (3, 14.521677010494452), (5, 7.886095685137536), (2, 1.6978775857063224), (12, 10.324836438268912), (16, 15.062192506091527), (0, 14.206520559913065), (13, 12.299776963746679), (20, 18.919998944411756), (24, 19.65254263228394), (21, 17.27466438630103), (19, 17.39888263196464), (23, 20.05854004162034), (25, 20.69991495257642), (15, 9.765561329553623)]
Atom 2: [(18, 18.10958452176447), (3, 13.965351066263265), (13, 12.469474906975028), (6, 6.33552696254284), (16, 16.70000005500362), (0, 15.288109751863022), (8, 10.44906709896812), (17, 16.00616182159855), (11, 8.657112053104727), (14, 10.091384987819637), (10, 12.21699428576953), (22, 13.286286772816197), (9, 4.066542687932945), (4, 15.225979495909666), (7, 8.699549231239176), (12, 11.820910526245848), (5, 7.272856290200731), (1, 1.6902431439767311), (24, 19.81069564654922), (21, 17.60847119386288), (19, 17.45802870196507), (23, 19.945445264087496), (25, 19.99042641277209), (15, 10.540389070157786)]
Atom 3: [(17, 11.791746625855275), (2, 13.892268311445077), (12, 23.291033483353445), (16, 22.43697573654393), (6, 9.69439904800762), (10, 25.963568044024733), (1, 14.449504913836108), (0, 14.575379736949795), (7, 6.161402680813406), (14, 23.97212943289025), (18, 6.411289350241062), (13, 26.32091548366286), (11, 22.072709746210794), (9, 9.856150496327611), (8, 3.4484799583702355), (5, 6.631557838209076), (4, 14.93610136524874), (22, 24.86152887810977), (21, 9.039802854961387), (19, 6.70132815254535), (23, 7.420819695210582), (25, 6.397262216989176), (15, 24.170148342189677)]
Atom 4: [(13, 24.456059119878837), (7, 15.857651788098464), (5, 13.284205383564839), (17, 4.434673252479233), (6, 17.307777240430436), (3, 14.948004258750817), (2, 15.143086165530276), (22, 16.4934235160243), (14, 22.12564601337705), (0, 1.1999714362242244), (9, 13.556293622997135), (1, 13.994526139796466), (18, 21.33798915110233), (10, 22.03323373184972), (12, 15.326987709211348), (8, 13.68102253791056), (11, 17.9545963580714), (16, 8.957146781557597), (21, 9.14787557534495), (19, 11.57063483273158), (23, 14.66894770446548), (25, 20.150381137037844), (15, 20.138547267060847)]
Atom 5: [(0, 13.200505985570013), (12, 17.29183120420881), (13, 19.615624860340883), (14, 17.25717254510044), (11, 15.468909814175886), (17, 12.123654381163789), (7, 2.966740399800544), (18, 11.509693911810913), (8, 3.286302784739225), (2, 7.170626471467302), (3, 6.73412749554431), (1, 7.79099282622716), (10, 19.2917369888165), (22, 18.859185044396888), (16, 18.565708919987838), (6, 4.527307568076872), (4, 13.310291373895241), (9, 3.1233131296649645), (23, 13.142231436936681), (25, 12.91714803960977), (15, 17.527906399455677)]
Atom 6: [(2, 6.28361712468861), (1, 7.723926829835772), (18, 12.474087344686724), (16, 21.40838590419078), (4, 17.37073654457338), (8, 6.849649210938277), (12, 17.958385738962026), (11, 14.799740271246645), (10, 17.9766389694454), (5, 4.618742278451963), (14, 15.346096836665492), (0, 17.256827858975708), (13, 17.482577386446913), (17, 16.564571815694404), (9, 4.254590638543844), (7, 3.686152630300185), (3, 9.809140977410529), (22, 19.46655731078866), (23, 16.94563649360217), (25, 15.039627696028976), (15, 16.469141395845362)]
Atom 7: [(22, 21.13818075875756), (14, 18.419385467130017), (12, 19.571261928981578), (0, 15.662426963958078), (18, 9.522053754218435), (6, 3.6060739986585966), (17, 14.274961394845171), (10, 20.764998254411733), (8, 3.531786447041712), (4, 15.898757133164985), (16, 21.352166288555956), (13, 20.666469695847553), (1, 9.680899972507957), (2, 8.648177972642953), (9, 5.113530617924679), (11, 17.23715686188944), (3, 6.2415686423150305), (5, 2.9812249442608167), (23, 13.413684702519534), (25, 11.636336805921356), (15, 19.113497993788904)]
Atom 8: [(12, 20.086046831234498), (1, 10.943073754355304), (14, 20.44566469492095), (7, 3.444820023049368), (6, 6.751779376387391), (3, 3.535664790359137), (4, 13.709655677497686), (9, 6.320999017984924), (17, 11.48958542774044), (11, 18.595356766089232), (13, 22.798808134335996), (0, 13.461967625037907), (18, 8.816185232680015), (10, 22.457515223396992), (5, 3.1985114272435964), (16, 20.221562411777345), (2, 10.361839774303105), (22, 21.659187296147074), (15, 20.677002183264136)]
Atom 9: [(17, 13.469351419099842), (2, 3.9698987910864267), (11, 12.344324265350496), (10, 16.109582552027536), (7, 5.16986244504347), (13, 16.4225165428458), (0, 13.652402234511683), (3, 9.95090958581153), (12, 14.613424141830986), (22, 16.158048501995086), (1, 4.665151051835032), (5, 3.2173534174435754), (16, 17.29030209123856), (8, 6.415555018485568), (6, 4.234107330033002), (14, 14.054732655471039), (18, 14.447900547503483), (4, 13.620082034528929), (15, 14.36836189040424)]
Atom 10: [(3, 26.041495099075636), (4, 22.12200384496254), (7, 20.836013512249362), (14, 3.5404439831259507), (8, 22.534732330911147), (16, 17.98889510175104), (17, 24.917984914756076), (18, 30.32526857371422), (0, 22.497070864094592), (11, 4.360966007267543), (12, 8.070755703754468), (5, 19.36808363708378), (1, 11.63893562843318), (22, 8.070956031282698), (2, 12.289597035599733), (6, 18.040719530408843), (9, 16.184828056011703), (13, 3.771240369709361), (15, 2.0373426817937195)]
Atom 11: [(18, 26.788980971091394), (17, 20.733889956634627), (2, 8.717734386894337), (0, 18.445289752980834), (12, 5.605629254459277), (13, 6.557314644042694), (16, 14.809823437781162), (22, 6.387746952234666), (6, 14.851964009187979), (3, 22.15243808645536), (1, 7.759949243854077), (4, 18.056605604319255), (5, 15.543952537851386), (9, 12.415450035356859), (8, 18.673065830740605), (10, 4.264398614075504), (7, 17.30323968809641), (14, 4.548735600320939), (15, 2.259712188207982)]
Atom 12: [(11, 5.5473227296451775), (8, 20.13557575719574), (22, 1.5432683287919235), (18, 28.79988995496106), (5, 17.334221733328842), (10, 7.982072741961545), (3, 23.346200205428634), (1, 10.343238086181033), (14, 9.865886760481121), (2, 11.833227108440193), (0, 15.896599881115787), (4, 15.420083837840972), (9, 14.645770443669267), (16, 10.052825526244781), (17, 18.954582495049685), (7, 19.606871668957826), (13, 11.412081719521046), (6, 17.977931812185172), (15, 6.535727649574228)]
Atom 13: [(11, 8.910392984257811), (15, 7.448208245289911), (7, 21.292817054947122), (9, 17.517856498007514), (10, 6.0771529881875965), (12, 13.866041530729058), (6, 17.973267679578054), (18, 29.94408761542401), (17, 28.548100430783023), (1, 12.388356306505353), (8, 23.7998045385123), (0, 26.824960181867645), (5, 20.6807164922252), (4, 26.505924831012656), (16, 23.552823843956112), (3, 27.271146066802757), (14, 2.4586858452278455), (2, 12.302547193885152), (20, 30.84667359893834), (21, 30.749182711663124), (19, 30.984805433551756), (22, 13.457308435019655), (23, 33.259859679854664), (24, 32.739978230467266), (25, 32.45449385560718)]
Atom 14: [(11, 7.63549129203171), (10, 5.890029268718136), (15, 6.626152239085152), (12, 12.931859413028299), (1, 9.908642469431548), (4, 24.70144595645097), (17, 26.559076901761216), (6, 15.805383123622187), (9, 15.34515372303644), (8, 21.599847009402644), (18, 27.77921405950586), (0, 25.024528280155955), (16, 22.260922004902334), (3, 25.058441391028495), (2, 9.82643554505063), (13, 2.1085166541050295), (7, 19.095945891705526), (5, 18.466984414780388), (20, 28.645189129746505), (21, 28.742258766982427), (19, 28.869655765231215), (22, 11.963628453378773), (23, 30.837116805690517), (24, 30.283802419139192), (25, 30.169537098333517)]
Atom 15: [(12, 6.535727649574228), (3, 24.170148342189677), (11, 2.259712188207982), (8, 20.677002183264136), (2, 10.540389070157786), (4, 20.138547267060847), (13, 4.915288717661771), (6, 16.469141395845362), (7, 19.113497993788904), (18, 28.620172964686066), (17, 22.887140755398818), (5, 17.527906399455677), (0, 20.507232005691378), (16, 16.373257309422414), (22, 6.948360089778606), (14, 3.531420861092582), (9, 14.36836189040424), (10, 2.0373426817937195), (1, 9.765561329553623)]
Atom 16: [(9, 17.27790764555227), (17, 13.385803637488431), (6, 21.39026273110545), (3, 22.4835853150968), (0, 9.652899309827703), (12, 9.961230732638372), (10, 17.91111348800995), (22, 10.395816799484997), (8, 20.230174421517788), (11, 14.724637791958795), (18, 28.766645744591127), (4, 9.039620716226382), (7, 21.340904279150855), (5, 18.58850124622917), (1, 15.039448822090556), (13, 21.21402000806872), (2, 16.679293531036464), (14, 19.358321203181628), (24, 21.054725609814486), (21, 18.068584105165822), (19, 20.320060295003078), (23, 23.486468988023628), (25, 28.29491048855367), (15, 16.373257309422414)]
Atom 17: [(10, 24.82869657775504), (18, 17.979021969624984), (4, 4.357942949453748), (9, 13.382339071239986), (2, 16.054931705728187), (6, 16.478851217540473), (22, 20.177659425057062), (0, 3.911950404697221), (11, 20.63230017502453), (3, 11.805998059833604), (5, 12.064893057201116), (1, 15.252675497693586), (13, 26.81383693617912), (12, 18.86658365621494), (8, 11.432791999185918), (14, 24.390317559057724), (16, 13.318279194816421), (7, 14.216172457704717), (20, 16.35332932293606), (24, 7.680667789995869), (21, 4.733858498905041), (19, 7.322171483642666), (23, 10.322666659581174), (25, 16.280752188326492), (15, 22.887140755398818)]
Atom 18: [(15, 27.192819641233125), (3, 3.2158732910892294), (13, 30.01139539599682), (12, 26.523191163779487), (7, 8.828979643728676), (5, 9.795531312909036), (6, 12.330711224681531), (9, 12.931774275948513), (21, 10.286631462945383), (10, 29.198160390754413), (4, 17.50499039069258), (16, 25.411415609865223), (8, 6.567764472751751), (11, 25.174207546016742), (1, 19.15250149084161), (17, 13.996928392984163), (0, 17.02777769513404), (14, 27.908157615694293), (2, 18.60060011365649), (20, 2.1903408393125243), (19, 7.777781177055762), (22, 29.5888244264402), (23, 10.276539964974138), (24, 13.668480122881064), (25, 4.251868910136552)]
Atom 19: [(16, 20.320060295003078), (10, 28.516085145623233), (7, 11.840646305232383), (0, 11.059155255325171), (13, 29.6814245138305), (1, 17.39888263196464), (3, 6.70132815254535), (18, 11.737013460000265), (8, 8.51981728108729), (17, 7.322171483642666), (4, 11.57063483273158), (2, 17.45802870196507), (12, 24.02031279122024), (6, 15.139441178890632), (9, 13.696272707578359), (14, 27.230976340684958), (5, 10.9563240615857), (11, 24.341175299125958), (22, 25.497898541822515)]
Atom 20: [(8, 8.159222742821306), (17, 16.35332932293606), (9, 14.207952587452636), (10, 30.24739746749968), (0, 19.440368138189033), (6, 12.716806153827516), (11, 26.574743038161554), (13, 30.194041329304387), (14, 27.954841691824278), (12, 28.228519369599905), (5, 11.100056527718818), (1, 18.919998944411756), (22, 29.809784206401186), (18, 2.060338594502473), (16, 27.596479903879246), (7, 9.476634653608604), (3, 5.203356191394037), (2, 18.125575096158347), (4, 19.881769110974545)]
Atom 21: [(11, 23.677778562550262), (14, 26.95543860261786), (12, 22.7147711185685), (17, 4.733858498905041), (9, 14.192986979591923), (4, 9.14787557534495), (18, 14.536943902907108), (7, 13.302582261743662), (13, 29.413560998329952), (2, 17.60847119386288), (22, 24.12670326561519), (16, 18.068584105165822), (10, 27.890357256676204), (5, 11.901266838582234), (6, 16.30679431709871), (0, 8.58669256329638), (3, 9.039802854961387), (8, 10.065530105239835), (1, 17.27466438630103)]
Atom 22: [(4, 16.881930540660818), (9, 16.35829020050956), (14, 10.406395380732775), (10, 7.818589762839563), (8, 21.871071795968312), (11, 6.244483989679391), (0, 17.410662531592767), (16, 10.774243483084568), (13, 11.6777393746789), (6, 19.584036469204975), (2, 13.280244012719063), (17, 20.51126108082465), (7, 21.241975722420335), (3, 25.129150984452263), (12, 1.7552604174844428), (1, 11.81547253235909), (5, 19.09442484771817), (18, 30.332437230329514), (15, 6.68230577740184), (20, 29.857850971686812), (24, 27.38450173456046), (21, 24.377746184226915), (19, 25.7404786656867), (23, 28.87682755322365), (25, 31.396951863482943)]
Atom 23: [(2, 19.945445264087496), (0, 14.124853614228506), (7, 13.413684702519534), (9, 16.03081736197764), (10, 31.348430515897352), (12, 27.12725255741865), (3, 7.420819695210582), (22, 28.620998331143557), (8, 10.173561974853522), (13, 32.32209780200223), (6, 16.94563649360217), (4, 14.66894770446548), (16, 23.486468988023628), (11, 27.21747109106473), (1, 20.05854004162034), (14, 29.888073960273307), (18, 10.726124544766652), (5, 13.142231436936681), (17, 10.322666659581174)]
Atom 24: [(12, 25.63644915119986), (6, 17.686518602096633), (10, 30.554082729662884), (22, 27.068917051065952), (17, 7.680667789995869), (16, 21.054725609814486), (2, 19.81069564654922), (9, 16.144651636008263), (3, 9.098094431906476), (5, 13.489560491603276), (14, 29.43779577361364), (4, 12.0348900716493), (13, 31.89476500592601), (1, 19.65254263228394), (8, 11.097595624528685), (18, 13.577061912579504), (0, 11.536523550351882), (7, 14.386526311865332), (11, 26.35846510413627)]
Atom 25: [(18, 4.070861358304752), (3, 6.397262216989176), (22, 31.24530496858558), (8, 9.710282199554046), (1, 20.69991495257642), (0, 19.67181300214389), (7, 11.636336805921356), (13, 32.26210483337465), (6, 15.039627696028976), (14, 29.97949873713712), (16, 28.29491048855367), (10, 32.15144414093589), (11, 28.358092026914385), (2, 19.99042641277209), (4, 20.150381137037844), (17, 16.280752188326492), (12, 29.67305265914106), (9, 16.014207012118806), (5, 12.91714803960977)]
New position of object Informational Sign:1: (11.563308289634065, -6.510134664890721, 0.9097791587993947)
New position of object Pedestrian:2: (-0.9297237167058405, 0.00013517965294695955, -0.09540629474082707)
New position of object Trash Can:1: (13.83534747609152, -3.4620822854397346, 0.06636790498449643)
New position of object Service Vehicle:1: (12.854332229787957, 12.87508361927444, 0.22232698640416362)
New position of object Pedestrian:1: (-1.2160075123249108, 1.6421407893837827, 0.10037268585082572)
New position of object Railing:2: (5.256517029187112, -13.678609109520014, -0.24320330700950885)
New position of object Bike:2: (18.434611776028156, 2.7515262187480847, -0.09859777773407588)
New position of object Bollard:4: (11.02678179460478, 7.988025780808298, -0.43865792241062407)
New position of object Railing:1: (11.137585574870059, -6.971213352069746, -0.08171295536885412)
New position of object Bike:1: (16.259599828539322, 0.6169457335126722, -0.04658505766932283)
New position of object Bollard:7: (15.97446998102481, 3.5493272236147337, -0.40762274738804827)
New position of object Bollard:1: (5.05007846524941, 4.896285460318834, -0.4746107233453948)
New position of object Fence:1: (1.3134132832445111, 7.329935411451428, 0.5938973303200393)
New position of object Fence:2: (4.882657782007168, 7.644288655615947, 0.6407636130054065)
New position of object Fence:3: (8.196903725974437, 10.15308810276866, 0.7121218142203125)
New position of object Bollard:8: (18.149028555382714, 5.9203118208327865, -0.35972672666435257)
New position of object Bollard:5: (15.23192886351682, 12.807787479384663, -0.36096777992562057)
New position of object Bollard:3: (7.8808926229638985, 6.3533533970966865, -0.459861516669275)
New position of object Bollard:2: (2.2160062353761703, 3.3420666694903503, -0.43572536088344693)
New position of object Fence:5: (-10.902522307663212, -5.946696689304773, 1.4807897716521956)
New position of object Fence:8: (-6.817482716469311, -5.117518176164616, 0.6058426598003511)
New position of object Fence:9: (-3.9625829010369067, -9.849760206583106, 1.0720238014621093)
New position of object Fence:4: (-8.90897882401796, -5.579808528803486, 1.329900414799115)

After Updating position of all the atoms:
Atom 0: [(14, 22.344526189603915), (7, 15.611483359960191), (13, 24.689611430681715), (17, 3.969249631101744), (9, 13.571218657987723), (2, 15.190966482355337), (11, 18.333586735907225), (8, 13.425808083984066), (12, 15.788766137993326), (5, 13.140020860267333), (16, 9.579497823680695), (18, 20.922878899930506), (4, 1.1421955367370353), (6, 17.187351829141672), (22, 16.895638283210136), (3, 14.565648265298218), (10, 22.386368505533117), (1, 14.104488535443819), (20, 19.44031947340662), (24, 11.576268741342753), (21, 8.588658902194265), (19, 11.062850841275647), (26, 17.001021766844968), (23, 14.124424110255095), (25, 19.70420489818557), (15, 20.497720562370652)]
Atom 1: [(0, 14.123379905540203), (12, 10.35269091100211), (4, 14.012806520873584), (16, 15.056578564048456), (5, 7.793257625603066), (2, 1.676683636936379), (9, 4.664818370454315), (8, 10.946552136150178), (6, 7.717057092189881), (17, 15.2691087711926), (18, 19.092405481569536), (7, 9.680192546107675), (10, 11.635246221475533), (13, 12.290227393311469), (14, 9.848854866236408), (22, 11.825669046013678), (3, 14.453732624044596), (11, 7.759046939432879), (20, 18.86439636184869), (24, 19.558825422574188), (21, 17.20045588685549), (19, 17.27558994212996), (26, 13.675886924921945), (23, 19.977916433232664), (25, 20.62293612599948), (15, 9.84051741898609)]
Atom 2: [(16, 16.677211840305034), (1, 1.6782342635231537), (13, 12.486822938638193), (12, 11.841881278897654), (18, 18.094324650674825), (5, 7.153491497816449), (14, 10.108641468163466), (9, 3.9526481393936126), (6, 6.272533578343946), (10, 12.305812300780687), (22, 13.295465518233415), (8, 10.344754511605633), (0, 15.179777544055645), (4, 15.132191403765791), (3, 13.87521780653121), (11, 8.732095806909783), (7, 8.633075324374943), (17, 15.893317353844376), (24, 19.682915528245772), (21, 17.506269545880727), (19, 17.30340821643151), (26, 12.704855731072913), (23, 19.83731485729214), (25, 19.885148026983053), (15, 10.623092675546541)]
Atom 3: [(13, 26.244156655982373), (10, 25.97101979423147), (18, 6.41811911808059), (14, 23.896475476904072), (22, 24.8087457861066), (1, 14.383401613593538), (2, 13.800242763622009), (16, 22.422694428647382), (6, 9.725761870361707), (4, 14.95013085302222), (7, 6.159781286649323), (17, 11.800341817181376), (11, 22.084853415392597), (12, 23.2929765610875), (8, 3.460407261606388), (5, 6.658837312012509), (9, 9.875870821905803), (0, 14.57061424755601), (21, 9.048144935354248), (19, 6.647001312905034), (26, 3.744328877586444), (23, 7.41674255150813), (25, 6.39682737460396), (15, 24.17950532761624)]
Atom 4: [(1, 13.936277888907401), (16, 8.92200673726243), (12, 15.322112642627564), (22, 16.39595281044796), (0, 1.173409561105837), (13, 24.363046925752613), (14, 22.033728081395587), (6, 17.327867036966598), (11, 17.96171819460555), (5, 13.279570856633155), (2, 15.061018787280773), (17, 4.42875242700164), (3, 14.96390733137062), (7, 15.874074141020195), (8, 13.70143038883652), (10, 22.025837621540187), (18, 21.35472599754002), (9, 13.568269435948393), (21, 9.155130927086455), (19, 11.583757678562709), (26, 17.39308723872831), (23, 14.677501340813762), (25, 20.20026000112373), (15, 20.14431443082167)]
Atom 5: [(17, 12.138200889856355), (11, 15.490571146569632), (3, 6.729125760480548), (18, 11.541931220847749), (9, 3.1490397480103867), (12, 17.308593175491183), (2, 7.084059354535324), (7, 2.95964426670045), (14, 17.185712369524015), (13, 19.541799833148197), (22, 18.83327734841147), (1, 7.737836758736561), (4, 13.34352425440173), (10, 19.307398026770333), (16, 18.577482998340884), (0, 13.207767342129562), (6, 4.53398790793942), (8, 3.26941917613177), (26, 6.240578287220003), (23, 13.139418624258994), (25, 12.894760813949596), (15, 17.545942155429014)]
Atom 6: [(12, 17.95791615419271), (10, 17.995947748814512), (1, 7.696283163069131), (11, 14.815453563986367), (18, 12.528237400685137), (16, 21.39176821859108), (7, 3.67127488021484), (14, 15.295238188705898), (17, 16.53918889167779), (13, 17.428827425653076), (0, 17.225204460024106), (3, 9.790239073774815), (2, 6.244400995978649), (5, 4.585523768099264), (8, 6.814859186854909), (22, 19.44524172335383), (9, 4.247021866096507), (4, 17.363572974190394), (26, 7.440874197447464), (23, 16.92141776272724), (25, 14.98811884844819), (15, 16.483339756794837)]
Atom 7: [(2, 8.573885917981233), (3, 6.247684846767959), (13, 20.592714013684265), (11, 17.247518465125527), (5, 2.9704563886262374), (18, 9.580989379138842), (9, 5.13061387375545), (14, 18.34829542340081), (8, 3.5261928168629226), (1, 9.631137377471552), (16, 21.344487282547288), (12, 19.571865976317977), (4, 15.914113014002478), (17, 14.276976524050289), (10, 20.772272416145086), (6, 3.583367229648253), (22, 21.10266776621441), (0, 15.654110006801325), (26, 4.157330012883013), (23, 13.415277505266685), (25, 11.609160081815412), (15, 19.119646862513147)]
Atom 8: [(4, 13.721994183441433), (5, 3.1838299745747154), (17, 11.492398689575575), (7, 3.444895017164736), (10, 22.45489125527595), (18, 8.857700765048211), (0, 13.450108766955333), (14, 20.359667109394127), (22, 21.602565024389712), (3, 3.545309870057375), (13, 22.711523515889702), (1, 10.868448353472786), (12, 20.078639142013685), (2, 10.259774786425085), (9, 6.331057368231473), (6, 6.722789972623748), (16, 20.20430176728514), (11, 18.597482115709912), (15, 20.676154974444927)]
Atom 9: [(7, 5.174840384007631), (17, 13.474332321740274), (14, 13.96756667353674), (13, 16.333155135240485), (10, 16.10887830714123), (3, 9.960658141862694), (1, 4.602166889734979), (4, 13.641248018317572), (16, 17.291187773044935), (18, 14.506124340482465), (12, 14.61224308711236), (6, 4.216383998948516), (8, 6.415556725191582), (0, 13.647282119132768), (22, 16.123307934068208), (5, 3.2325026721283354), (2, 3.8672816651981283), (11, 12.34890433702126), (15, 14.369501870469552)]
Atom 10: [(17, 24.902531987547107), (5, 19.38760749584191), (16, 17.99636558027838), (3, 26.052929742719243), (13, 3.7255710548415912), (4, 22.11916374183112), (14, 3.557174964806313), (12, 8.06126577630957), (11, 4.355485490451224), (1, 11.717760667173797), (18, 30.39846931081901), (8, 22.53606079169458), (7, 20.846880751239187), (0, 22.48014812893326), (22, 8.139010282225122), (6, 18.06335020151379), (9, 16.187956823622674), (2, 12.382430072042734), (15, 2.03263133438211)]
Atom 11: [(6, 14.867774321158972), (22, 6.42519471656506), (0, 18.43597667849866), (7, 17.31352710364769), (18, 26.856035984388694), (16, 14.825472231300001), (9, 12.419877710575925), (17, 20.72609215366312), (10, 4.259180427830317), (1, 7.832485685007767), (2, 8.793464259762926), (13, 6.460552970193323), (12, 5.604433242818925), (14, 4.463824174533447), (8, 18.675086550290935), (5, 15.565431288115253), (4, 18.063593105353792), (3, 22.164476980419966), (15, 2.2610457692421835)]
Atom 12: [(5, 17.35125373184987), (6, 17.977949888329142), (9, 14.644881958604152), (11, 5.5463404554225075), (1, 10.372153439922492), (0, 15.881836145337585), (17, 18.9362113083767), (16, 10.068848483905013), (13, 11.330483511745479), (4, 15.415324469451367), (18, 28.844943267161835), (2, 11.855444772654119), (22, 1.5015609318662646), (8, 20.128474248418975), (14, 9.795216844434536), (7, 19.60780491753561), (10, 7.972687966171712), (3, 23.34844367793643), (15, 6.539558112377528)]
Atom 13: [(11, 8.910392984257811), (15, 7.448208245289911), (7, 21.292817054947122), (9, 17.517856498007514), (10, 6.0771529881875965), (12, 13.866041530729058), (6, 17.973267679578054), (18, 29.94408761542401), (17, 28.548100430783023), (1, 12.388356306505353), (8, 23.7998045385123), (0, 26.824960181867645), (5, 20.6807164922252), (4, 26.505924831012656), (16, 23.552823843956112), (3, 27.271146066802757), (14, 2.4586858452278455), (2, 12.302547193885152), (20, 30.84667359893834), (21, 30.749182711663124), (19, 30.984805433551756), (22, 13.457308435019655), (23, 33.259859679854664), (24, 32.739978230467266), (25, 32.45449385560718), (26, 24.725756056410756)]
Atom 14: [(11, 7.63549129203171), (10, 5.890029268718136), (15, 6.626152239085152), (12, 12.931859413028299), (1, 9.908642469431548), (4, 24.70144595645097), (17, 26.559076901761216), (6, 15.805383123622187), (9, 15.34515372303644), (8, 21.599847009402644), (18, 27.77921405950586), (0, 25.024528280155955), (16, 22.260922004902334), (3, 25.058441391028495), (2, 9.82643554505063), (13, 2.1085166541050295), (7, 19.095945891705526), (5, 18.466984414780388), (20, 28.645189129746505), (21, 28.742258766982427), (19, 28.869655765231215), (22, 11.963628453378773), (23, 30.837116805690517), (24, 30.283802419139192), (25, 30.169537098333517), (26, 22.49762220457526)]
Atom 15: [(13, 4.827837529398985), (8, 20.676154974444927), (1, 9.84051741898609), (11, 2.2610457692421835), (4, 20.14431443082167), (12, 6.539558112377528), (14, 3.4791887099640193), (10, 2.03263133438211), (7, 19.119646862513147), (18, 28.68616999074652), (17, 22.87762351493358), (6, 16.483339756794837), (9, 14.369501870469552), (2, 10.623092675546541), (5, 17.545942155429014), (16, 16.39287951925935), (22, 7.016553526313462), (0, 20.497720562370652), (3, 24.17950532761624)]
Atom 16: [(4, 8.996850572809526), (14, 19.288798565950408), (3, 22.443872756379466), (7, 21.33734839626485), (10, 17.914481645741645), (0, 9.617276664036243), (13, 21.142098161093237), (22, 10.318660207316766), (12, 9.977280986083501), (8, 20.21862513804106), (11, 14.740279658534535), (5, 18.55207285582419), (9, 17.264499511549324), (17, 13.344271674362053), (18, 28.770413834404152), (1, 15.013309556908618), (6, 21.38117641676185), (2, 16.635413907327525), (24, 21.062583859085763), (21, 18.04076988644136), (19, 20.290474108032203), (26, 24.031402623070182), (23, 23.45949984110138), (25, 28.30286052681438), (15, 16.39287951925935)]
Atom 17: [(1, 15.166425023573092), (18, 17.978287443871867), (14, 24.28233964925694), (5, 12.05421938686519), (3, 11.778884495936596), (2, 15.907446029647598), (6, 16.49072737744925), (12, 18.84806379616264), (10, 24.808674121648032), (8, 11.444865861440292), (0, 3.89411452267864), (11, 20.62462899329215), (22, 20.07242099977542), (4, 4.35901982309825), (16, 13.306434227723736), (9, 13.38251082192675), (7, 14.216919926574185), (13, 26.705592959497313), (20, 16.36733649518799), (24, 7.732359046271818), (21, 4.746390988900911), (19, 7.345772630112373), (26, 14.750657976323446), (23, 10.335314231041654), (25, 16.33529055522575), (15, 22.87762351493358)]
Atom 18: [(15, 27.192819641233125), (3, 3.2158732910892294), (13, 30.01139539599682), (12, 26.523191163779487), (7, 8.828979643728676), (5, 9.795531312909036), (6, 12.330711224681531), (9, 12.931774275948513), (21, 10.286631462945383), (10, 29.198160390754413), (4, 17.50499039069258), (16, 25.411415609865223), (8, 6.567764472751751), (11, 25.174207546016742), (1, 19.15250149084161), (17, 13.996928392984163), (0, 17.02777769513404), (14, 27.908157615694293), (2, 18.60060011365649), (20, 2.1903408393125243), (19, 7.777781177055762), (22, 29.5888244264402), (23, 10.276539964974138), (24, 13.668480122881064), (25, 4.251868910136552), (26, 5.540773638260195)]
Atom 19: [(0, 11.062850841275647), (16, 20.290474108032203), (3, 6.647001312905034), (2, 17.30340821643151), (18, 11.665925306995437), (7, 11.784647616887133), (6, 15.111215219904635), (13, 29.54903796046943), (5, 10.912887305038543), (9, 13.65925828979173), (14, 27.098987600805028), (17, 7.345772630112373), (10, 28.477536139951766), (4, 11.583757678562709), (12, 23.991406289151392), (11, 24.311373413248585), (8, 8.476570656956483), (22, 25.395730863277954), (1, 17.27558994212996)]
Atom 20: [(11, 26.58938781495934), (12, 28.23269370265598), (13, 30.126029459801483), (16, 27.61549442561003), (7, 9.472592669697997), (22, 29.763909286270476), (9, 14.230981221503882), (18, 2.0106866758965607), (10, 30.258409327970288), (1, 18.86439636184869), (4, 19.900145403409557), (3, 5.229433335962935), (0, 19.44031947340662), (14, 27.88844107167446), (2, 18.020648815294123), (8, 8.171244420258777), (5, 11.135400800215114), (17, 16.36733649518799), (6, 12.7501278360253)]
Atom 21: [(1, 17.20045588685549), (14, 26.868889441322498), (3, 9.048144935354248), (17, 4.746390988900911), (0, 8.588658902194265), (8, 10.085381977961099), (12, 22.715822645702648), (11, 23.68974302706674), (10, 27.893177614589806), (13, 29.32701148741726), (6, 16.33819094830448), (22, 24.046644711291204), (7, 13.311394163793508), (2, 17.506269545880727), (9, 14.209913114945117), (16, 18.04076988644136), (4, 9.155130927086455), (18, 14.519506068354538), (5, 11.911076446413993)]
Atom 22: [(4, 16.881930540660818), (9, 16.35829020050956), (14, 10.406395380732775), (10, 7.818589762839563), (8, 21.871071795968312), (11, 6.244483989679391), (0, 17.410662531592767), (16, 10.774243483084568), (13, 11.6777393746789), (6, 19.584036469204975), (2, 13.280244012719063), (17, 20.51126108082465), (7, 21.241975722420335), (3, 25.129150984452263), (12, 1.7552604174844428), (1, 11.81547253235909), (5, 19.09442484771817), (18, 30.332437230329514), (15, 6.68230577740184), (20, 29.857850971686812), (24, 27.38450173456046), (21, 24.377746184226915), (19, 25.7404786656867), (23, 28.87682755322365), (25, 31.396951863482943), (26, 24.906098798316926)]
Atom 23: [(8, 10.1828779978862), (4, 14.677501340813762), (3, 7.41674255150813), (16, 23.45949984110138), (9, 16.04230078443918), (5, 13.139418624258994), (0, 14.124424110255095), (13, 32.23271915998787), (2, 19.83731485729214), (14, 29.798910471231544), (17, 10.335314231041654), (10, 31.346896556410787), (7, 13.415277505266685), (18, 10.676282580986937), (1, 19.977916433232664), (6, 16.92141776272724), (11, 27.223054774608734), (12, 27.12310108490071), (22, 28.54404185569658)]
Atom 24: [(18, 13.470971901604063), (4, 12.086852416433805), (2, 19.682915528245772), (11, 26.36288180917603), (6, 17.673750647588996), (8, 11.067926358429602), (5, 13.465393533165484), (13, 31.79265429636721), (16, 21.062583859085763), (9, 16.131584330067962), (3, 9.007536629443774), (17, 7.732359046271818), (0, 11.576268741342753), (1, 19.558825422574188), (7, 14.34156882455665), (12, 25.645273448928123), (10, 30.5487002689258), (22, 27.000319108626258), (14, 29.33591167806068)]
Atom 25: [(0, 19.70420489818557), (16, 28.30286052681438), (22, 31.191175865003565), (11, 28.356339325852435), (6, 14.98811884844819), (18, 3.9273029525122616), (8, 9.71058030686816), (9, 16.018055840239388), (10, 32.14074621410631), (1, 20.62293612599948), (3, 6.39682737460396), (7, 11.609160081815412), (14, 29.883958557516074), (17, 16.33529055522575), (12, 29.673636533088796), (2, 19.885148026983053), (13, 32.16341244042263), (4, 20.20026000112373), (5, 12.894760813949596)]
Atom 26: [(5, 6.240578287220003), (6, 7.440874197447464), (14, 22.49762220457526), (1, 13.675886924921945), (18, 5.540773638260195), (12, 23.36850268965895), (10, 24.916383246223738), (17, 14.750657976323446), (22, 24.906098798316926), (2, 12.704855731072913), (13, 24.725756056410756), (0, 17.001021766844968), (4, 17.39308723872831), (16, 24.031402623070182), (7, 4.157330012883013), (3, 3.744328877586444), (8, 3.979796901278248), (11, 21.346999903718007), (9, 9.077447763302501)]
New position of object Informational Sign:1: (11.447906983891745, -6.504131323380751, 0.9035618559645794)
New position of object Pedestrian:2: (-0.941405206417425, -0.06019749742331726, -0.08185543899986834)
New position of object Trash Can:1: (13.7032732192209, -3.5023927137906554, 0.11450366482020462)
New position of object Service Vehicle:1: (12.745507079008387, 12.866342446494567, 0.17812625954550598)
New position of object Pedestrian:1: (-1.2411867507924619, 1.647685649469846, 0.09714948518552668)
New position of object Railing:2: (5.158414421847617, -13.669435285599608, -0.22608064259756205)
New position of object Bike:2: (18.467899000580733, 2.8116559094059586, -0.07194901528396715)
New position of object Bollard:4: (10.907117414721942, 8.033294026276558, -0.48010612682293446)
New position of object Railing:1: (11.104109278379635, -6.936110120310289, -0.07146771365386294)
New position of object Bike:1: (16.16781908747946, 0.6084659205911684, 0.0010509866629852122)
New position of object Bollard:7: (15.900537303855838, 3.548589674420379, -0.40382224531324457)
New position of object Bollard:1: (4.97144609371189, 4.877641365049845, -0.4986637344821077)
New position of object Fence:1: (1.2402356158801098, 7.328943896409337, 0.5899001910352374)
New position of object Fence:2: (4.783876236863701, 7.644168464927942, 0.6456011656713474)
New position of object Fence:3: (8.082659212380204, 10.158604136798589, 0.7100515962930296)
New position of object Bollard:8: (18.06691803361024, 5.918204869837954, -0.3337069692665284)
New position of object Bollard:3: (7.7915422330334785, 6.350678502496642, -0.45700244292783637)
New position of object Bollard:2: (2.121273777238759, 3.351732157848625, -0.4494407887412745)
New position of object Fence:5: (-11.001245155393892, -5.952496345879247, 1.4842217632750814)
New position of object Fence:8: (-6.919286249762017, -5.113947471393313, 0.6036305985003696)
New position of object Fence:9: (-4.059172174015437, -9.842311609160454, 1.0721427042724059)
New position of object Fence:4: (-9.009231268305061, -5.5704348442943505, 1.3402996440185435)

After Updating position of all the atoms:
Atom 0: [(2, 15.079177449240376), (7, 15.59965858284794), (18, 20.91721734075454), (8, 13.412584690559108), (4, 1.133680489498503), (1, 14.018172558111342), (9, 13.563528176491317), (22, 16.78642245022464), (11, 18.320365543456088), (13, 24.574609856831547), (17, 3.9566182738028455), (12, 15.770377628474435), (10, 22.364829866437933), (3, 14.560271903059045), (5, 13.145382164637674), (14, 22.229914570227013), (6, 17.15182955578475), (16, 9.54575881813668), (20, 19.427436189081316), (24, 11.705374882542339), (21, 8.583771647111675), (19, 11.072143849055127), (26, 17.00026740378455), (23, 14.129988602951373), (15, 20.48309142878746)]
Atom 1: [(4, 13.916327046239749), (7, 9.685091371269142), (2, 1.7339461233341829), (8, 10.913728174261065), (5, 7.785811236577729), (13, 12.264069936684015), (6, 7.755959814065462), (11, 7.78316825122362), (22, 11.763791556515425), (17, 15.164010357114464), (3, 14.427013067155453), (18, 19.145709437795276), (9, 4.655091019072318), (16, 14.963335457363861), (0, 13.999656672485823), (14, 9.821279077745443), (12, 10.309921920199365), (10, 11.675469442173453), (20, 18.828026803524132), (24, 19.62062001893274), (21, 17.122486390150186), (19, 17.22724687799478), (26, 13.65594237783435), (23, 19.92789694010757), (15, 9.872945764252977)]
Atom 2: [(18, 18.108239117951204), (0, 15.103493658031658), (10, 12.366507522024174), (12, 11.855278914980035), (13, 12.465563910610733), (22, 13.294485061566382), (4, 15.084807458564711), (7, 8.588145073016975), (11, 8.781903452276321), (17, 15.806976058392905), (3, 13.819915151329692), (9, 3.8867809285052766), (5, 7.103543375364564), (8, 10.27939211764752), (1, 1.7432087025574978), (16, 16.65026442657761), (14, 10.08823440719163), (6, 6.249856167391953), (24, 19.744150582485403), (21, 17.440260802043497), (19, 17.254075238984566), (26, 12.639046089033991), (23, 19.77943078203594), (15, 10.67657254955741)]
Atom 3: [(16, 22.45262957053109), (6, 9.679222888710173), (0, 14.613135400781484), (12, 23.30924116075332), (8, 3.4613071016684644), (14, 23.811358508844897), (13, 26.156256269248622), (5, 6.644227434246198), (9, 9.87648709294928), (2, 13.736466520957778), (22, 24.770622586497367), (17, 11.884616807129865), (11, 22.097162626945327), (7, 6.140178174798796), (10, 25.979715894378774), (18, 6.386437515520634), (1, 14.354466097985133), (4, 15.011564687225379), (21, 9.112330473407313), (19, 6.712125933214745), (26, 3.729742968162185), (23, 7.4671132143051535), (15, 24.18752284171384)]
Atom 4: [(17, 4.310528247537297), (7, 15.868262685291711), (12, 15.388376876710272), (22, 16.37204425014839), (1, 13.869848647547315), (10, 22.083484236006814), (8, 13.680271047550965), (14, 21.99343151072034), (13, 24.323714180822503), (0, 1.1204843617571856), (18, 21.32055350140672), (5, 13.297345545223866), (9, 13.593085648924944), (16, 8.984033630074315), (2, 15.037164480876443), (11, 18.026355306360017), (3, 14.976276294557207), (6, 17.31532540338748), (21, 9.086640943143609), (19, 11.53451824411897), (26, 17.377260672078016), (23, 14.621316255900153), (15, 20.209023330646662)]
Atom 5: [(16, 18.550021859361063), (21, 11.993095596786755), (2, 7.027404512190319), (1, 7.714777526563808), (12, 17.29682891361071), (14, 17.10879711474699), (13, 19.46413656153981), (3, 6.722401515393921), (8, 3.2625313362803996), (11, 15.495224784457362), (10, 19.314952842441837), (18, 11.60255540552035), (9, 3.1550593809656027), (7, 2.9934119788118974), (22, 18.778707789388484), (6, 4.537470640433293), (4, 13.317536496463578), (17, 12.117992835939056), (0, 13.170251774344994), (26, 6.247336041643737), (23, 13.137784001518382), (15, 17.550026275893263)]
Atom 6: [(16, 21.37638599361023), (21, 16.381218389073297), (14, 15.238618292367084), (10, 18.013408539076817), (2, 6.219079955134543), (7, 3.656401050370066), (11, 14.827052876745672), (4, 17.355839859685076), (1, 7.733706927602707), (17, 16.518812333908347), (0, 17.194444115287396), (5, 4.595191742470476), (18, 12.588840954195257), (12, 17.95576894354221), (8, 6.793533833804232), (13, 17.368907347318938), (22, 19.421950962089507), (3, 9.751390995057058), (9, 4.230747699537926), (26, 7.405415188236677), (23, 16.910957275529984), (15, 16.492684519057665)]
Atom 7: [(22, 21.05791613343948), (2, 8.518215153841572), (4, 15.907358583370245), (8, 3.532670629589045), (1, 9.626281504210006), (9, 5.125553946636206), (12, 19.56322887662454), (16, 21.334709111243583), (13, 20.507593108570592), (18, 9.6513948981574), (21, 13.39816069659311), (5, 2.9996994528254257), (3, 6.238005942052993), (11, 17.24684771859221), (10, 20.77191023824803), (17, 14.28578080453461), (0, 15.641299064173905), (14, 18.26590178597415), (6, 3.558069417234314), (26, 4.148314082315902), (23, 13.43045770362451), (15, 19.11434438439021)]
Atom 8: [(1, 10.839946371690127), (18, 8.898273138748753), (11, 18.60303160100647), (7, 3.4546932924823306), (3, 3.5409797364328117), (16, 20.193851614692772), (9, 6.335518884598031), (5, 3.1819045093352423), (6, 6.706163336654088), (10, 22.459931529872332), (12, 20.07365420869025), (0, 13.433773634471194), (17, 11.50470316337936), (2, 10.198794979324866), (4, 13.69892292716991), (14, 20.278063159329058), (13, 22.62874013414209), (22, 21.548378609622766), (21, 10.165866034061285), (15, 20.678714381267984)]
Atom 9: [(4, 13.662865586190982), (12, 14.615319607493758), (21, 14.319004422124767), (2, 3.809025627747506), (6, 4.204125489011734), (16, 17.291450320546353), (13, 16.250624306274947), (11, 12.358931670284347), (14, 13.88726669227794), (7, 5.168517987804369), (17, 13.46995813567368), (5, 3.2333116213255217), (10, 16.11849352461201), (18, 14.560588041851073), (1, 4.599607104829488), (8, 6.414489903139015), (3, 9.955350838276964), (22, 16.092947761363668), (0, 13.636522580506147), (15, 14.376939083117126)]
Atom 10: [(14, 3.5782839306597074), (6, 18.084532547387763), (9, 16.202105482064823), (4, 22.181847543625146), (0, 22.463434707300525), (5, 19.399757304517102), (17, 24.863474487667418), (16, 17.989187824113667), (12, 8.056136734848836), (21, 27.98935642789995), (8, 22.545627527196753), (11, 4.355755564615309), (18, 30.475795612330725), (3, 26.06601747289669), (2, 12.44770966597085), (13, 3.6804143611267968), (7, 20.85048286856868), (1, 11.763169782079286), (22, 8.211287769138286), (15, 2.033421720588071)]
Atom 11: [(4, 18.127846557548366), (22, 6.463269806059568), (8, 18.680767270644658), (0, 18.422170262591408), (12, 5.602625201432706), (13, 6.364425839897891), (9, 12.430141452670329), (17, 20.691213423715393), (16, 14.82415751385678), (7, 17.312865041970568), (10, 4.259224521159725), (6, 14.87963478015905), (18, 26.923412392991256), (21, 23.793350963457193), (5, 15.570369807335895), (1, 7.857820415063464), (2, 8.84403864190431), (3, 22.176679460572863), (14, 4.380148872925367), (15, 2.26250573143487)]
Atom 12: [(17, 18.88428210119338), (21, 22.79248042527368), (7, 19.59995990462212), (22, 1.4647352331307004), (14, 9.726224433300393), (13, 11.250237960127604), (0, 15.863208097115278), (3, 23.365285731641574), (5, 17.34060306703333), (11, 5.545915933266665), (1, 10.331599056969255), (16, 10.064599452802563), (9, 14.649092784481134), (2, 11.870623009180875), (10, 7.9682400322849665), (6, 17.97688227704514), (8, 20.124379384092006), (4, 15.481568276060822), (18, 28.89103764601323), (15, 6.543999104179059)]
Atom 13: [(11, 8.910392984257811), (15, 7.448208245289911), (7, 21.292817054947122), (9, 17.517856498007514), (10, 6.0771529881875965), (12, 13.866041530729058), (6, 17.973267679578054), (18, 29.94408761542401), (17, 28.548100430783023), (1, 12.388356306505353), (8, 23.7998045385123), (0, 26.824960181867645), (5, 20.6807164922252), (4, 26.505924831012656), (16, 23.552823843956112), (3, 27.271146066802757), (14, 2.4586858452278455), (2, 12.302547193885152), (20, 30.84667359893834), (21, 30.749182711663124), (19, 30.984805433551756), (22, 13.457308435019655), (23, 33.259859679854664), (24, 32.739978230467266), (25, 32.45449385560718), (26, 24.725756056410756)]
Atom 14: [(11, 7.63549129203171), (10, 5.890029268718136), (15, 6.626152239085152), (12, 12.931859413028299), (1, 9.908642469431548), (4, 24.70144595645097), (17, 26.559076901761216), (6, 15.805383123622187), (9, 15.34515372303644), (8, 21.599847009402644), (18, 27.77921405950586), (0, 25.024528280155955), (16, 22.260922004902334), (3, 25.058441391028495), (2, 9.82643554505063), (13, 2.1085166541050295), (7, 19.095945891705526), (5, 18.466984414780388), (20, 28.645189129746505), (21, 28.742258766982427), (19, 28.869655765231215), (22, 11.963628453378773), (23, 30.837116805690517), (24, 30.283802419139192), (25, 30.169537098333517), (26, 22.49762220457526)]
Atom 15: [(9, 14.376939083117126), (10, 2.033421720588071), (7, 19.11434438439021), (3, 24.18752284171384), (0, 20.48309142878746), (21, 25.95874161522937), (2, 10.67657254955741), (12, 6.543999104179059), (13, 4.741870896268276), (17, 22.83937902247003), (1, 9.872945764252977), (16, 16.394192256779963), (6, 16.492684519057665), (4, 20.209023330646662), (11, 2.26250573143487), (5, 17.550026275893263), (14, 3.430075788656589), (18, 28.752135538136738), (22, 7.085397829531446), (8, 20.678714381267984)]
Atom 16: [(10, 17.902731262773653), (18, 28.783423180646007), (1, 14.91442099385175), (2, 16.60342032907394), (13, 21.052490225839314), (11, 14.739385838469225), (14, 19.202886885515795), (12, 9.97334372319604), (22, 10.219981210938432), (8, 20.20837964025186), (7, 21.333126562466955), (3, 22.43944171686336), (4, 8.979838905964405), (17, 13.285306326708557), (9, 17.265367520320815), (0, 9.60080151516296), (5, 18.567700199431133), (6, 21.364221663896274), (24, 21.184723346981972), (21, 18.03100226616343), (19, 20.294954535878414), (26, 24.02504971647322), (23, 23.45882980414818), (15, 16.394192256779963)]
Atom 17: [(3, 11.810982654658885), (10, 24.76462261293853), (12, 18.795967422888435), (1, 15.045061349013897), (0, 3.8366292972841043), (2, 15.781361227616742), (7, 14.22422974277881), (14, 24.1506389694466), (8, 11.46148954419313), (11, 20.5900817977822), (9, 13.383074347407602), (6, 16.46443986695402), (18, 18.00370723914246), (13, 26.573147024426458), (4, 4.319024273023242), (16, 13.229929120909178), (22, 19.933027134618992), (5, 12.073219549265497), (20, 16.396855020443855), (24, 7.912245790823733), (21, 4.794373427133412), (19, 7.40357912401863), (26, 14.784072987657517), (23, 10.391821191269823), (15, 22.83937902247003)]
Atom 18: [(15, 27.192819641233125), (3, 3.2158732910892294), (13, 30.01139539599682), (12, 26.523191163779487), (7, 8.828979643728676), (5, 9.795531312909036), (6, 12.330711224681531), (9, 12.931774275948513), (21, 10.286631462945383), (10, 29.198160390754413), (4, 17.50499039069258), (16, 25.411415609865223), (8, 6.567764472751751), (11, 25.174207546016742), (1, 19.15250149084161), (17, 13.996928392984163), (0, 17.02777769513404), (14, 27.908157615694293), (2, 18.60060011365649), (20, 2.1903408393125243), (19, 7.777781177055762), (22, 29.5888244264402), (23, 10.276539964974138), (24, 13.668480122881064), (25, 4.251868910136552), (26, 5.540773638260195)]
Atom 19: [(2, 17.254075238984566), (14, 27.026656949014075), (22, 25.33500878018165), (18, 11.639263770801552), (12, 24.00494626866694), (1, 17.22724687799478), (6, 15.10225834526945), (13, 29.47659569725903), (10, 28.49765306340645), (4, 11.53451824411897), (9, 13.686126556646101), (8, 8.49614858319542), (17, 7.40357912401863), (3, 6.712125933214745), (5, 10.934063835017744), (7, 11.8008295860053), (16, 20.294954535878414), (21, 2.9798807985653837), (11, 24.335761384071862), (0, 11.072143849055127)]
Atom 20: [(5, 11.09808521688235), (3, 5.208878268981907), (16, 27.584360490704448), (12, 28.213128917968262), (14, 27.793868054908508), (2, 17.914034669546762), (10, 30.24659762062132), (13, 30.029701793791883), (6, 12.708951058057902), (17, 16.396855020443855), (0, 19.427436189081316), (22, 29.69399891160017), (8, 8.154172463600045), (11, 26.576545184659405), (1, 18.828026803524132), (7, 9.450305719022994), (4, 19.904309785627593), (18, 1.9413791259840056), (9, 14.2112290427107)]
Atom 21: [(9, 14.223797963001047), (13, 29.233407046217174), (22, 23.960640781952147), (8, 10.094024107447254), (7, 13.31416161436846), (14, 26.77528397999377), (3, 9.112330473407313), (6, 16.31511540567954), (10, 27.891991089980543), (18, 14.49954214649992), (12, 22.710230309629473), (5, 11.92542691105114), (16, 18.03100226616343), (0, 8.583771647111675), (11, 23.69550096247824), (4, 9.086640943143609), (17, 4.794373427133412), (2, 17.440260802043497), (1, 17.122486390150186), (19, 2.9798807985653837), (26, 12.5330615580965), (23, 5.649067835085846), (15, 25.95874161522937)]
Atom 22: [(4, 16.881930540660818), (9, 16.35829020050956), (14, 10.406395380732775), (10, 7.818589762839563), (8, 21.871071795968312), (11, 6.244483989679391), (0, 17.410662531592767), (16, 10.774243483084568), (13, 11.6777393746789), (6, 19.584036469204975), (2, 13.280244012719063), (17, 20.51126108082465), (7, 21.241975722420335), (3, 25.129150984452263), (12, 1.7552604174844428), (1, 11.81547253235909), (5, 19.09442484771817), (18, 30.332437230329514), (15, 6.68230577740184), (20, 29.857850971686812), (24, 27.38450173456046), (21, 24.377746184226915), (19, 25.7404786656867), (23, 28.87682755322365), (25, 31.396951863482943), (26, 24.906098798316926)]
Atom 23: [(4, 14.621316255900153), (18, 10.627968778711093), (11, 27.237902587095643), (16, 23.45882980414818), (12, 27.12754528298915), (21, 5.649067835085846), (14, 29.71858895521009), (0, 14.129988602951373), (3, 7.4671132143051535), (7, 13.43045770362451), (17, 10.391821191269823), (13, 32.15217501999593), (8, 10.196096452904847), (1, 19.92789694010757), (9, 16.059212328595518), (6, 16.910957275529984), (2, 19.77943078203594), (22, 28.47595647816822), (5, 13.137784001518382), (10, 31.35756306088778)]
Atom 24: [(18, 13.436487685727649), (6, 17.752030341368023), (22, 27.05879435289237), (7, 14.436795957451723), (12, 25.78268120670304), (0, 11.705374882542339), (2, 19.744150582485403), (13, 31.835168008032742), (16, 21.184723346981972), (5, 13.584760753654704), (14, 29.37860256058162), (8, 11.170443198134324), (10, 30.687805164389797), (3, 9.07190750290143), (11, 26.508144631622677), (9, 16.264614574460083), (4, 12.224488588108965), (1, 19.62062001893274), (17, 7.912245790823733)]
Atom 25: [(0, 19.70420489818557), (16, 28.30286052681438), (22, 31.191175865003565), (11, 28.356339325852435), (6, 14.98811884844819), (18, 3.9273029525122616), (8, 9.71058030686816), (9, 16.018055840239388), (10, 32.14074621410631), (1, 20.62293612599948), (3, 6.39682737460396), (7, 11.609160081815412), (14, 29.883958557516074), (17, 16.33529055522575), (12, 29.673636533088796), (2, 19.885148026983053), (13, 32.16341244042263), (4, 20.20026000112373), (5, 12.894760813949596)]
Atom 26: [(14, 22.406321899139247), (11, 21.339751683722014), (2, 12.639046089033991), (22, 24.851986903000824), (6, 7.405415188236677), (18, 5.607781969457268), (12, 23.35708725731143), (13, 24.631508156967254), (4, 17.377260672078016), (8, 3.9861434545795906), (1, 13.65594237783435), (7, 4.148314082315902), (9, 9.066179185930746), (21, 12.5330615580965), (0, 17.00026740378455), (17, 14.784072987657517), (3, 3.729742968162185), (10, 24.90806835913294), (5, 6.247336041643737), (16, 24.02504971647322)]
New position of object Informational Sign:1: (11.346509274895318, -6.503637303436211, 0.9065883121087435)
New position of object Pedestrian:2: (-0.9530016384493116, -0.07131758803682331, -0.10116181390503086)
New position of object Trash Can:1: (13.633186242312846, -3.4692168106991623, 0.08440180491076749)
New position of object Service Vehicle:1: (12.616876305122375, 12.829248603004679, 0.10977895149145853)
New position of object Fence:3: (7.972258950475201, 10.159550396650815, 0.7064631820488482)
New position of object Pedestrian:1: (-1.3139244316503316, 1.6527268293460171, 0.09491073651885118)
New position of object Railing:2: (5.060971019575085, -13.656989409250528, -0.20719714585541044)
New position of object Bike:2: (18.437048678081723, 2.780302927415809, -0.09126888236270746)
New position of object Bollard:4: (10.80455137521885, 8.042572158126479, -0.5012302270278977)
New position of object Railing:1: (10.93515682874093, -6.955409261803915, -0.0716305132863559)
New position of object Bike:1: (16.079816201322615, 0.5981427306972336, -0.04919174056578367)
New position of object Bollard:7: (15.802554172870146, 3.5417485954554824, -0.4373632828738969)
New position of object Bollard:1: (4.858397826842424, 4.897464901593464, -0.5222938372886695)
New position of object Fence:1: (1.143080724444392, 7.328142056854158, 0.5865183645641795)
New position of object Fence:2: (4.67774087000954, 7.639791267972802, 0.6489505067754439)
New position of object Bollard:8: (17.926212640831324, 5.887603537584386, -0.4126887155798019)
New position of object Bollard:3: (7.69097868296295, 6.372585929301939, -0.4820321074609216)
New position of object Bollard:2: (2.034904408356528, 3.347422402817706, -0.45821131856743547)
New position of object Fence:5: (-11.104500760323939, -5.9592517643309755, 1.500545104197918)
New position of object Fence:8: (-7.020086186412758, -5.111721373119138, 0.6118599310632109)
New position of object Fence:9: (-4.154361795804675, -9.836838381430518, 1.0828195345440912)
New position of object Fence:4: (-9.107955669166163, -5.5620459255165215, 1.3628193803239266)

After Updating position of all the atoms:
Atom 0: [(9, 13.567317057104566), (16, 9.535413865818722), (1, 13.909988493268877), (17, 3.897332865514569), (21, 8.639851759487325), (4, 1.0965327560890954), (2, 15.018300447528006), (13, 24.47428666282929), (12, 15.764173790014526), (5, 13.12058184716913), (14, 22.130117688940278), (10, 22.362011198358573), (22, 16.689164075472796), (11, 18.32108914213645), (18, 20.918038383449936), (7, 15.597970212236834), (8, 13.406364356327195), (6, 17.1340993719324), (3, 14.609529737761422), (20, 19.39095704239778), (26, 17.00257155985124), (24, 11.72446221447833), (19, 11.071238407697486), (23, 14.091693930811623), (15, 20.481207905258362)]
Atom 1: [(8, 10.855215514229908), (4, 13.874443481144136), (0, 13.916474623448284), (18, 19.161479866108056), (9, 4.61408031341279), (16, 14.908850253878981), (11, 7.843557901124393), (17, 15.054075223036998), (22, 11.751348607062136), (12, 10.319751113725005), (21, 17.134615706358716), (7, 9.64355472517347), (10, 11.750272441280165), (14, 9.809155017297716), (3, 14.369786086318472), (13, 12.251878056355906), (5, 7.729766065497012), (2, 1.754237772048484), (6, 7.749304896997395), (20, 18.724601236324965), (26, 13.600852709826878), (24, 19.598619561383657), (19, 17.143976470477135), (23, 19.79976064993806), (15, 9.939547970414129)]
Atom 2: [(5, 7.0893079391651534), (12, 11.85863719777705), (13, 12.399821893346767), (17, 15.800333369557325), (1, 1.7722976219559428), (4, 15.099780235483692), (9, 3.870855774074784), (7, 8.566434836866208), (16, 16.636191198006866), (3, 13.798410993967954), (0, 15.082164234322907), (22, 13.280878077351064), (14, 10.024374704167316), (8, 10.26084213223134), (10, 12.394102931584898), (21, 17.513156396459006), (18, 18.156435143613816), (11, 8.801520215406253), (6, 6.2440522339986915), (24, 19.7840094391603), (19, 17.228626140338733), (23, 19.70722488088147), (15, 10.696142349684534)]
Atom 3: [(12, 23.308257066936044), (1, 14.291092135218005), (0, 14.624222410227988), (17, 11.868674119333978), (7, 6.141862654573327), (2, 13.712875820039704), (4, 14.987840189753937), (13, 26.068132420861147), (8, 3.455818908701601), (5, 6.6364079694510245), (6, 9.65276990451339), (21, 9.180569836451623), (22, 24.714672816584844), (10, 25.986471949306505), (14, 23.724843873625677), (11, 22.100885646562084), (18, 6.3902538983267245), (16, 22.44874479722521), (9, 9.869446382533708), (19, 6.726181955179341), (23, 7.441087859775321), (15, 24.18818411814201)]
Atom 4: [(6, 17.27633830835967), (8, 13.677821311954967), (9, 13.567035022233616), (22, 16.204225181028672), (3, 15.004701275637373), (1, 13.737536242411617), (17, 4.411036908365305), (21, 9.197730409688782), (12, 15.312489169931784), (0, 1.1533519877652088), (10, 22.01436446125493), (11, 17.961851150094063), (7, 15.858762372902588), (14, 21.832097869447207), (2, 14.972232120673025), (16, 8.912665914591551), (5, 13.257801108810977), (18, 21.34468927148256), (13, 24.1606508635433), (19, 11.576512447391444), (23, 14.62648829454173), (15, 20.14262809287676)]
Atom 5: [(14, 17.01764366838092), (10, 19.32035298463677), (7, 2.985617636293411), (4, 13.327442490293794), (11, 15.498707228198144), (2, 7.000487747729161), (22, 18.739719208518306), (17, 12.139454444634222), (13, 19.370305678069624), (12, 17.30104893329414), (3, 6.72672917186677), (6, 4.4989069165416025), (1, 7.657578948699701), (16, 18.55823527700205), (0, 13.195545682113874), (9, 3.1442718305970883), (18, 11.65207033545157), (8, 3.274053885261731), (23, 13.105730495241177), (15, 17.550329015751245)]
Atom 6: [(10, 18.01848714104279), (3, 9.748724147491853), (7, 3.654963123102512), (8, 6.800471388584522), (22, 19.391866684000203), (4, 17.33025541215391), (1, 7.721299653313791), (13, 17.2897797586389), (12, 17.947806142133512), (18, 12.669360261781618), (5, 4.57615964575705), (11, 14.825911300296177), (16, 21.362480926284217), (0, 17.191001111838514), (2, 6.203941521457121), (9, 4.22396835934666), (17, 16.517802983499305), (14, 15.163969745061118), (23, 16.874450596607748), (15, 16.487672262361695)]
Atom 7: [(5, 2.9874410704302763), (14, 18.17520891268506), (2, 8.488342226042157), (10, 20.76724737259145), (12, 19.548316095805976), (1, 9.577532536067533), (9, 5.1116962318202885), (3, 6.246835609540925), (0, 15.638907283799867), (13, 20.414119282408876), (6, 3.548921716214461), (11, 17.238066705486755), (22, 21.006470270030235), (16, 21.317427644169324), (18, 9.730350816669393), (17, 14.28036335479895), (8, 3.5469286118331613), (4, 15.896363420337815), (23, 13.405940621352476), (15, 19.100878072022248)]
Atom 8: [(10, 22.476054800551754), (3, 3.533207817581662), (11, 18.616631125980227), (7, 3.458978629808676), (9, 6.336263286780917), (2, 10.183231956124155), (16, 20.203375035086314), (1, 10.788296923900763), (14, 20.199020765393115), (17, 11.510506471418752), (12, 20.084929840305893), (0, 13.45690511661225), (5, 3.193918809196145), (6, 6.702973616189993), (13, 22.547499993043058), (4, 13.723285944852465), (22, 21.50986946156145), (18, 8.922895779998377), (15, 20.689202736915046)]
Atom 9: [(13, 16.170184238647188), (22, 16.053525024268247), (6, 4.211049579147103), (11, 12.365266626603143), (17, 13.464068503573047), (2, 3.7937569366301136), (10, 16.13080067629228), (12, 14.609888299838913), (7, 5.160893560721053), (0, 13.623950989291696), (3, 9.947511737849757), (14, 13.808338198043758), (18, 14.620479041015257), (1, 4.554431909512601), (4, 13.620289210405925), (16, 17.273393075039998), (5, 3.221622790062459), (8, 6.4143088475547065), (15, 14.382562685667128)]
Atom 10: [(17, 24.90298966298723), (0, 22.465462200621904), (13, 3.6381246421012894), (8, 22.567119461847902), (5, 19.410675038532634), (9, 16.220199720223672), (18, 30.558020544814298), (16, 17.98593968380136), (2, 12.480921878362242), (6, 18.094019223657146), (12, 8.05595042585571), (1, 11.844246212287757), (4, 22.118105085544922), (7, 20.850379747885654), (11, 4.362913645444703), (14, 3.606166762156312), (3, 26.078050983732236), (22, 8.287853411742232), (15, 2.0403267273726335)]
Atom 11: [(5, 15.57461065662063), (13, 6.269407988238233), (18, 26.991640931176608), (9, 12.437645298552994), (17, 20.72519469938876), (14, 4.298344080750434), (16, 14.820404971488804), (2, 8.86483377876244), (10, 4.265033588678429), (1, 7.919822298360393), (8, 18.694955030685918), (7, 17.304381184795364), (4, 18.062588296022952), (22, 6.5005293875376005), (0, 18.421621090854263), (3, 22.180895207582086), (6, 14.879117526449365), (12, 5.599763923725122), (15, 2.2640519591959083)]
Atom 12: [(16, 10.058829743527737), (7, 19.586394863147806), (10, 7.969605024766346), (3, 23.36560759208669), (5, 17.3466399682528), (11, 5.546251885126605), (17, 18.919310443016357), (14, 9.660397505176483), (2, 11.876622286895639), (6, 17.97069184960228), (9, 14.646041262514567), (18, 28.9387819902553), (4, 15.405484770200403), (8, 20.137186700350696), (1, 10.344849687490987), (0, 15.856175163656822), (13, 11.172748659534037), (22, 1.4330286481150951), (15, 6.549071897374499)]
Atom 13: [(11, 8.910392984257811), (15, 7.448208245289911), (7, 21.292817054947122), (9, 17.517856498007514), (10, 6.0771529881875965), (12, 13.866041530729058), (6, 17.973267679578054), (18, 29.94408761542401), (17, 28.548100430783023), (1, 12.388356306505353), (8, 23.7998045385123), (0, 26.824960181867645), (5, 20.6807164922252), (4, 26.505924831012656), (16, 23.552823843956112), (3, 27.271146066802757), (14, 2.4586858452278455), (2, 12.302547193885152), (20, 30.84667359893834), (21, 30.749182711663124), (19, 30.984805433551756), (22, 13.457308435019655), (23, 33.259859679854664), (24, 32.739978230467266), (25, 32.45449385560718), (26, 24.725756056410756)]
Atom 14: [(11, 7.63549129203171), (10, 5.890029268718136), (15, 6.626152239085152), (12, 12.931859413028299), (1, 9.908642469431548), (4, 24.70144595645097), (17, 26.559076901761216), (6, 15.805383123622187), (9, 15.34515372303644), (8, 21.599847009402644), (18, 27.77921405950586), (0, 25.024528280155955), (16, 22.260922004902334), (3, 25.058441391028495), (2, 9.82643554505063), (13, 2.1085166541050295), (7, 19.095945891705526), (5, 18.466984414780388), (20, 28.645189129746505), (21, 28.742258766982427), (19, 28.869655765231215), (22, 11.963628453378773), (23, 30.837116805690517), (24, 30.283802419139192), (25, 30.169537098333517), (26, 22.49762220457526)]
Atom 15: [(5, 17.550329015751245), (6, 16.487672262361695), (17, 22.87299325927806), (4, 20.14262809287676), (13, 4.65949972696088), (1, 9.939547970414129), (16, 16.39364344519692), (22, 7.153957922225244), (7, 19.100878072022248), (10, 2.0403267273726335), (0, 20.481207905258362), (11, 2.2640519591959083), (9, 14.382562685667128), (18, 28.818592405299704), (8, 20.689202736915046), (2, 10.696142349684534), (12, 6.549071897374499), (3, 24.18818411814201), (14, 3.386668291880288)]
Atom 16: [(14, 19.115638198737233), (11, 14.73660650972634), (10, 17.894549442250156), (8, 20.194682396734308), (13, 20.961754732282156), (6, 21.345790683390724), (1, 14.857644142218744), (22, 10.120952499327235), (18, 28.793444679919347), (7, 21.320022825021184), (4, 9.039256656954647), (5, 18.5371385446697), (9, 17.26259282976408), (17, 13.31760542638274), (0, 9.58743738207581), (21, 18.08061550544996), (2, 16.586680574876755), (12, 9.968223966295131), (3, 22.465981004596305), (24, 21.192391848248434), (19, 20.278835618553178), (23, 23.399738934783027), (15, 16.39364344519692)]
Atom 17: [(9, 13.39158173442773), (7, 14.21733324430379), (12, 18.831131557244994), (2, 15.729902263785894), (14, 24.080172516909368), (3, 11.834605021397925), (16, 13.265090037193968), (11, 20.62471485921233), (22, 19.882543720023193), (4, 4.294167534754739), (10, 24.798818186639437), (6, 16.445091319421607), (8, 11.438892745928346), (1, 14.977884693002887), (13, 26.50319913802419), (18, 17.962114927609818), (21, 4.801958712417607), (5, 12.04307889333875), (0, 3.8874914704316432), (20, 16.330140989278107), (26, 14.770793944556173), (24, 7.884443635999121), (19, 7.357447380121625), (23, 10.306661034204588), (15, 22.87299325927806)]
Atom 18: [(15, 27.192819641233125), (3, 3.2158732910892294), (13, 30.01139539599682), (12, 26.523191163779487), (7, 8.828979643728676), (5, 9.795531312909036), (6, 12.330711224681531), (9, 12.931774275948513), (21, 10.286631462945383), (10, 29.198160390754413), (4, 17.50499039069258), (16, 25.411415609865223), (8, 6.567764472751751), (11, 25.174207546016742), (1, 19.15250149084161), (17, 13.996928392984163), (0, 17.02777769513404), (14, 27.908157615694293), (2, 18.60060011365649), (20, 2.1903408393125243), (19, 7.777781177055762), (22, 29.5888244264402), (23, 10.276539964974138), (24, 13.668480122881064), (25, 4.251868910136552), (26, 5.540773638260195)]
Atom 19: [(12, 23.99791343772586), (7, 11.807367371251331), (8, 8.489215818877708), (5, 10.913352805606033), (9, 13.682605211603398), (11, 24.336942594629285), (1, 17.143976470477135), (22, 25.253340433670434), (6, 15.081751895839261), (2, 17.228626140338733), (10, 28.500470777260702), (16, 20.278835618553178), (0, 11.071238407697486), (14, 26.93127922991746), (3, 6.726181955179341), (13, 29.381066263086804), (17, 7.357447380121625), (18, 11.610360633794318), (4, 11.576512447391444)]
Atom 20: [(3, 5.125662900636435), (17, 16.330140989278107), (0, 19.39095704239778), (11, 26.530432001466014), (16, 27.530377824493808), (5, 11.047663250043358), (13, 29.90244765456828), (14, 27.66790290631837), (10, 30.20693128557566), (6, 12.64562460466776), (9, 14.152516281897942), (22, 29.590512095620713), (2, 17.806555569480402), (12, 28.160546502599168), (18, 1.8838722360386364), (8, 8.097960274261576), (7, 9.408934666200361), (1, 18.724601236324965), (21, 12.726686363098903), (4, 19.82399354045873)]
Atom 21: [(7, 13.33144686486275), (13, 29.146444577115044), (22, 23.881110367602126), (1, 17.046048268432635), (17, 4.748395416422841), (5, 11.912683160497492), (16, 18.018010633108005), (8, 10.097200738234939), (18, 14.481047344587141), (0, 8.587956079421433), (2, 17.42627689301874), (6, 16.307215420826175), (10, 27.904231103751567), (9, 14.233178163672164), (14, 26.688318373418156), (3, 9.13522234424237), (12, 22.712096568609315), (11, 23.70681052015833), (4, 9.139155938150518)]
Atom 22: [(4, 16.881930540660818), (9, 16.35829020050956), (14, 10.406395380732775), (10, 7.818589762839563), (8, 21.871071795968312), (11, 6.244483989679391), (0, 17.410662531592767), (16, 10.774243483084568), (13, 11.6777393746789), (6, 19.584036469204975), (2, 13.280244012719063), (17, 20.51126108082465), (7, 21.241975722420335), (3, 25.129150984452263), (12, 1.7552604174844428), (1, 11.81547253235909), (5, 19.09442484771817), (18, 30.332437230329514), (15, 6.68230577740184), (20, 29.857850971686812), (24, 27.38450173456046), (21, 24.377746184226915), (19, 25.7404786656867), (23, 28.87682755322365), (25, 31.396951863482943), (26, 24.906098798316926)]
Atom 23: [(22, 28.34900217517304), (18, 10.568330837465252), (12, 27.07382685041159), (16, 23.399738934783027), (7, 13.405940621352476), (1, 19.79976064993806), (5, 13.105730495241177), (17, 10.306661034204588), (9, 16.007126127176708), (6, 16.874450596607748), (4, 14.62648829454173), (0, 14.091693930811623), (3, 7.441087859775321), (13, 32.01171349845485), (8, 10.14534111818096), (14, 29.578286350874755), (10, 31.31427867870464), (11, 27.191282512485238), (2, 19.70722488088147)]
Atom 24: [(1, 19.598619561383657), (11, 26.565876526487703), (14, 29.343227989508023), (22, 27.016960370832958), (13, 31.799879713481964), (7, 14.512383785730144), (10, 30.746659944589158), (9, 16.329706950673952), (8, 11.234240083602502), (6, 17.801250109688034), (2, 19.7840094391603), (17, 7.884443635999121), (0, 11.72446221447833), (18, 13.447502235665107), (16, 21.192391848248434), (3, 9.18939468726383), (21, 3.1424197487437673), (5, 13.634047529904613), (4, 12.172964915747002), (12, 25.82177137388592)]
Atom 25: [(0, 19.70420489818557), (16, 28.30286052681438), (22, 31.191175865003565), (11, 28.356339325852435), (6, 14.98811884844819), (18, 3.9273029525122616), (8, 9.71058030686816), (9, 16.018055840239388), (10, 32.14074621410631), (1, 20.62293612599948), (3, 6.39682737460396), (7, 11.609160081815412), (14, 29.883958557516074), (17, 16.33529055522575), (12, 29.673636533088796), (2, 19.885148026983053), (13, 32.16341244042263), (4, 20.20026000112373), (5, 12.894760813949596)]
Atom 26: [(0, 17.00257155985124), (2, 12.558291537693133), (1, 13.600852709826878), (18, 5.676943546092413), (7, 4.06160495074694), (6, 7.303838598135651), (16, 24.012661611347237), (8, 3.9867048923318733), (11, 21.33186419692606), (22, 24.796331000080613), (3, 3.8134376987797123), (5, 6.193203670506185), (12, 23.34445416187434), (9, 9.050775141372633), (10, 24.903751056810215), (13, 24.538287355869898), (17, 14.770793944556173), (14, 22.315820052022534), (21, 12.605079412422594), (4, 17.397565101647608)]
New position of object Informational Sign:1: (11.264830380732946, -6.513526706173433, 0.9096960213104481)
New position of object Pedestrian:2: (-0.9626048542157939, -0.07771154808163061, -0.11457017023653675)
New position of object Trash Can:1: (13.53083122090851, -3.4734033135804374, 0.12324649481217259)
New position of object Service Vehicle:1: (12.568350530285052, 12.760387962329187, 0.15933346580402036)
New position of object Fence:3: (7.869548638568979, 10.15318994119286, 0.7038214538584722)
New position of object Pedestrian:1: (-1.4260221486219251, 1.6580658367453118, 0.08769501781513217)
New position of object Railing:2: (4.962087568214503, -13.661919375144365, -0.1950384200181841)
New position of object Bike:2: (18.38851605699353, 2.7802738101840543, -0.06826208796890178)
New position of object Bollard:4: (10.744771401325174, 7.982930219629299, -0.47262971591019043)
New position of object Railing:1: (10.834493901817922, -6.954934280757737, -0.06597533911474203)
New position of object Bike:1: (15.987155695366042, 0.5912323296647095, -0.02310001349206882)
New position of object Bollard:7: (15.714130667414295, 3.536500653918857, -0.3919127040821763)
New position of object Bollard:1: (4.783723523151867, 4.883722784516198, -0.5195470013834143)
New position of object Fence:1: (1.0310144167712565, 7.32776207767359, 0.5808871321453529)
New position of object Fence:2: (4.568954204275418, 7.6336722041341964, 0.6491948072303724)
New position of object Bollard:8: (17.845082369502407, 5.900937995765627, -0.3736006375543596)
New position of object Bollard:3: (7.593790038553557, 6.352974361471437, -0.464208822712344)
New position of object Bollard:2: (1.952891918511444, 3.3310416242506733, -0.4508398026270922)
New position of object Fence:5: (-11.21448326161165, -5.964895300944061, 1.515960995780989)
New position of object Fence:8: (-7.120680675564003, -5.109424927022623, 0.6201075604621338)
New position of object Fence:9: (-4.249736615703458, -9.832313050780396, 1.094406522969614)
New position of object Fence:4: (-9.20608927170019, -5.5535728662774595, 1.3849123695112444)

After Updating position of all the atoms:
Atom 0: [(9, 13.575751223271354), (10, 22.383996494106245), (7, 15.613268271663154), (11, 18.340990660155537), (18, 20.92936482577994), (16, 9.527034203262907), (3, 14.6315612218396), (17, 3.944368488159442), (2, 15.019209183467426), (1, 13.84916283151347), (22, 16.607969253168747), (14, 22.051619035478286), (8, 13.444747003801336), (13, 24.395034375586558), (4, 1.1255872295638978), (12, 15.774215023852483), (5, 13.164486412131902), (6, 17.150686693184365), (20, 19.33251135765126), (26, 17.010284131953593), (24, 11.750660735274089), (21, 8.581845126608357), (19, 11.067678539498903), (23, 14.109057388289585), (15, 20.49892420027699)]
Atom 1: [(4, 13.742681787770278), (6, 7.731242106385424), (7, 9.589385456264647), (11, 7.909616659520436), (2, 1.7781239197137728), (5, 7.668291302954204), (3, 14.302254339674894), (17, 14.985960614080138), (10, 11.83465948962635), (18, 19.172460013605967), (8, 10.7993459920951), (0, 13.855649043084785), (14, 9.79959550805467), (12, 10.337388985071895), (16, 14.855599391972024), (9, 4.5645036531518235), (13, 12.242227364633168), (22, 11.743495167247243), (20, 18.65418387007052), (26, 13.540607277878571), (24, 19.56108650527335), (21, 16.963202391922046), (19, 17.066134781507145), (23, 19.73677901422511), (15, 10.009422580969886)]
Atom 2: [(12, 11.856092653957324), (6, 6.244908217540379), (17, 15.81267536711911), (13, 12.298028395710508), (14, 9.925468768050923), (7, 8.564576454565332), (8, 10.279639724402541), (11, 8.797631509788832), (5, 7.0964587741144), (10, 12.397282808721908), (3, 13.80926075624052), (1, 1.8079242032587914), (4, 15.067052917162858), (18, 18.23264365329445), (9, 3.8897238935730747), (16, 16.63487177408752), (0, 15.116492591175556), (22, 13.258564693679663), (24, 19.846903981636242), (21, 17.44617929224464), (19, 17.249445773309578), (23, 19.738040105033846), (15, 10.687373394809445)]
Atom 3: [(8, 3.4523828155462346), (16, 22.405713628930638), (7, 6.179364530757151), (12, 23.279771162790084), (1, 14.218467256860652), (10, 25.993625205776702), (6, 9.682097192704807), (5, 6.646198658791588), (4, 14.944933370009503), (18, 6.456574396232138), (9, 9.866606490841114), (17, 11.80528592626826), (22, 24.629185967802457), (14, 23.643339875912755), (2, 13.727566751049972), (0, 14.571497836101107), (11, 22.09606714423342), (13, 25.98751424532683), (21, 9.073139905031194), (19, 6.66871671570237), (23, 7.3999266363530065), (15, 24.18107152274988)]
Atom 4: [(10, 22.017376246009047), (9, 13.554526091037818), (16, 8.915461989270227), (6, 17.272970418372132), (7, 15.8563154831938), (5, 13.281615761906103), (12, 15.306563821817514), (17, 4.4076181454579055), (2, 14.984246374969933), (11, 17.962263905293963), (1, 13.655405267953821), (0, 1.1541077659990506), (13, 24.061250878798386), (3, 14.943668014954856), (22, 16.107016364317225), (14, 21.733334897254267), (18, 21.347803436326142), (8, 13.6995469310196), (21, 9.13763603808405), (19, 11.575288208878181), (23, 14.646379620157084), (15, 20.141843582247713)]
Atom 5: [(9, 3.1496011580290073), (22, 18.689807894361422), (11, 15.508672064841877), (6, 4.522482300740006), (7, 2.9954185408458915), (3, 6.7187334940010075), (8, 3.2665353810138753), (1, 7.602639455543521), (16, 18.549338604546797), (12, 17.296007305872223), (0, 13.18881259516294), (2, 7.023855559640749), (10, 19.34131691648761), (14, 16.94445483912443), (18, 11.706729602580381), (4, 13.30305793933546), (13, 19.29636871412234), (17, 12.114727944712286), (23, 13.101722102084581), (15, 17.557874815377602)]
Atom 6: [(10, 18.01835831136368), (13, 17.199092074753096), (3, 9.792661425697338), (0, 17.21686323543521), (2, 6.198848490624116), (11, 14.817622237032802), (18, 12.762103331536736), (5, 4.611627585337356), (9, 4.234456828533105), (14, 15.078566096100307), (22, 19.358268208526315), (4, 17.335571993378327), (17, 16.526343482426913), (7, 3.6606841796736154), (12, 17.937769413257687), (1, 7.700598566270249), (16, 21.36871835359501), (8, 6.811555094931959), (23, 16.90147197679183), (15, 16.473419148710185)]
Atom 7: [(6, 3.5517974159503596), (3, 6.286588062970457), (10, 20.7641414430731), (5, 2.995714453346621), (17, 14.281421072316572), (14, 18.081543819246555), (4, 15.893265718873993), (11, 17.226500181669834), (1, 9.520867709002129), (18, 9.812620656065643), (16, 21.315944837029217), (0, 15.65394057931734), (22, 20.952750677549098), (8, 3.5520486723321287), (2, 8.483094656037398), (9, 5.100950309004856), (12, 19.532102102992397), (13, 20.31764071753559), (23, 13.427734634637982), (15, 19.083933966652765)]
Atom 8: [(10, 22.47392375544572), (16, 20.18896435892881), (9, 6.319381931473542), (7, 3.468355003701869), (18, 8.983449880347376), (3, 3.5476063140545144), (4, 13.702597705061358), (14, 20.102166846288267), (12, 20.06296102053535), (22, 21.43690417006962), (1, 10.709241897335165), (17, 11.49570615333501), (11, 18.605444111018343), (13, 22.449881960413947), (5, 3.1714722655867393), (0, 13.450316034876074), (6, 6.716581013311654), (2, 10.183505084039306), (15, 20.674164092152242)]
Atom 9: [(3, 9.94674253936713), (18, 14.686690178409606), (5, 3.2294189939423332), (2, 3.8086648594329864), (7, 5.1542689038145575), (8, 6.3993740162362185), (17, 13.441678633224111), (13, 16.087829499419726), (1, 4.498088136901784), (12, 14.596017358770812), (14, 13.726802238679486), (11, 12.366240893060084), (4, 13.595303408293681), (16, 17.25924147616277), (10, 16.14351132405253), (0, 13.619059485324485), (22, 16.003910335418627), (6, 4.229431756035172), (15, 14.381558395608947)]
Atom 10: [(11, 4.374730998676495), (12, 8.063799963783687), (16, 17.995920160193716), (5, 19.43652303007791), (0, 22.4941791463697), (22, 8.370912985261205), (1, 11.93392539373995), (18, 30.644605129884038), (9, 16.237688192348667), (7, 20.851599939941117), (4, 22.127812673254727), (8, 22.569938636691845), (2, 12.488532786962978), (6, 18.09755001946545), (3, 26.090327616239215), (14, 3.637089301127574), (13, 3.594198106086664), (17, 24.90939129812545), (15, 2.0542653933753834)]
Atom 11: [(3, 22.176073050764884), (2, 8.860673230162947), (9, 12.438574013030117), (6, 14.870618403757945), (16, 14.82575167360862), (1, 7.9862249353040236), (22, 6.539129181891462), (17, 20.72217124840818), (13, 6.17474899362965), (12, 5.600141787159701), (5, 15.584500410066823), (10, 4.277102120800984), (4, 18.062804561420627), (18, 27.059883213559182), (0, 18.441322622959785), (8, 18.6836288730084), (7, 17.29262658435612), (14, 4.217494882662941), (15, 2.2651981813359434)]
Atom 12: [(5, 17.342720627536877), (16, 10.059138017545099), (22, 1.4062896670089988), (1, 10.36431909671589), (13, 11.096018537805774), (2, 11.875000565267879), (11, 5.547337336976762), (10, 7.9776139331874045), (17, 18.908397008697147), (4, 15.399993667458268), (18, 28.987702736797672), (7, 19.57110528751775), (6, 17.961575990038302), (14, 9.595710647587307), (9, 14.633328166923933), (8, 20.11621072724904), (0, 15.866639526298142), (3, 23.338246849979466), (15, 6.554192769820014)]
Atom 13: [(11, 8.910392984257811), (15, 7.448208245289911), (7, 21.292817054947122), (9, 17.517856498007514), (10, 6.0771529881875965), (12, 13.866041530729058), (6, 17.973267679578054), (18, 29.94408761542401), (17, 28.548100430783023), (1, 12.388356306505353), (8, 23.7998045385123), (0, 26.824960181867645), (5, 20.6807164922252), (4, 26.505924831012656), (16, 23.552823843956112), (3, 27.271146066802757), (14, 2.4586858452278455), (2, 12.302547193885152), (20, 30.84667359893834), (21, 30.749182711663124), (19, 30.984805433551756), (22, 13.457308435019655), (23, 33.259859679854664), (24, 32.739978230467266), (25, 32.45449385560718), (26, 24.725756056410756)]
Atom 14: [(11, 7.63549129203171), (10, 5.890029268718136), (15, 6.626152239085152), (12, 12.931859413028299), (1, 9.908642469431548), (4, 24.70144595645097), (17, 26.559076901761216), (6, 15.805383123622187), (9, 15.34515372303644), (8, 21.599847009402644), (18, 27.77921405950586), (0, 25.024528280155955), (16, 22.260922004902334), (3, 25.058441391028495), (2, 9.82643554505063), (13, 2.1085166541050295), (7, 19.095945891705526), (5, 18.466984414780388), (20, 28.645189129746505), (21, 28.742258766982427), (19, 28.869655765231215), (22, 11.963628453378773), (23, 30.837116805690517), (24, 30.283802419139192), (25, 30.169537098333517), (26, 22.49762220457526)]
Atom 15: [(7, 19.083933966652765), (17, 22.866710730547965), (14, 3.3458491430847017), (4, 20.141843582247713), (2, 10.687373394809445), (12, 6.554192769820014), (0, 20.49892420027699), (5, 17.557874815377602), (22, 7.222966764668773), (9, 14.381558395608947), (16, 16.400572019666992), (6, 16.473419148710185), (11, 2.2651981813359434), (10, 2.0542653933753834), (13, 4.578276861871492), (18, 28.88474433201074), (1, 10.009422580969886), (3, 24.18107152274988), (8, 20.674164092152242)]
Atom 16: [(22, 10.02564711735749), (8, 20.22153839070292), (5, 18.56255888616174), (18, 28.821017301648535), (14, 19.037907156558813), (9, 17.261383749439467), (1, 14.820227991784012), (11, 14.742098178647856), (10, 17.898082364571756), (12, 9.968641560776206), (6, 21.348965389436593), (7, 21.32032004160401), (4, 8.981651507536204), (3, 22.479170124287535), (0, 9.59398368230882), (17, 13.316551077863162), (13, 20.8792434835667), (2, 16.600898495073313), (24, 21.22806564306615), (21, 18.02037800780753), (19, 20.2837580784937), (23, 23.42453474522194), (15, 16.400572019666992)]
Atom 17: [(16, 13.249647187669364), (7, 14.2181808708723), (9, 13.37976419529769), (4, 4.347397844907187), (8, 11.463583384887745), (3, 11.850749513768701), (1, 14.88781275393286), (14, 23.976956025704393), (22, 19.784998446800024), (13, 26.399848148942933), (0, 3.8724169335954612), (12, 18.819674235217924), (18, 17.95607680157594), (5, 12.070594764579342), (11, 20.621906687715278), (2, 15.70492863853876), (10, 24.798709156023605), (6, 16.4421520968974), (20, 16.26233840931549), (26, 14.767235065888457), (24, 7.921000888290854), (21, 4.751442953109171), (19, 7.360090971372588), (23, 10.331403342731164), (15, 22.866710730547965)]
Atom 18: [(15, 27.192819641233125), (3, 3.2158732910892294), (13, 30.01139539599682), (12, 26.523191163779487), (7, 8.828979643728676), (5, 9.795531312909036), (6, 12.330711224681531), (9, 12.931774275948513), (21, 10.286631462945383), (10, 29.198160390754413), (4, 17.50499039069258), (16, 25.411415609865223), (8, 6.567764472751751), (11, 25.174207546016742), (1, 19.15250149084161), (17, 13.996928392984163), (0, 17.02777769513404), (14, 27.908157615694293), (2, 18.60060011365649), (20, 2.1903408393125243), (19, 7.777781177055762), (22, 29.5888244264402), (23, 10.276539964974138), (24, 13.668480122881064), (25, 4.251868910136552), (26, 5.540773638260195)]
Atom 19: [(16, 20.2837580784937), (12, 23.995375072939204), (2, 17.249445773309578), (5, 10.941487944023672), (0, 11.067678539498903), (18, 11.583429316301148), (3, 6.66871671570237), (6, 15.088053828279804), (22, 25.176125757766332), (8, 8.510139185801583), (14, 26.84192864212553), (17, 7.360090971372588), (10, 28.512974278417303), (13, 29.291656462222996), (4, 11.575288208878181), (11, 24.3442789929964), (7, 11.82041834485395), (9, 13.68069359125544), (1, 17.066134781507145)]
Atom 20: [(0, 19.33251135765126), (18, 1.928364301057429), (7, 9.419233310832489), (14, 27.58817051440257), (1, 18.65418387007052), (8, 8.062513302238125), (17, 16.26233840931549), (9, 14.139970628994416), (6, 12.658142543498757), (22, 29.50491650319547), (10, 30.20972771115629), (13, 29.823815039052565), (11, 26.520255000735833), (12, 28.127150095440133), (3, 5.079873799031314), (4, 19.784674023332684), (2, 17.77925319725245), (16, 27.465850050554838), (5, 11.033292596894787)]
Atom 21: [(9, 14.228535467257695), (16, 18.02037800780753), (0, 8.581845126608357), (12, 22.707893862035434), (11, 23.7120229856915), (1, 16.963202391922046), (10, 27.913942498749247), (7, 13.343039335196018), (3, 9.073139905031194), (8, 10.122313032703468), (6, 16.312699009713455), (17, 4.751442953109171), (18, 14.459954392458055), (14, 26.594685515479195), (5, 11.943286194908131), (4, 9.13763603808405), (2, 17.44617929224464), (13, 29.05281883431856), (22, 23.796099233608082)]
Atom 22: [(4, 16.881930540660818), (9, 16.35829020050956), (14, 10.406395380732775), (10, 7.818589762839563), (8, 21.871071795968312), (11, 6.244483989679391), (0, 17.410662531592767), (16, 10.774243483084568), (13, 11.6777393746789), (6, 19.584036469204975), (2, 13.280244012719063), (17, 20.51126108082465), (7, 21.241975722420335), (3, 25.129150984452263), (12, 1.7552604174844428), (1, 11.81547253235909), (5, 19.09442484771817), (18, 30.332437230329514), (15, 6.68230577740184), (20, 29.857850971686812), (24, 27.38450173456046), (21, 24.377746184226915), (19, 25.7404786656867), (23, 28.87682755322365), (25, 31.396951863482943), (26, 24.906098798316926)]
Atom 23: [(10, 31.340945850397603), (2, 19.738040105033846), (8, 10.165629878854991), (6, 16.90147197679183), (3, 7.3999266363530065), (5, 13.101722102084581), (22, 28.290519398023378), (14, 29.502730302801876), (13, 31.93577490469384), (1, 19.73677901422511), (17, 10.331403342731164), (18, 10.509182625343094), (9, 16.015284200221757), (7, 13.427734634637982), (16, 23.42453474522194), (4, 14.646379620157084), (0, 14.109057388289585), (12, 27.088268837243774), (11, 27.21261483616482)]
Atom 24: [(1, 19.56108650527335), (8, 11.292175072100713), (0, 11.750660735274089), (7, 14.564156688824431), (10, 30.800625062819222), (16, 21.22806564306615), (13, 31.75141326386701), (4, 12.261162261786623), (22, 26.974542212925105), (17, 7.921000888290854), (9, 16.36808882805218), (12, 25.8591927724679), (6, 17.847041290903764), (18, 13.42344362934909), (2, 19.846903981636242), (14, 29.29479254659617), (11, 26.614718144246503), (3, 9.240982935088859), (5, 13.702289672489087)]
Atom 25: [(0, 19.70420489818557), (16, 28.30286052681438), (22, 31.191175865003565), (11, 28.356339325852435), (6, 14.98811884844819), (18, 3.9273029525122616), (8, 9.71058030686816), (9, 16.018055840239388), (10, 32.14074621410631), (1, 20.62293612599948), (3, 6.39682737460396), (7, 11.609160081815412), (14, 29.883958557516074), (17, 16.33529055522575), (12, 29.673636533088796), (2, 19.885148026983053), (13, 32.16341244042263), (4, 20.20026000112373), (5, 12.894760813949596)]
Atom 26: [(22, 24.738634762464876), (2, 12.528560292747258), (11, 21.324333508384132), (16, 23.99255517512086), (6, 7.296576331630618), (12, 23.330651384354613), (14, 22.22766270579166), (18, 5.747890092075839), (9, 9.039461557180509), (0, 17.010284131953593), (10, 24.905021519375218), (17, 14.767235065888457), (4, 17.398374809670585), (5, 6.180051262733862), (8, 3.9662454024763463), (7, 4.0629817305538705), (1, 13.540607277878571), (3, 3.810655854829368), (13, 24.447839133128134)]
New position of object Informational Sign:1: (11.167568366606105, -6.522167616679571, 0.9024412120779082)
New position of object Pedestrian:2: (-0.9695649685115022, -0.0776863574876856, -0.12631270494871943)
New position of object Trash Can:1: (13.408866821863825, -3.5026596501351506, 0.11765214728649953)
New position of object Service Vehicle:1: (12.493957706109143, 12.849800168865006, 0.1280818382332327)
New position of object Fence:3: (7.7725928338035075, 10.145373612962509, 0.6985744899043402)
New position of object Pedestrian:1: (-1.514586298158079, 1.6652356449159402, 0.0802895737105552)
New position of object Railing:2: (4.887432202571908, -13.645619602491156, -0.18572048204781239)
New position of object Bike:2: (18.249071829193937, 2.7140319399285975, -0.07943812687438519)
New position of object Bollard:4: (10.631316677816663, 8.014485234022533, -0.47698352274859634)
New position of object Railing:1: (10.723341266977535, -6.954444850840929, -0.051453008967835806)
New position of object Bike:1: (15.897925944222848, 0.5817246254422734, -0.03252059529555523)
New position of object Bollard:7: (15.627675328807413, 3.5253352494914374, -0.408007727740835)
New position of object Bollard:1: (4.67625912973385, 4.887147956857929, -0.5211750832166611)
New position of object Fence:1: (0.9126203905291348, 7.327435896335777, 0.5726904956578808)
New position of object Fence:2: (4.461734008976823, 7.628088468514603, 0.6449185809106855)
New position of object Bollard:8: (17.767833201501446, 5.910716844010812, -0.37031480162810887)
New position of object Bollard:6: (12.757003028698279, 10.358261791852769, -0.4672218671658823)
New position of object Bollard:3: (7.493671412463755, 6.341579883327503, -0.4627530763817652)
New position of object Bollard:2: (1.8524657650835188, 3.3452297937523454, -0.4563128051128128)
New position of object Fence:5: (-11.331986463402822, -5.968986030580641, 1.5298890178327496)
New position of object Fence:8: (-7.221102554450155, -5.107042581416007, 0.6283796509449219)
New position of object Fence:9: (-4.345317780949234, -9.828648496567393, 1.106830326925658)
New position of object Railing:6: (-5.582703939864331, -11.132204368775774, 0.999438948272362)
New position of object Fence:4: (-9.303757517656162, -5.5450428834175405, 1.406481183716199)

After Updating position of all the atoms:
Atom 0: [(14, 21.95756256546554), (12, 15.7698194787712), (9, 13.558295021623648), (17, 3.935367772113799), (13, 24.30020979756221), (22, 16.512217629339627), (3, 14.576262915155622), (4, 1.1117806443967018), (11, 18.344906847036583), (1, 13.773395679315637), (7, 15.620295888279967), (10, 22.397392572509087), (18, 20.939494990075175), (5, 13.14799837650621), (16, 9.523051436098292), (6, 17.166061736541646), (2, 15.039233782970417), (8, 13.431638202884878), (20, 19.43275783320487), (26, 17.01100676475548), (24, 11.679861325221022), (21, 8.585786008342051), (19, 11.07077885172779), (23, 14.133648494782134), (15, 20.500829556313757)]
Atom 1: [(18, 19.176891697876464), (11, 7.981964713421721), (12, 10.363514046593954), (22, 11.742404155245262), (4, 13.661478156116225), (10, 11.929570104757305), (9, 4.501721731418043), (5, 7.607269047073225), (3, 14.223893688475485), (0, 13.780409243425831), (16, 14.82297580509237), (17, 14.894786439899953), (14, 9.794021679460515), (13, 12.236459012997349), (7, 9.525841558343998), (8, 10.714411791871257), (6, 7.703448319566816), (2, 1.8074811596422227), (20, 18.66684406327581), (26, 13.476524666405314), (24, 19.420398776552354), (21, 16.880635932790497), (19, 16.98615619477141), (23, 19.67258498795992), (15, 10.084652196926509)]
Atom 2: [(16, 16.64165829731052), (22, 13.2445577026874), (5, 7.098392070729965), (3, 13.80256627167849), (1, 1.8378002769015984), (4, 15.060826828486277), (14, 9.848904687420719), (12, 11.861834025826344), (18, 18.291028729238196), (8, 10.258357191556987), (9, 3.8833507642593688), (17, 15.792972828698431), (6, 6.228554127326719), (7, 8.54139058765539), (10, 12.42449402530083), (11, 8.80997863176647), (0, 15.117756196785782), (13, 12.218936243033305), (24, 19.792111286611487), (21, 17.446555673101145), (19, 17.24979821565691), (23, 19.749401425759523), (15, 10.696639141770346)]
Atom 3: [(14, 23.55614269575597), (13, 25.897972727674187), (1, 14.148733726415772), (4, 14.976439140224596), (2, 13.716649836990063), (9, 9.861560923248232), (11, 22.10371092813329), (18, 6.442075568097432), (6, 9.682793115593514), (10, 26.012187201172953), (22, 24.583165761516632), (17, 11.862251163478794), (12, 23.289981168279486), (16, 22.410648909672375), (5, 6.633086074176559), (7, 6.1778260703299255), (8, 3.462275213901914), (0, 14.611798471598433), (21, 9.120342686727183), (19, 6.717203660247514), (23, 7.440906379447596), (15, 24.182957330466284)]
Atom 4: [(11, 17.951718892730117), (16, 8.879621721642229), (1, 13.565377531861277), (6, 17.272014606704126), (13, 23.9511807188286), (3, 14.975260018734206), (17, 4.37669568643178), (22, 15.999192480026922), (9, 13.522999800867076), (12, 15.290133443629113), (18, 21.351932162834363), (8, 13.67669054798456), (10, 22.01599736603257), (0, 1.1375919778914896), (7, 15.848676496463503), (2, 14.969406101997777), (14, 21.62397242649457), (5, 13.25293868888411), (21, 9.141692151540221), (19, 11.576070784546296), (23, 14.671023307631662), (15, 20.129497553228962)]
Atom 5: [(6, 4.523156799253722), (11, 15.504895493531045), (10, 19.350257363189368), (8, 3.2655594937493264), (7, 2.9874195333714195), (17, 12.126640467064192), (13, 19.19971271654833), (12, 17.29005599554835), (22, 18.63871276142462), (0, 13.203645739775686), (14, 16.849754523514846), (3, 6.726433062191135), (9, 3.1373783541736437), (4, 13.304554161074078), (1, 7.528666934790185), (18, 11.76718067303567), (16, 18.53700615700925), (2, 7.004930106105724), (23, 13.132393680052619), (15, 17.549567797318392)]
Atom 6: [(1, 7.672487392906988), (0, 17.236130975214586), (10, 18.017837575146125), (22, 19.323534496554327), (9, 4.254520689971151), (5, 4.616982097804803), (2, 6.1801539353580335), (18, 12.8602226023862), (8, 6.831014810776622), (4, 17.33816359671703), (7, 3.669933315940172), (16, 21.359854238948678), (13, 17.10364928054414), (12, 17.92704943377485), (14, 14.988811034588903), (3, 9.799332113050857), (17, 16.542496919051338), (11, 14.805798915834119), (23, 16.940913516310008), (15, 16.45509934365481)]
Atom 7: [(16, 21.29417374061079), (2, 8.46113610132489), (22, 20.900696159260626), (10, 20.767082379572873), (9, 5.095055117639319), (0, 15.660915669720572), (5, 2.9863942052908072), (3, 6.282652075217841), (1, 9.459004807494532), (4, 15.885305689685403), (6, 3.5625575563221252), (18, 9.893464041662579), (8, 3.5589119904622577), (17, 14.290652509395471), (13, 20.222964119865402), (14, 17.989692065278373), (12, 19.51812954844093), (11, 17.216189851790464), (23, 13.45482589404175), (15, 19.06830155475453)]
Atom 8: [(12, 20.048121876571372), (14, 20.007398519693815), (16, 20.15830779513525), (6, 6.734559230014203), (13, 22.35398770227524), (11, 18.597779041550336), (17, 11.499367762935407), (7, 3.47486478280698), (3, 3.555788608618261), (22, 21.37031383269629), (9, 6.30584807429257), (1, 10.627631026445298), (2, 10.164241129416501), (5, 3.1712138575778748), (4, 13.688835189534151), (10, 22.480206674975122), (0, 13.447575023729653), (15, 20.662513307447746)]
Atom 9: [(13, 16.0014050058467), (14, 13.642954195643927), (11, 12.375670660463305), (7, 5.134575908693882), (6, 4.219019147209571), (22, 15.975933252583333), (8, 6.387593951749418), (16, 17.261900378805656), (17, 13.445201039309213), (12, 14.604425348163026), (1, 4.448495532860861), (3, 9.943369498970451), (2, 3.8009685673079376), (4, 13.599251501796545), (10, 16.16519254728621), (5, 3.2180005753695813), (0, 13.63755405531077), (15, 14.386391752402472)]
Atom 10: [(7, 20.859175773933067), (17, 24.90355396477581), (22, 8.461386622301722), (3, 26.114204772024436), (6, 18.100869097278036), (1, 12.034541753740156), (4, 22.133893760173315), (11, 4.393363635030683), (16, 18.026190968022988), (8, 22.5815422435114), (5, 19.450615313403638), (2, 12.520544123302658), (14, 3.6712308498202932), (9, 16.264359645217077), (0, 22.515098670996835), (13, 3.548349547049407), (12, 8.07918334818411), (15, 2.0757335912665913)]
Atom 11: [(9, 12.447775226019617), (3, 22.183444105947466), (12, 5.601283566830046), (22, 6.5790630157470895), (17, 20.698563323110886), (0, 18.445078119856813), (14, 4.1376070365375766), (6, 14.85855999891549), (2, 8.87290724007291), (10, 4.295932047999628), (16, 14.838688302319134), (7, 17.28214415409319), (13, 6.080419055412298), (5, 15.580517823437296), (4, 18.052094938010235), (1, 8.058889921547168), (8, 18.67581590898348), (15, 2.2659960184477512)]
Atom 12: [(14, 9.532111840844733), (16, 10.073908291990973), (11, 5.549109435831909), (0, 15.862667724766421), (2, 11.881759099709036), (1, 10.392189924433998), (5, 17.33764450060815), (10, 7.993091534924189), (7, 19.557995530207243), (3, 23.349206996162206), (8, 20.10227706106067), (22, 1.3849293906920164), (9, 14.642643427430412), (4, 15.383990132146508), (17, 18.873464951275473), (6, 17.951669863019756), (13, 11.019996915844589), (15, 6.559359138478278)]
Atom 13: [(11, 8.910392984257811), (15, 7.448208245289911), (7, 21.292817054947122), (9, 17.517856498007514), (10, 6.0771529881875965), (12, 13.866041530729058), (6, 17.973267679578054), (18, 29.94408761542401), (17, 28.548100430783023), (1, 12.388356306505353), (8, 23.7998045385123), (0, 26.824960181867645), (5, 20.6807164922252), (4, 26.505924831012656), (16, 23.552823843956112), (3, 27.271146066802757), (14, 2.4586858452278455), (2, 12.302547193885152), (20, 30.84667359893834), (21, 30.749182711663124), (19, 30.984805433551756), (22, 13.457308435019655), (23, 33.259859679854664), (24, 32.739978230467266), (25, 32.45449385560718), (26, 24.725756056410756)]
Atom 14: [(11, 7.63549129203171), (10, 5.890029268718136), (15, 6.626152239085152), (12, 12.931859413028299), (1, 9.908642469431548), (4, 24.70144595645097), (17, 26.559076901761216), (6, 15.805383123622187), (9, 15.34515372303644), (8, 21.599847009402644), (18, 27.77921405950586), (0, 25.024528280155955), (16, 22.260922004902334), (3, 25.058441391028495), (2, 9.82643554505063), (13, 2.1085166541050295), (7, 19.095945891705526), (5, 18.466984414780388), (20, 28.645189129746505), (21, 28.742258766982427), (19, 28.869655765231215), (22, 11.963628453378773), (23, 30.837116805690517), (24, 30.283802419139192), (25, 30.169537098333517), (26, 22.49762220457526)]
Atom 15: [(8, 20.662513307447746), (12, 6.559359138478278), (7, 19.06830155475453), (1, 10.084652196926509), (22, 6.7251986270818), (9, 14.386391752402472), (5, 17.549567797318392), (16, 16.4178048167703), (14, 3.3076195719043486), (3, 24.182957330466284), (17, 22.840659227458673), (10, 2.0757335912665913), (4, 20.129497553228962), (2, 10.696639141770346), (0, 20.500829556313757), (6, 16.45509934365481), (13, 4.498126748740375), (11, 2.2659960184477512)]
Atom 16: [(6, 21.338753114337507), (2, 16.597556767202423), (13, 20.806620142943697), (9, 17.230462597982605), (7, 21.298046191310185), (17, 13.250906365913004), (12, 9.983380490593293), (18, 28.82257977842534), (3, 22.409482519810087), (0, 9.558649188328639), (22, 9.948724656715706), (5, 18.532639448555248), (1, 14.778252863140802), (8, 20.18280676783351), (11, 14.755024678584792), (10, 17.92096334642966), (4, 8.952494168015635), (14, 18.967562262234786), (24, 21.12304211140371), (21, 17.990880090210876), (19, 20.25447912337099), (23, 23.417709114361028), (15, 16.4178048167703)]
Atom 17: [(3, 11.805278977821308), (12, 18.784164518231286), (16, 13.215763818673373), (1, 14.782735256201756), (4, 4.310372966515545), (9, 13.35147996256964), (2, 15.70693845875712), (11, 20.598458110897184), (13, 26.27888209885299), (10, 24.78562570058065), (8, 11.4580627487782), (22, 19.661626274177323), (7, 14.228298557956714), (5, 12.047013323583988), (14, 23.856544322283842), (6, 16.453688085521883), (18, 17.97255412793215), (0, 3.8414503773681674), (20, 16.378037416020238), (26, 14.777478377154138), (24, 7.881223471969415), (21, 4.785411380205197), (19, 7.38864952504017), (23, 10.385102631297578), (15, 22.840659227458673)]
Atom 18: [(3, 3.1641628127008032), (2, 16.719651141206814), (13, 28.832558595068992), (12, 26.444795121863095), (8, 6.534608240744564), (7, 8.80353286250843), (17, 13.888561741180483), (6, 12.270155802215909), (11, 25.210194905318648), (10, 29.069066491900397), (14, 26.524911556891464), (1, 17.246562028840117), (22, 27.736427917377178), (4, 17.43669851779582), (5, 9.758812402420952), (9, 12.888402094024487), (0, 17.010325585130552), (16, 25.262535700340397)]
Atom 19: [(9, 13.676230691164657), (3, 6.717203660247514), (8, 8.517159994248807), (12, 23.99573966991383), (13, 29.20564642592667), (5, 10.929270262385112), (0, 11.07077885172779), (22, 25.10048770036966), (4, 11.576070784546296), (7, 11.84446801857319), (16, 20.25447912337099), (2, 17.24979821565691), (11, 24.353722615924056), (18, 11.563831085383287), (1, 16.98615619477141), (10, 28.53537470128467), (14, 26.756001694885608), (6, 15.116179166990344), (17, 7.38864952504017)]
Atom 20: [(5, 11.105202526896102), (12, 28.209277605912618), (4, 19.875084526258167), (13, 29.80815204584064), (8, 8.159117413594167), (18, 1.8096392300637079), (3, 5.206431618959263), (1, 18.66684406327581), (11, 26.59905814497762), (17, 16.378037416020238), (0, 19.43275783320487), (2, 17.861197821314473), (14, 27.57661654782733), (7, 9.501854038816877), (22, 29.535020651669853), (16, 27.562742019900885), (9, 14.214639722321051), (6, 12.731732253285108), (10, 30.298665767612782)]
Atom 21: [(1, 16.880635932790497), (18, 14.442219315004422), (9, 14.219624077218361), (16, 17.990880090210876), (0, 8.585786008342051), (8, 10.121874894560438), (14, 26.505303916161946), (7, 13.361897366287), (5, 11.927693756021839), (2, 17.446555673101145), (12, 22.707938085179), (6, 16.33739112318931), (4, 9.141692151540221), (22, 23.714333321019232), (11, 23.720694708517794), (17, 4.785411380205197), (13, 28.963439408713526), (10, 27.93454421756476), (3, 9.120342686727183)]
Atom 22: [(0, 17.37335516696228), (9, 16.340044725740334), (10, 7.745608460259029), (7, 21.282974551032176), (5, 19.083454593676866), (1, 12.03124001986649), (17, 20.485781912679283), (16, 10.832617867048528), (13, 11.038919382754203), (3, 25.133046187229766), (4, 16.865502031752804), (14, 9.907934345072004), (11, 6.254966793378701), (12, 1.800531956520813), (2, 13.459899242697055), (8, 21.87379102855717), (6, 19.573698452672094), (15, 6.7251986270818)]
Atom 23: [(1, 19.67258498795992), (10, 31.377744784629236), (5, 13.132393680052619), (0, 14.133648494782134), (12, 27.106489619323884), (22, 28.23481416351304), (11, 27.23715447909131), (4, 14.671023307631662), (6, 16.940913516310008), (9, 16.024156024566533), (18, 10.455760587355233), (7, 13.45482589404175), (13, 31.864082599059245), (3, 7.440906379447596), (2, 19.749401425759523), (17, 10.385102631297578), (14, 29.43139631671097), (16, 23.417709114361028), (8, 10.184083762443851)]
Atom 24: [(17, 7.881223471969415), (11, 26.55786481760891), (18, 13.411155625059378), (13, 31.60290672748475), (5, 13.646129824442493), (3, 9.17771287517935), (2, 19.792111286611487), (0, 11.679861325221022), (7, 14.556077236448745), (22, 26.8214904307825), (10, 30.756627822338825), (4, 12.184623706317698), (14, 29.146152315190097), (16, 21.12304211140371), (12, 25.787304343960468), (6, 17.837713875077142), (8, 11.266098724653187), (9, 16.312085085501206), (1, 19.420398776552354)]
Atom 25: [(0, 19.70420489818557), (16, 28.30286052681438), (22, 31.191175865003565), (11, 28.356339325852435), (6, 14.98811884844819), (18, 3.9273029525122616), (8, 9.71058030686816), (9, 16.018055840239388), (10, 32.14074621410631), (1, 20.62293612599948), (3, 6.39682737460396), (7, 11.609160081815412), (14, 29.883958557516074), (17, 16.33529055522575), (12, 29.673636533088796), (2, 19.885148026983053), (13, 32.16341244042263), (4, 20.20026000112373), (5, 12.894760813949596)]
Atom 26: [(13, 24.361607813191686), (11, 21.3195832834363), (18, 5.816574822013675), (1, 13.476524666405314), (12, 23.31954229451286), (16, 23.989261833208758), (22, 24.68290610015212), (6, 7.3076442600173515), (10, 24.91421168392569), (14, 22.143543435291974), (9, 9.034666148326025), (0, 17.01100676475548), (3, 3.857684040758553), (7, 4.07116479508945), (4, 17.38908579113324), (5, 6.172692213627864), (8, 3.970683512243083), (17, 14.777478377154138), (2, 12.5308453271341)]
New position of object Informational Sign:1: (11.046890973335671, -6.514807826595241, 0.8964708096443085)
New position of object Pedestrian:2: (-0.9743996630877589, -0.07250695021916087, -0.10987292427296573)
New position of object Trash Can:1: (13.329386367786682, -3.479821692894191, 0.13721917940999506)
New position of object Service Vehicle:1: (12.384246732012436, 12.878414480887809, 0.1367588043588318)
New position of object Fence:3: (7.678137684460502, 10.14438117566555, 0.6908777147289594)
New position of object Pedestrian:1: (-1.5021534556307117, 1.6760350375764492, 0.07876332580847811)
New position of object Railing:2: (4.780190577635487, -13.664618933993982, -0.18083957738540568)
New position of object Bike:2: (18.070848474612077, 2.658658630554065, -0.031712728924142716)
New position of object Bollard:4: (10.531324833421472, 8.033060041991552, -0.4628576047855802)
New position of object Railing:1: (10.618324743731627, -6.934055351999682, -0.04381633585136778)
New position of object Bike:1: (15.810770539215902, 0.5722643036110107, 0.02294619210717075)
New position of object Bollard:7: (15.527376091095789, 3.517852183548671, -0.33443708118340854)
New position of object Bollard:1: (4.587095298804243, 4.863141219869014, -0.4977661559364475)
New position of object Fence:1: (0.7966584578262328, 7.326622054284815, 0.5642770333834245)
New position of object Fence:2: (4.360454200549711, 7.625392055955395, 0.6378734659148867)
New position of object Bollard:8: (17.673960272706246, 5.882000608498183, -0.3415884943302375)
New position of object Bollard:6: (12.67913348885049, 10.33217187908156, -0.4607657334810899)
New position of object Bollard:3: (7.414276233847552, 6.323220844692104, -0.4637878508062416)
New position of object Bollard:2: (1.745706673302461, 3.3731165573035806, -0.45649589373401006)
New position of object Fence:5: (-11.455960686292544, -5.972490284684891, 1.5374961477103748)
New position of object Fence:8: (-7.320247424614074, -5.105385497468159, 0.6331042156088373)
New position of object Fence:9: (-4.439674134509339, -9.826570842181322, 1.1147104015916052)
New position of object Railing:6: (-5.669827248821942, -11.139338261577656, 0.9993956934444099)
New position of object Fence:4: (-9.400040971942733, -5.537964695556511, 1.4231618177830445)

After Updating position of all the atoms:
Atom 0: [(12, 15.746297388527793), (14, 21.83757512131547), (7, 15.602855071532789), (22, 17.259037639522102), (17, 3.9062162068706523), (13, 24.17982237728824), (3, 14.59998067257559), (2, 15.012327409431128), (8, 13.407444341408217), (4, 1.093857710794356), (16, 9.484647959930234), (10, 22.39449252356553), (9, 13.549458302573122), (5, 13.137703971854453), (1, 13.67032670890213), (11, 18.32411698789691), (6, 17.158554287068775), (20, 19.454119209660945), (26, 16.99762764196907), (24, 11.590944331738031), (21, 8.583949274920071), (19, 11.056407554233548), (23, 14.11140310937298), (18, 16.980195283533554), (15, 20.477027418440358)]
Atom 1: [(11, 8.056851922405041), (6, 7.667195813154871), (3, 14.150154224072446), (4, 13.57208992828457), (12, 10.393543843713083), (2, 1.8296755732355405), (14, 9.789049903040025), (16, 14.784999585544451), (5, 7.52976035848006), (13, 12.23155396934115), (22, 12.032620168855788), (17, 14.788376177933147), (10, 12.030664532683957), (0, 13.675796022824859), (9, 4.448832789746009), (7, 9.456237587956172), (8, 10.628888090982102), (20, 18.60754219754982), (26, 13.412397515486315), (24, 19.240240410979702), (21, 16.798074580372134), (19, 16.88933719277814), (23, 19.577312907218804), (18, 17.16972436690611), (15, 10.15937278339082)]
Atom 2: [(8, 10.148172928117756), (11, 8.889240624767707), (22, 13.474031785126991), (7, 8.444846091440944), (3, 13.700580386675888), (9, 3.784968654548167), (10, 12.537054273923552), (0, 15.007900200722473), (1, 1.8361663278342957), (6, 6.165503097363485), (16, 16.602706329921997), (12, 11.8953036262363), (5, 6.988844993988009), (17, 15.70225618328703), (4, 14.96545557645144), (14, 9.86480751914816), (13, 12.234540512407966), (24, 19.597963124912585), (21, 17.348163091143363), (19, 17.133823319923852), (23, 19.636450284065756), (18, 16.623137370135424), (15, 10.780808257045628)]
Atom 3: [(10, 26.03906131530543), (0, 14.620329739946449), (8, 3.4768438912232553), (17, 11.86320725345766), (12, 23.29847736645251), (14, 23.474382730350463), (4, 14.994379845958722), (2, 13.620195294940036), (7, 6.183130503968265), (11, 22.11338449590273), (16, 22.448704914555275), (22, 25.082017352079014), (9, 9.86399462686295), (1, 14.07858340315051), (6, 9.699986621793935), (13, 25.814401726089347), (5, 6.64695104316102), (21, 9.15270590259208), (19, 6.735289303744549), (23, 7.460496223583137), (18, 3.1462678900101224), (15, 24.18654842172998)]
Atom 4: [(9, 13.515699762808326), (11, 17.945333360950812), (1, 13.471320243959632), (3, 14.973233043885791), (7, 15.825106568683141), (5, 13.239216850104354), (13, 23.844001686748182), (22, 16.76860659570762), (0, 1.1151580231963452), (2, 14.867907521616537), (14, 21.51678830484161), (8, 13.644832623914091), (16, 8.910840142283302), (12, 15.284412151652273), (17, 4.394810480431128), (6, 17.26183392028264), (10, 22.027802192352517), (21, 9.127474204093328), (19, 11.551000678743279), (23, 14.632906456295926), (18, 17.39377423906248), (15, 20.12053826195351)]
Atom 5: [(12, 17.268798984647166), (17, 12.101069773976905), (0, 13.157909460732112), (4, 13.2572865252217), (14, 16.75753754855744), (9, 3.1279341688289533), (7, 2.994390947856243), (6, 4.55196567945633), (11, 15.49536401480664), (1, 7.445892171473826), (16, 18.531476588819693), (10, 19.361392781137432), (2, 6.897027073596001), (8, 3.261164132920153), (3, 6.736725369644064), (13, 19.106956223377793), (21, 12.027204661188344), (22, 19.01361407463271), (23, 13.127395048558784), (18, 9.76692108352656), (15, 17.536047148675312)]
Atom 6: [(14, 14.900973169171582), (4, 17.326333318492726), (17, 16.55387790629997), (21, 16.472338913959224), (8, 6.846537916312988), (1, 7.637947044746744), (11, 14.794749645351718), (3, 9.814162707003907), (2, 6.119590950961339), (13, 17.010163361772847), (12, 17.917521909834576), (9, 4.24356183184922), (10, 18.022475647815625), (16, 21.37886632029845), (22, 19.534940578612414), (0, 17.226804708776168), (5, 4.64371456949693), (7, 3.6783371044179676), (23, 16.96322021393576), (18, 12.29948191129008), (15, 16.438003363490257)]
Atom 7: [(0, 15.643546976984895), (4, 15.862003453097147), (21, 13.462336011944178), (13, 20.13502798340441), (16, 21.309881220356072), (17, 14.283492967153787), (11, 17.21184007585304), (6, 3.5770546605599396), (2, 8.37123775861192), (5, 2.9951749898122095), (22, 21.233100269070505), (3, 6.281516253619288), (1, 9.395607458789975), (8, 3.5604216853105823), (9, 5.080062851867561), (12, 19.510354121349287), (14, 17.904575431656276), (10, 20.78113330153641), (23, 13.462845293769929), (18, 8.81669383629355), (15, 19.05890516675451)]
Atom 8: [(17, 11.46513760670691), (1, 10.554642253797473), (21, 10.188794226306534), (7, 3.49787600284201), (11, 18.602098379458717), (5, 3.182128073399217), (13, 22.27427767791384), (6, 6.771749878947788), (16, 20.162643824362913), (3, 3.5552134841785543), (10, 22.505454059746707), (22, 21.81179487535062), (2, 10.069429780901828), (14, 19.928307194684628), (9, 6.308900242216436), (12, 20.040902576236054), (4, 13.645426892641888), (0, 13.41123311383681), (15, 20.663241869777533)]
Atom 9: [(22, 16.31654631188535), (8, 6.390293368996799), (4, 13.606301797664589), (21, 14.349238990724018), (2, 3.703401616597691), (14, 13.559077061456172), (6, 4.192001383431946), (10, 16.194031726450383), (0, 13.642345725912959), (12, 14.622967151440337), (5, 3.2086392833608457), (7, 5.110420319603709), (3, 9.944958532204462), (1, 4.403572109074807), (13, 15.91422433325766), (16, 17.308047539853234), (17, 13.472078366514506), (11, 12.38925831889711), (15, 14.393337791458551)]
Atom 10: [(13, 3.501647591310619), (3, 26.145699065307408), (11, 4.416957768489086), (1, 12.140294464693447), (6, 18.109119811295457), (7, 20.877516734329856), (8, 22.61140179736812), (4, 22.15173207213209), (12, 8.100411824812992), (17, 24.94970141880672), (9, 16.29725107433034), (16, 18.048105958432696), (2, 12.637488652265631), (21, 28.08206377589003), (5, 19.466197576519065), (22, 7.8362809922116385), (14, 3.708877868817185), (0, 22.518511376543938), (15, 2.1044454610323133)]
Atom 11: [(17, 20.71945306739843), (0, 18.42301837903159), (1, 8.133367403124899), (4, 18.044240807216262), (16, 14.84397458113496), (5, 15.570330871386362), (10, 4.321333088491062), (8, 18.679464729247343), (12, 5.602127825385552), (3, 22.192307576927988), (9, 12.460487518415087), (14, 4.060257618907062), (6, 14.847346902805569), (7, 17.277485647993036), (22, 6.282977336048693), (21, 23.82544841383605), (13, 5.987915291826337), (2, 8.952383801376588), (15, 2.2664635397204047)]
Atom 12: [(2, 11.91688533584599), (22, 1.739104237717701), (17, 18.893814463672378), (11, 5.551507728282114), (10, 8.016293514307412), (21, 22.790529413817573), (13, 10.946165570023341), (8, 20.095361842915334), (1, 10.423506794392743), (4, 15.377001017084481), (9, 14.661492843644467), (14, 9.470931307369565), (5, 17.31676319399007), (7, 19.550975453277907), (0, 15.838216491462024), (16, 10.07049989888027), (6, 17.943081743495714), (3, 23.357781278011654), (15, 6.5644896312605745)]
Atom 13: [(11, 8.910392984257811), (15, 7.448208245289911), (7, 21.292817054947122), (9, 17.517856498007514), (10, 6.0771529881875965), (12, 13.866041530729058), (6, 17.973267679578054), (18, 29.94408761542401), (17, 28.548100430783023), (1, 12.388356306505353), (8, 23.7998045385123), (0, 26.824960181867645), (5, 20.6807164922252), (4, 26.505924831012656), (16, 23.552823843956112), (3, 27.271146066802757), (14, 2.4586858452278455), (2, 12.302547193885152), (20, 30.84667359893834), (21, 30.749182711663124), (19, 30.984805433551756), (22, 13.457308435019655), (23, 33.259859679854664), (24, 32.739978230467266), (25, 32.45449385560718), (26, 24.725756056410756)]
Atom 14: [(11, 7.63549129203171), (10, 5.890029268718136), (15, 6.626152239085152), (12, 12.931859413028299), (1, 9.908642469431548), (4, 24.70144595645097), (17, 26.559076901761216), (6, 15.805383123622187), (9, 15.34515372303644), (8, 21.599847009402644), (18, 27.77921405950586), (0, 25.024528280155955), (16, 22.260922004902334), (3, 25.058441391028495), (2, 9.82643554505063), (13, 2.1085166541050295), (7, 19.095945891705526), (5, 18.466984414780388), (20, 28.645189129746505), (21, 28.742258766982427), (19, 28.869655765231215), (22, 11.963628453378773), (23, 30.837116805690517), (24, 30.283802419139192), (25, 30.169537098333517), (26, 22.49762220457526)]
Atom 15: [(8, 20.663241869777533), (13, 4.420199657625817), (16, 16.42237182584993), (10, 2.1044454610323133), (3, 24.18654842172998), (9, 14.393337791458551), (14, 3.2729107334407646), (7, 19.05890516675451), (5, 17.536047148675312), (22, 6.743104476012224), (11, 2.2664635397204047), (4, 20.12053826195351), (0, 20.477027418440358), (6, 16.438003363490257), (21, 25.978462604084626), (12, 6.5644896312605745), (17, 22.858619124536652), (1, 10.15937278339082), (2, 10.780808257045628)]
Atom 16: [(0, 9.56827729484014), (22, 10.732928943633512), (4, 8.964609150795846), (12, 9.982367744271837), (8, 20.191345784273324), (14, 18.892123506123692), (5, 18.555179459517536), (9, 17.262167066102688), (6, 21.358658027196967), (11, 14.762045442009292), (2, 16.579231118936782), (13, 20.724952807527206), (10, 17.937435912425084), (1, 14.76027958014198), (17, 13.301127954930253), (7, 21.311092877911218), (3, 22.456779274960773), (24, 21.05025454954585), (21, 18.01122059300438), (19, 20.267286507055932), (23, 23.416777590069064), (18, 25.26494858680712), (15, 16.42237182584993)]
Atom 17: [(13, 26.19830093588143), (11, 20.620661516348576), (0, 3.8726462652120954), (12, 18.80539588271857), (4, 4.347421575124548), (8, 11.440081497476735), (16, 13.217954731776606), (10, 24.825768433178343), (7, 14.222471135246469), (5, 12.054720035026307), (22, 20.419832108827364), (9, 13.366125636577715), (6, 16.467013366157932), (14, 23.775630592119068), (1, 14.706092039708981), (2, 15.710454496820715), (3, 11.82268652808826), (20, 16.385517381525876), (26, 14.760150854859138), (24, 7.758282128246945), (21, 4.7528650985400525), (19, 7.34990191315369), (23, 10.331906697535947), (18, 13.840216081944302), (15, 22.858619124536652)]
Atom 18: [(17, 13.840216081944302), (2, 16.623137370135424), (5, 9.76692108352656), (16, 25.26494858680712), (14, 26.44394146214702), (0, 16.980195283533554), (6, 12.29948191129008), (4, 17.39377423906248), (11, 25.210612356797995), (8, 6.543228971368278), (13, 28.751170219708115), (7, 8.81669383629355), (10, 29.089935319559718), (22, 28.21960934695954), (9, 12.885422520552947), (3, 3.1462678900101224), (1, 17.16972436690611), (21, 10.26142893187421), (12, 26.433841504131973)]
Atom 19: [(8, 8.516473095160709), (5, 10.938765072226513), (12, 23.98187427783808), (1, 16.88933719277814), (2, 17.133823319923852), (9, 13.676542860168256), (16, 20.267286507055932), (4, 11.551000678743279), (21, 2.9806917277183884), (3, 6.735289303744549), (7, 11.844898248642261), (13, 29.1030009550912), (10, 28.54647382670124), (14, 26.65339694310171), (0, 11.056407554233548), (11, 24.34767147908073), (6, 15.130330224177008), (22, 25.73011584042719), (17, 7.34990191315369)]
Atom 20: [(17, 16.385517381525876), (2, 17.85822297940241), (16, 27.565025032371018), (12, 28.221092760812052), (7, 9.517896692093748), (0, 19.454119209660945), (11, 26.609924416295726), (14, 27.501297347459197), (13, 29.729806841571143), (5, 11.12233296279972), (9, 14.218008107620475), (8, 8.185801610544273), (6, 12.751533656946826), (22, 30.001089163898296), (1, 18.60754219754982), (4, 19.90317411677339), (10, 30.325320028166423), (3, 5.206462439843146)]
Atom 21: [(2, 17.348163091143363), (13, 28.874074986494563), (5, 11.953728842131374), (6, 16.367328428893263), (10, 27.960473714116077), (4, 9.127474204093328), (16, 18.01122059300438), (0, 8.583949274920071), (9, 14.239146707703307), (1, 16.798074580372134), (14, 26.415943004457283), (12, 22.70730473360772), (3, 9.15270590259208), (8, 10.133856320374365), (22, 24.405509117672263), (11, 23.729480705867417), (17, 4.7528650985400525), (7, 13.378046735722391), (19, 2.9806917277183884), (23, 5.638941491808256), (18, 10.26142893187421), (15, 25.978462604084626)]
Atom 22: [(4, 16.85457181361137), (13, 10.987161914764824), (17, 20.50321097918118), (14, 9.871984748219548), (0, 17.344899636342678), (3, 25.14351547041241), (12, 1.8027569065175093), (6, 19.57029524635809), (1, 12.07279057853614), (8, 21.86951395366012), (2, 13.507437269869659), (11, 6.266310091505313), (10, 7.775937903006779), (5, 19.0663395360873), (9, 16.362185322684248), (16, 10.815399684813698), (21, 24.48532559728483), (7, 21.28032772690193), (15, 6.743104476012224)]
Atom 23: [(5, 13.127395048558784), (17, 10.331906697535947), (6, 16.96322021393576), (4, 14.632906456295926), (13, 31.764872112246), (22, 28.847078810631206), (3, 7.460496223583137), (10, 31.389381300945594), (12, 27.088208105898403), (1, 19.577312907218804), (16, 23.416777590069064), (0, 14.11140310937298), (2, 19.636450284065756), (14, 29.332156734415978), (8, 10.191377494910771), (21, 5.638941491808256), (7, 13.462845293769929), (11, 27.229837707939293), (9, 16.02398378334074)]
Atom 24: [(0, 11.590944331738031), (8, 11.208317417851053), (17, 7.758282128246945), (14, 28.959555729454234), (2, 19.597963124912585), (3, 9.177678248979078), (9, 16.238460607445823), (12, 25.684891067980953), (6, 17.792345977997897), (13, 31.416376462875583), (1, 19.240240410979702), (16, 21.05025454954585), (4, 12.099504551381694), (11, 26.465536535654003), (22, 27.399666382495475), (10, 30.682267758534895), (5, 13.587522283022949), (7, 14.503829128289675)]
Atom 25: [(0, 19.70420489818557), (16, 28.30286052681438), (22, 31.191175865003565), (11, 28.356339325852435), (6, 14.98811884844819), (18, 3.9273029525122616), (8, 9.71058030686816), (9, 16.018055840239388), (10, 32.14074621410631), (1, 20.62293612599948), (3, 6.39682737460396), (7, 11.609160081815412), (14, 29.883958557516074), (17, 16.33529055522575), (12, 29.673636533088796), (2, 19.885148026983053), (13, 32.16341244042263), (4, 20.20026000112373), (5, 12.894760813949596)]
Atom 26: [(4, 17.383732949141105), (22, 25.072658874762396), (10, 24.93450145495679), (3, 3.8238230554028143), (1, 13.412397515486315), (12, 23.316483701282706), (16, 23.969159320049837), (7, 4.084004631939989), (11, 21.321284959467686), (8, 3.978214357813196), (14, 22.0655040267192), (5, 6.174046319818951), (6, 7.329486556367675), (9, 9.026791174897346), (13, 24.281240495986413), (0, 16.99762764196907), (17, 14.760150854859138), (2, 12.520978437414316)]
New position of object Informational Sign:1: (10.975325015782879, -6.496509411151951, 0.9442604860467491)
New position of object Pedestrian:2: (-0.9759097965252543, -0.06559271546961654, -0.12679253894385373)
New position of object Trash Can:1: (13.274716574054423, -3.4279560711751813, 0.15451405631207918)
New position of object Service Vehicle:1: (12.217891678004719, 12.808407922253664, 0.15596762873164294)
New position of object Fence:3: (7.583541140611089, 10.156600525162196, 0.6862598379891424)
New position of object Pedestrian:1: (-1.3964449293228007, 1.68969135492698, 0.08540973347904587)
New position of object Railing:2: (4.667918310385627, -13.688080000250899, -0.19088065923555964)
New position of object Bike:2: (17.93648955172003, 2.6953135970642315, -0.023775385159947746)
New position of object Bollard:4: (10.468692604351688, 7.993440311801718, -0.4498976217325442)
New position of object Railing:1: (10.545090796777721, -6.943648254216473, -0.04735336171554699)
New position of object Bike:1: (15.72831834755327, 0.564509173650503, 0.026207037157376212)
New position of object Bollard:7: (15.43182811036781, 3.544164234663219, -0.3577923592244457)
New position of object Scooter:1: (18.50494824902637, 3.5356024461062923, 0.05689835904732126)
New position of object Bollard:1: (4.497400471774043, 4.858311399620543, -0.49020260091675116)
New position of object Fence:1: (0.6903103609915853, 7.3247331553713035, 0.560527668135376)
New position of object Fence:2: (4.26850773969641, 7.627371197154476, 0.6331774868541877)
New position of object Bollard:8: (17.56157969324063, 5.920133658238914, -0.33137193297943335)
New position of object Bollard:6: (12.585726279793079, 10.357554665662953, -0.4633465741765701)
New position of object Bollard:3: (7.314307469436784, 6.342246027556701, -0.45566936385195467)
New position of object Bollard:2: (1.6542845479228951, 3.347185048476799, -0.4520780058923439)
New position of object Fence:5: (-11.581123279215024, -5.977185907043122, 1.5307794140730082)
New position of object Fence:8: (-7.415830175002423, -5.106002157584683, 0.6276525071098479)
New position of object Fence:9: (-4.529940779773327, -9.82753383055497, 1.1081539822689228)
New position of object Railing:6: (-5.750286452908732, -11.150715701762277, 0.9808987977427309)
New position of object Fence:4: (-9.49294449057659, -5.535044824421352, 1.4271591937004813)

After Updating position of all the atoms:
Atom 0: [(4, 1.1380647831161794), (9, 13.58519377633456), (2, 14.940784353755044), (14, 21.764071696671927), (10, 22.445246776173036), (12, 15.77151105987148), (3, 14.604297517416077), (6, 17.170573777049817), (17, 3.9106681410090456), (8, 13.379430196343977), (1, 13.607899351686608), (16, 9.540824649416498), (21, 8.613821176970742), (11, 18.35102217560832), (22, 17.280624801705496), (7, 15.597387279766357), (13, 24.106333499837646), (5, 13.112230253161865), (20, 19.360919678274165), (26, 16.996965398012623), (24, 11.570847650829407), (19, 11.062137619180625), (27, 12.574812360253118), (23, 14.113079531323308), (18, 16.989238528330187), (15, 20.496528044972777)]
Atom 1: [(21, 16.79946189491574), (2, 1.8309704619307945), (14, 9.790930073063432), (3, 14.075424151444167), (7, 9.392163838144858), (12, 10.431475779130816), (10, 12.144659829646885), (22, 12.080107673514043), (8, 10.551100708977547), (17, 14.709458183304768), (0, 13.613811283695435), (11, 8.138032581788304), (6, 7.633113032852773), (13, 12.233059913813475), (5, 7.4415768033747485), (4, 13.476236069992796), (9, 4.3977974002509175), (16, 14.767163799859837), (20, 18.436275195435563), (26, 13.357338401107436), (24, 19.113138552003218), (19, 16.80171328696266), (27, 19.811768702685182), (23, 19.48099816571406), (18, 17.10769543258066), (15, 10.240583593681517)]
Atom 2: [(3, 13.52074757131704), (0, 14.859750979486755), (12, 11.95596080845128), (5, 6.7980608871141195), (9, 3.60564818232206), (13, 12.33719141933651), (6, 6.067454496492338), (8, 9.969955914358186), (1, 1.8173887229006722), (21, 17.2435729792213), (14, 9.965639548811117), (7, 8.287318419089075), (11, 9.031305258872095), (16, 16.552237290765795), (4, 14.789874811463802), (17, 15.538277589343748), (10, 12.728371447185339), (22, 13.55290255571753), (24, 19.359378944901827), (19, 16.935946128133256), (27, 19.986836945706383), (23, 19.428768530940616), (18, 16.460075928738107), (15, 10.933910993810589)]
Atom 3: [(10, 26.07081458903151), (9, 9.87106471900858), (16, 22.445587433576982), (5, 6.662901069815197), (2, 13.446385892456535), (0, 14.565678707273632), (7, 6.215245920752816), (21, 9.156158106924266), (22, 25.072205529284037), (17, 11.776560590095091), (8, 3.4812763997102127), (13, 25.740329131828876), (1, 14.00111903896729), (14, 23.40003471882297), (6, 9.747894200861634), (12, 23.286480940990373), (4, 14.933767728898422), (11, 22.117832577253584), (19, 6.666127439605138), (27, 9.20383427651369), (23, 7.390649232261646), (18, 3.1734916315326007), (15, 24.186984265901955)]
Atom 4: [(5, 13.232568145467681), (11, 17.97254968673362), (0, 1.1697575181438258), (17, 4.455524533018781), (3, 14.942707030325863), (9, 13.565846628212828), (7, 15.842228416233622), (2, 14.736093591721858), (8, 13.637640309039359), (13, 23.7737291469562), (16, 8.947017161985027), (6, 17.292965028734013), (22, 16.781628807951343), (12, 15.303751660430198), (10, 22.079428482866593), (14, 21.447339875199006), (1, 13.418174736075416), (21, 9.17721454222905), (19, 11.574574927188854), (27, 13.159973188483916), (23, 14.655670168034776), (18, 17.426097268241083), (15, 20.14152946217756)]
Atom 5: [(13, 19.022631462412342), (1, 7.371161638494674), (10, 19.388851424972163), (9, 3.1271006735154807), (4, 13.268644444200053), (7, 2.99132834246311), (17, 12.087976097139924), (3, 6.744404163447282), (21, 12.034821677222247), (16, 18.549590397506947), (8, 3.2641724269185266), (0, 13.151165210371477), (6, 4.571649181737537), (2, 6.716315668517438), (11, 15.498189438257437), (27, 14.080492646498808), (14, 16.674558565515312), (12, 17.265364598510033), (22, 19.01357981242496), (23, 13.108221558265415), (18, 9.78076746078506), (15, 17.533621474665694)]
Atom 6: [(17, 16.55754970975625), (9, 4.2146734202736535), (16, 21.399165782492894), (4, 17.351453104379353), (1, 7.606945192230287), (11, 14.787905636547663), (12, 17.91064175965243), (7, 3.6832504598494307), (27, 18.220111884801153), (22, 19.53371159942715), (8, 6.874879362586541), (3, 9.85316638572221), (14, 14.819934135079002), (0, 17.232397494472096), (21, 16.496296888199325), (10, 18.03614479258125), (2, 6.027767479443942), (13, 16.92390987545277), (5, 4.6563081391978995), (23, 16.953115157017617), (18, 12.318573158391096), (15, 16.426308753419015)]
Atom 7: [(17, 14.267486718328493), (4, 15.879963002492348), (22, 21.238973657578473), (21, 13.475150917811956), (14, 17.829943750377062), (6, 3.591707708244688), (2, 8.22482705974176), (1, 9.341475445307202), (3, 6.304708608923901), (8, 3.5777088356446964), (27, 14.82399769026194), (10, 20.809443333388675), (5, 2.9970096540913693), (11, 17.216920145837904), (16, 21.335113320090084), (0, 15.638483751466856), (9, 5.064641728459559), (12, 19.51164775755022), (13, 20.05759012437336), (23, 13.436918454753226), (18, 8.822266774013586), (15, 19.059306649559115)]
Atom 8: [(16, 20.206124057312486), (4, 13.679169190132782), (5, 3.1840570908718826), (3, 3.560424336606891), (14, 19.846844395138305), (11, 18.61192876590341), (6, 6.773128897107422), (7, 3.4805215355622967), (2, 9.890209245707243), (9, 6.31070878118972), (12, 20.051254701906895), (21, 10.21812248291721), (22, 21.82454485117538), (13, 22.190722974262194), (1, 10.483141687464013), (27, 11.5486109520439), (0, 13.423728776843728), (10, 22.537710749641576), (17, 11.461049234285525), (15, 20.666368810388292)]
Atom 9: [(14, 13.465470759336243), (11, 12.376016863843018), (2, 3.513278918256816), (5, 3.219978958055898), (6, 4.21610073726934), (3, 9.964009339181011), (1, 4.320970376045412), (12, 14.599280893375086), (8, 6.403613248652801), (13, 15.819910685752749), (17, 13.464951971510029), (0, 13.628274916587204), (4, 13.60556826656281), (16, 17.301747535684346), (27, 16.85940168640284), (10, 16.207815513803673), (22, 16.297507389899668), (21, 14.354458157655536), (7, 5.131465273026338), (15, 14.376587049926139)]
Atom 10: [(0, 22.57004787411331), (21, 28.122288572091954), (11, 4.440824221289798), (5, 19.493878428849072), (16, 18.06802019329354), (9, 16.311089406128545), (2, 12.829566382168098), (17, 25.02409746429289), (4, 22.203465987615118), (1, 12.254184259081109), (13, 3.4568089745412527), (3, 26.178156141448028), (6, 18.12375575810692), (7, 20.906947808246898), (27, 31.588560708247474), (12, 8.12349516454794), (22, 7.865977774499273), (14, 3.7490212159655334), (8, 22.64402095732235), (15, 2.136987725826117)]
Atom 11: [(13, 5.9002614508195315), (3, 22.194879191700245), (8, 18.68723970544666), (5, 15.571198064122717), (2, 9.094420062733713), (12, 5.601651441845959), (4, 18.06729803412637), (27, 27.329285474224537), (17, 20.763873035554912), (1, 8.212642032428006), (16, 14.84382141162133), (14, 3.9885446024746694), (6, 14.840390849100423), (7, 17.281856961028552), (22, 6.291888727446002), (10, 4.350202981402403), (21, 23.836275846807737), (9, 12.445447882999474), (0, 18.446363877092388), (15, 2.266647840277046)]
Atom 12: [(0, 15.859881845449177), (5, 17.312471919502734), (2, 11.979619276768489), (8, 20.10456517079102), (11, 5.554466725797122), (27, 26.65116624283245), (14, 9.414788803513893), (1, 10.461917772308128), (4, 15.391834532420964), (16, 10.059419445007862), (13, 10.87746427998281), (3, 23.34467064609537), (6, 17.93742398754864), (17, 18.943860432708536), (22, 1.7412640216115738), (9, 14.637355782453236), (21, 22.793907735691207), (7, 19.552800529522926), (10, 8.045058485066), (15, 6.569522967928907)]
Atom 13: [(11, 8.910392984257811), (15, 7.448208245289911), (7, 21.292817054947122), (9, 17.517856498007514), (10, 6.0771529881875965), (12, 13.866041530729058), (6, 17.973267679578054), (18, 29.94408761542401), (17, 28.548100430783023), (1, 12.388356306505353), (8, 23.7998045385123), (0, 26.824960181867645), (5, 20.6807164922252), (4, 26.505924831012656), (16, 23.552823843956112), (3, 27.271146066802757), (14, 2.4586858452278455), (2, 12.302547193885152), (20, 30.84667359893834), (21, 30.749182711663124), (19, 30.984805433551756), (22, 13.457308435019655), (23, 33.259859679854664), (24, 32.739978230467266), (25, 32.45449385560718), (26, 24.725756056410756), (27, 32.00386179987098)]
Atom 14: [(11, 7.63549129203171), (10, 5.890029268718136), (15, 6.626152239085152), (12, 12.931859413028299), (1, 9.908642469431548), (4, 24.70144595645097), (17, 26.559076901761216), (6, 15.805383123622187), (9, 15.34515372303644), (8, 21.599847009402644), (18, 27.77921405950586), (0, 25.024528280155955), (16, 22.260922004902334), (3, 25.058441391028495), (2, 9.82643554505063), (13, 2.1085166541050295), (7, 19.095945891705526), (5, 18.466984414780388), (20, 28.645189129746505), (21, 28.742258766982427), (19, 28.869655765231215), (22, 11.963628453378773), (23, 30.837116805690517), (24, 30.283802419139192), (25, 30.169537098333517), (26, 22.49762220457526), (27, 29.550326792725986)]
Atom 15: [(11, 2.266647840277046), (5, 17.533621474665694), (9, 14.376587049926139), (14, 3.2432825859241627), (27, 29.46245499817738), (16, 16.420111778294284), (22, 6.763312570814334), (12, 6.569522967928907), (4, 20.14152946217756), (3, 24.186984265901955), (8, 20.666368810388292), (1, 10.240583593681517), (10, 2.136987725826117), (7, 19.059306649559115), (6, 16.426308753419015), (21, 25.98613717100615), (17, 22.900345827381948), (13, 4.346744681738292), (0, 20.496528044972777), (2, 10.933910993810589)]
Atom 16: [(5, 18.553935426887573), (1, 14.745476011697537), (14, 18.81643646296133), (21, 18.09879270505604), (11, 14.76677736311787), (13, 20.642403142818534), (10, 17.958203834049108), (8, 20.200720820945712), (7, 21.331794548735875), (22, 10.713628026635984), (6, 21.381642089130278), (17, 13.396507638224694), (0, 9.632788397187806), (3, 22.500254048521285), (12, 9.978179249656465), (9, 17.311681035653667), (2, 16.53265525365973), (4, 9.00254483945528), (24, 21.083132896311607), (19, 20.318460942440414), (27, 22.094796423087818), (23, 23.468026856357376), (18, 25.31715756560785), (15, 16.420111778294284)]
Atom 17: [(6, 16.4781913663475), (1, 14.644622654414384), (2, 15.633692823053494), (0, 3.9149611188122533), (16, 13.306340613800806), (8, 11.393529280868734), (5, 12.026742168477337), (11, 20.66870484880997), (3, 11.800942180892468), (9, 13.399477278929023), (22, 20.471320937450592), (4, 4.40323570430422), (12, 18.859053162470175), (10, 24.899672519619457), (7, 14.208244606638587), (13, 26.141918069123605), (21, 4.738210934937076), (14, 23.718417089828584), (20, 16.270722070667176), (26, 14.738127740987103), (24, 7.6979442613086295), (19, 7.316149916628303), (27, 8.709534971617927), (23, 10.295633161025405), (18, 13.816539568928743), (15, 22.900345827381948)]
Atom 18: [(9, 12.895287809522756), (21, 10.296566789534499), (16, 25.31715756560785), (12, 26.45285326014019), (7, 8.822266774013586), (10, 29.132051967778725), (3, 3.1734916315326007), (6, 12.318573158391096), (4, 17.426097268241083), (27, 9.046926306625538), (22, 28.24041881953702), (11, 25.229992309621167), (17, 13.816539568928743), (1, 17.10769543258066), (13, 28.68004425363606), (14, 26.374880140487935), (0, 16.989238528330187), (5, 9.78076746078506), (2, 16.460075928738107), (8, 6.558943905192687)]
Atom 19: [(9, 13.687546152826464), (17, 7.316149916628303), (4, 11.574574927188854), (6, 15.144153653495291), (14, 26.56739354346165), (2, 16.935946128133256), (21, 3.0188915647612427), (7, 11.841583138062266), (13, 29.01661431608964), (22, 25.743485853035533), (16, 20.318460942440414), (0, 11.062137619180625), (8, 8.486196366964084), (11, 24.360901620017096), (3, 6.666127439605138), (1, 16.80171328696266), (10, 28.58517129805176), (12, 23.996279343763472), (5, 10.925544503843824)]
Atom 20: [(0, 19.360919678274165), (22, 29.90278258942979), (21, 12.753418517009043), (1, 18.436275195435563), (10, 30.250323044137602), (8, 8.09422446073334), (7, 9.425243255127445), (6, 12.675222331063813), (12, 28.120027563449703), (11, 26.5117055958361), (3, 5.102097585151521), (17, 16.270722070667176), (16, 27.500072503252337), (14, 27.323820171129093), (13, 29.551158252206843), (9, 14.109092581756046), (5, 11.035564517235075), (4, 19.808164582943228), (2, 17.668483947890934)]
Atom 21: [(10, 28.000024701488073), (14, 26.33308665121975), (8, 10.125519807342902), (3, 9.114787790187888), (2, 17.16179061722165), (6, 16.40030966152049), (11, 23.743470974579857), (9, 14.270063307073894), (4, 9.12379783516903), (17, 4.687899645387267), (13, 28.791222117473495), (12, 22.713592939610812), (5, 11.953227028624289), (1, 16.716808162755978), (0, 8.561060168098173), (7, 13.396213575575159), (22, 24.409174011250247), (16, 18.042058480398367), (19, 3.0188915647612427), (27, 4.066695316915926), (23, 5.671985851657109), (18, 10.296566789534499), (15, 25.98613717100615)]
Atom 22: [(0, 17.361136413353506), (21, 24.484452095434957), (12, 1.8045076082468512), (17, 20.549322816790152), (16, 10.786578473685262), (2, 13.588005374527645), (7, 21.28646740929771), (8, 21.880380538329614), (27, 28.370021642520467), (11, 6.2799188420883), (1, 12.120297198320834), (3, 25.131676615886846), (13, 10.943266548549468), (9, 16.34228320614643), (10, 7.8145017322969625), (5, 19.064841341177267), (14, 9.843264623189302), (6, 19.570391147812778), (4, 16.861080591742304), (15, 6.763312570814334)]
Atom 23: [(17, 10.295633161025405), (14, 29.235089332083067), (13, 31.667005562916817), (9, 16.020137062485453), (11, 27.2322897975339), (22, 28.85298586223375), (12, 27.09437260271948), (5, 13.108221558265415), (4, 14.655670168034776), (6, 16.953115157017617), (1, 19.48099816571406), (10, 31.415677962263747), (3, 7.390649232261646), (7, 13.436918454753226), (0, 14.113079531323308), (8, 10.156169590558608), (2, 19.428768530940616), (21, 5.671985851657109), (27, 2.593585771350252), (16, 23.468026856357376)]
Atom 24: [(2, 19.359378944901827), (17, 7.6979442613086295), (11, 26.44210959558762), (1, 19.113138552003218), (8, 11.138774397308167), (13, 31.29035520446095), (10, 30.683619798287516), (9, 16.21074070200092), (6, 17.76425156318403), (12, 25.66683543231197), (14, 28.833730275971455), (22, 27.38069874918217), (4, 12.094655189536443), (0, 11.570847650829407), (3, 9.138971211851988), (5, 13.532570737770328), (16, 21.083132896311607), (7, 14.458637165002015), (21, 3.004696744820693)]
Atom 25: [(0, 19.70420489818557), (16, 28.30286052681438), (22, 31.191175865003565), (11, 28.356339325852435), (6, 14.98811884844819), (18, 3.9273029525122616), (8, 9.71058030686816), (9, 16.018055840239388), (10, 32.14074621410631), (1, 20.62293612599948), (3, 6.39682737460396), (7, 11.609160081815412), (14, 29.883958557516074), (17, 16.33529055522575), (12, 29.673636533088796), (2, 19.885148026983053), (13, 32.16341244042263), (4, 20.20026000112373), (5, 12.894760813949596)]
Atom 26: [(21, 12.648588434201605), (10, 24.967474910850484), (2, 12.443427554244032), (16, 24.001273555716985), (4, 17.373354340741077), (3, 3.8104230448275085), (12, 23.325274132021644), (22, 25.085191578669782), (11, 21.331993729421807), (0, 16.996965398012623), (1, 13.357338401107436), (13, 24.207911246948495), (7, 4.098493257134988), (17, 14.738127740987103), (8, 4.005753371065954), (5, 6.196879590081446), (9, 9.022297749036971), (14, 21.995051279163704), (6, 7.354280012355657)]
Atom 27: [(0, 12.574812360253118), (13, 32.00386179987098), (1, 19.811768702685182), (4, 13.159973188483916), (3, 9.20383427651369), (10, 31.468270709074414), (21, 4.066695316915926), (16, 22.094796423087818), (7, 14.73535282967534), (12, 26.572962530109933), (5, 13.992020678373526), (11, 27.238564892665543), (8, 11.447486021547979), (22, 28.295970673768238), (6, 18.116644008145883), (17, 8.709534971617927), (2, 19.986836945706383), (9, 16.767890550582734), (14, 29.550326792725986), (23, 2.593585771350252), (18, 9.046926306625538), (15, 29.46245499817738)]

========= Final Results =========
Total objects inserted: 12, atoms updated: 1470, atoms deleted: 1470.

Total time to build octree: 0.001044 seconds
Total time to process trajectories: 0.247651 seconds
